EMA_Span,Derivadas,Rolling,Roll_Window,Squared,MW_Window,N_Features,Components_C,RMSE,R2,Jarque_Bera_Stat,Jarque_Bera_p,Lag_Top_Temp,Lag_Top_Pressure,Lag_Reflux_Flow,Lag_Flow_To_Next_Process,Lag_Temp_Sixth_Tray,Lag_Bottom_Temp_1,Lag_Bottom_Temp_2
21,False,True,18.0,True,200,29,16,0.01683096206861675,0.9934777218987324,160.6528,0.0,10,0,2,16,9,10,10
21,False,True,16.0,True,200,29,16,0.017191499627958816,0.9931661344364164,14.0489,0.00089,10,0,2,16,9,10,10
18,False,True,12.0,False,300,22,20,0.017439696448646624,0.9929217056158962,19.7746,5.1e-05,10,0,2,17,9,11,11
18,False,True,16.0,True,200,29,16,0.017558311471457165,0.9928866108859915,107.4561,0.0,10,0,2,17,9,11,11
21,False,True,8.0,True,200,29,20,0.017426089950077626,0.9928547682073309,1259.4756,0.0,10,0,2,16,9,10,10
18,False,True,12.0,True,300,29,18,0.017531656985283466,0.9928468602845673,15.1044,0.000525,10,0,2,17,9,11,11
18,False,True,18.0,True,200,29,16,0.017771794872542965,0.9927436725035792,218.8604,0.0,10,0,2,17,9,11,11
21,False,True,18.0,True,200,29,14,0.017758973692385268,0.992738653553479,8.4964,0.01429,10,0,2,16,9,10,10
21,False,True,18.0,False,200,22,16,0.017777766037722086,0.992723277672934,145.4845,0.0,10,0,2,16,9,10,10
18,False,True,12.0,False,300,22,18,0.017710682991537312,0.9927000245913544,18.2357,0.00011,10,0,2,17,9,11,11
21,False,True,12.0,True,300,29,20,0.017717474543725385,0.9926784305736321,14.9056,0.00058,10,0,2,16,9,10,10
21,False,True,12.0,False,300,22,18,0.017738806160435848,0.9926607898052184,25.3811,3e-06,10,0,2,16,9,10,10
21,False,True,16.0,False,200,22,16,0.017865124666371007,0.992620090960775,20.287,3.9e-05,10,0,2,16,9,10,10
21,False,True,8.0,True,300,29,20,0.01775101845946396,0.9925858226501033,24.5389,5e-06,10,0,2,16,9,10,10
21,False,True,16.0,True,200,29,14,0.018009241244721818,0.9925005444010361,21.7856,1.9e-05,10,0,2,16,9,10,10
21,False,True,16.0,True,200,29,18,0.018066230932794955,0.9924530057109485,1070.4457,0.0,10,0,2,16,9,10,10
21,False,True,18.0,False,200,22,14,0.018123686258267505,0.9924373413049201,0.0248,0.987664,10,0,2,16,9,10,10
18,False,True,16.0,False,200,22,16,0.01814150699729241,0.9924062238712149,106.8152,0.0,10,0,2,17,9,11,11
21,False,True,12.0,True,300,29,18,0.018058990484183034,0.9923934541339325,33.851,0.0,10,0,2,16,9,10,10
18,False,True,16.0,True,200,29,14,0.018268696119555203,0.9922993715059044,132.3369,0.0,10,0,2,17,9,11,11
21,False,True,12.0,False,300,22,20,0.018174812546691406,0.9922955714737994,203.3501,0.0,10,0,2,16,9,10,10
18,False,True,12.0,True,300,29,20,0.018232533101356144,0.9922634951988144,36.6986,0.0,10,0,2,17,9,11,11
21,False,True,16.0,False,200,22,18,0.0183420989370149,0.9922207635857343,1595.3064,0.0,10,0,2,16,9,10,10
18,False,True,8.0,True,200,29,20,0.01820429088566917,0.9922194447870225,1170.6086,0.0,10,0,2,17,9,11,11
18,False,True,18.0,True,200,29,14,0.01842668511884218,0.9921990279709579,71.0252,0.0,10,0,2,17,9,11,11
18,False,True,12.0,True,200,29,18,0.018326424682232518,0.9921836090958257,327.3545,0.0,10,0,2,17,9,11,11
18,False,True,12.0,True,200,29,20,0.018376203558917975,0.9921410891174646,529.5417,0.0,10,0,2,17,9,11,11
21,False,True,18.0,False,200,22,18,0.018500143426950024,0.9921199019576714,2508.4324,0.0,10,0,2,16,9,10,10
18,False,True,12.0,False,400,22,20,0.01842228037753708,0.9921016285623875,24.6573,4e-06,10,0,2,17,9,11,11
18,False,True,18.0,False,200,22,14,0.01856793741353203,0.9920789707174826,7.4628,0.023959,10,0,2,17,9,11,11
18,False,True,18.0,False,200,22,16,0.018629160256253684,0.9920266496208905,171.1014,0.0,10,0,2,17,9,11,11
21,False,True,8.0,False,400,22,20,0.018411391637397204,0.9920239172427581,8.5514,0.013903,10,0,2,16,9,10,10
21,False,True,12.0,False,300,22,16,0.01853088871602242,0.991990727941784,34.2928,0.0,10,0,2,16,9,10,10
18,False,True,12.0,False,200,22,18,0.018566767256854324,0.9919772480508259,144.9133,0.0,10,0,2,17,9,11,11
18,False,True,16.0,False,200,22,14,0.018773891992430475,0.9918675818988243,19.5888,5.6e-05,10,0,2,17,9,11,11
21,False,True,12.0,True,300,29,16,0.018686532624931928,0.9918556205971636,32.6522,0.0,10,0,2,16,9,10,10
18,False,True,12.0,False,200,22,20,0.01870824060309904,0.9918545201947476,279.5509,0.0,10,0,2,17,9,11,11
21,True,True,12.0,False,400,29,20,0.018696967951881926,0.9918465217456723,15.1292,0.000518,10,0,2,16,9,10,10
21,False,True,8.0,False,300,22,18,0.018615985273070467,0.9918456664434957,16.1078,0.000318,10,0,2,16,9,10,10
21,False,True,12.0,True,200,29,20,0.01870351590645414,0.9918408098084115,1784.1181,0.0,10,0,2,16,9,10,10
18,True,True,12.0,True,200,36,18,0.01872516886428114,0.9918397725552157,343.0671,0.0,10,0,2,17,9,11,11
18,False,True,12.0,True,300,29,16,0.01873845784534913,0.9918281860548908,15.3022,0.000476,10,0,2,17,9,11,11
21,False,True,12.0,True,200,29,18,0.018743440922362634,0.9918059389869822,514.8146,0.0,10,0,2,16,9,10,10
21,False,True,16.0,False,200,22,14,0.01883315289669122,0.9917986570824282,1.4744,0.478451,10,0,2,16,9,10,10
21,True,True,12.0,True,400,36,20,0.018766489825465426,0.991785774040464,24.9018,4e-06,10,0,2,16,9,10,10
18,False,True,16.0,True,200,29,18,0.018870261586000827,0.9917838774324098,8013.4867,0.0,10,0,2,17,9,11,11
18,False,True,12.0,False,200,22,16,0.018842772074886962,0.991736950247046,18.2012,0.000112,10,0,2,17,9,11,11
18,False,True,12.0,False,300,22,16,0.018852461965637165,0.9917284495193889,15.8558,0.000361,10,0,2,17,9,11,11
18,False,True,16.0,False,200,22,18,0.018938325750304626,0.9917245001884263,1976.1908,0.0,10,0,2,17,9,11,11
21,False,True,18.0,True,200,29,18,0.018963418853699225,0.9917202980141191,15293.8073,0.0,10,0,2,16,9,10,10
21,False,True,8.0,False,300,22,20,0.01880644020865356,0.9916779635394914,132.6488,0.0,10,0,2,16,9,10,10
18,False,True,12.0,True,200,29,16,0.018916870940828234,0.9916718338715235,82.2297,0.0,10,0,2,17,9,11,11
21,False,True,12.0,False,200,22,16,0.01890510566935377,0.9916639796076057,6.2424,0.044105,10,0,2,16,9,10,10
18,False,True,12.0,False,400,22,18,0.018962455733057174,0.9916316480354594,11.0291,0.004028,10,0,2,17,9,11,11
21,False,True,8.0,True,300,29,18,0.01888475908645523,0.991608505450308,21.6531,2e-05,10,0,2,16,9,10,10
21,False,True,8.0,True,200,29,18,0.01890862399679229,0.9915872831724816,944.0374,0.0,10,0,2,16,9,10,10
21,False,True,16.0,False,300,22,20,0.019190911987582524,0.9914841082138811,3.8734,0.144181,10,0,2,16,9,10,10
21,False,True,16.0,True,300,29,16,0.019214264740017275,0.9914633702196197,2.9301,0.231063,10,0,2,16,9,10,10
21,True,True,16.0,True,400,36,20,0.019223048585564083,0.9914555633554852,15.8307,0.000365,10,0,2,16,9,10,10
21,False,True,16.0,False,300,22,18,0.019244086086647634,0.9914368512397057,5.2724,0.071634,10,0,2,16,9,10,10
21,False,True,12.0,False,400,22,20,0.019167135550236053,0.9914312992016402,14.8303,0.000602,10,0,2,16,9,10,10
21,True,True,12.0,False,200,29,18,0.019178025922696816,0.9914215593160774,918.4721,0.0,10,0,2,16,9,10,10
21,False,True,8.0,False,400,22,18,0.019102002889220336,0.9914143292086668,4.603,0.100107,10,0,2,16,9,10,10
18,False,True,16.0,True,300,29,18,0.01936306151352867,0.9913491432888611,18.6967,8.7e-05,10,0,2,17,9,11,11
18,False,True,18.0,False,200,22,18,0.019420578279906446,0.9913347996849874,1736.201,0.0,10,0,2,17,9,11,11
18,False,True,16.0,False,300,22,18,0.019386486469349616,0.9913281994402692,5.3924,0.067462,10,0,2,17,9,11,11
21,False,True,12.0,False,200,22,18,0.019293759093581924,0.9913177106937705,224.8542,0.0,10,0,2,16,9,10,10
21,False,True,16.0,True,300,29,18,0.019397660859145058,0.9912996318323058,18.1,0.000117,10,0,2,16,9,10,10
21,False,True,12.0,True,200,29,16,0.019313960947768674,0.9912995193015582,40.5322,0.0,10,0,2,16,9,10,10
21,False,True,12.0,False,400,22,18,0.019340317629028336,0.9912757569811922,14.4732,0.00072,10,0,2,16,9,10,10
21,False,True,16.0,True,300,29,14,0.019429943151501965,0.9912706487970762,12.5584,0.001875,10,0,2,16,9,10,10
21,True,True,16.0,False,400,29,20,0.0194590036492159,0.9912445170686314,10.8403,0.004426,10,0,2,16,9,10,10
21,True,True,18.0,True,400,36,20,0.01952096299298019,0.991226277253201,12.7761,0.001682,10,0,2,16,9,10,10
21,False,True,12.0,False,200,22,20,0.019395465140245375,0.9912259329567097,579.8144,0.0,10,0,2,16,9,10,10
21,False,True,16.0,False,300,22,16,0.01949763800808546,0.991209715876048,5.6934,0.058036,10,0,2,16,9,10,10
21,False,True,8.0,False,200,22,20,0.01933929113678726,0.9911996990994002,196.5459,0.0,10,0,2,16,9,10,10
18,False,True,16.0,True,200,29,12,0.019549035660289843,0.9911821695080776,74.1453,0.0,10,0,2,17,9,11,11
18,False,True,8.0,True,300,29,20,0.019393295373635273,0.991169886615413,13.1889,0.001368,10,0,2,17,9,11,11
21,True,True,12.0,False,300,29,20,0.019458565188959446,0.9911687500379078,8602.8158,0.0,10,0,2,16,9,10,10
21,True,True,16.0,False,400,29,18,0.019592582831492258,0.9911238978893446,9.4771,0.008752,10,0,2,16,9,10,10
21,False,True,12.0,True,400,29,20,0.01950798487972116,0.99112383492141,44.5125,0.0,10,0,2,16,9,10,10
18,False,True,16.0,False,300,22,16,0.01962366281122274,0.9911147180379557,6.3769,0.041236,10,0,2,17,9,11,11
18,False,True,12.0,True,400,29,20,0.0195864549802243,0.9910718299117928,164.0155,0.0,10,0,2,17,9,11,11
18,False,True,8.0,False,400,22,20,0.01950125304473335,0.9910713028739006,1.81,0.404542,10,0,2,17,9,11,11
21,True,True,16.0,False,300,29,14,0.019671117676597526,0.9910525973973546,3.6458,0.161559,10,0,2,16,9,10,10
18,False,True,12.0,True,400,29,18,0.019628375101318717,0.9910335717901169,15.7658,0.000377,10,0,2,17,9,11,11
18,True,True,18.0,True,400,36,20,0.019769485244191178,0.991020647635573,14.9575,0.000565,10,0,2,17,9,11,11
18,True,True,16.0,False,300,29,14,0.01973840673647029,0.9910105058065531,2.7185,0.25685,10,0,2,17,9,11,11
18,False,True,16.0,True,300,29,16,0.019743160162173378,0.9910061755646467,8.5892,0.013642,10,0,2,17,9,11,11
18,False,True,16.0,False,200,22,12,0.01976660640244435,0.99098480142004,16.6482,0.000243,10,0,2,17,9,11,11
18,True,True,12.0,True,400,36,20,0.01968736658623666,0.9909795950590599,17.2037,0.000184,10,0,2,17,9,11,11
18,True,True,16.0,True,400,36,20,0.01977663956577464,0.9909756472017,17.4532,0.000162,10,0,2,17,9,11,11
21,False,True,8.0,True,400,29,20,0.01958819490205188,0.9909717151655713,16.2641,0.000294,10,0,2,16,9,10,10
18,False,True,8.0,False,300,22,20,0.01961499381177653,0.9909668461533412,4.5018,0.105306,10,0,2,17,9,11,11
18,False,True,8.0,True,300,29,18,0.019642479978545714,0.9909415123973847,25.6208,3e-06,10,0,2,17,9,11,11
18,True,True,16.0,False,400,29,20,0.019854158479781045,0.9909047626550679,13.1096,0.001423,10,0,2,17,9,11,11
21,False,True,12.0,True,400,29,18,0.019748011505885656,0.9909040661523403,43.4975,0.0,10,0,2,16,9,10,10
18,False,True,18.0,False,200,22,12,0.019906998559785567,0.9908952953599649,20.5384,3.5e-05,10,0,2,17,9,11,11
18,False,True,18.0,True,200,29,12,0.019925585861932944,0.9908782851711015,194.1816,0.0,10,0,2,17,9,11,11
21,True,True,12.0,False,400,29,18,0.01980801659176552,0.9908487054886036,15.278,0.000481,10,0,2,16,9,10,10
18,False,True,8.0,False,300,22,18,0.019749069403384528,0.9908429343439957,5.062,0.079581,10,0,2,17,9,11,11
15,False,True,18.0,True,200,29,16,0.020016047337540015,0.9908149906438182,318.5012,0.0,11,1,3,18,10,11,11
21,True,True,18.0,False,400,29,20,0.019974772779864005,0.9908136047839878,8.872,0.011843,10,0,2,16,9,10,10
18,False,True,8.0,True,200,29,18,0.01978652648665689,0.990808165896279,2486.5555,0.0,10,0,2,17,9,11,11
18,False,True,8.0,False,400,22,18,0.019791968765282608,0.9908031087780502,2.0342,0.36164,10,0,2,17,9,11,11
21,True,True,16.0,True,300,36,20,0.019945868759575627,0.9908009109929783,25074.1354,0.0,10,0,2,16,9,10,10
18,False,True,12.0,False,400,22,16,0.019892400617130174,0.9907907307199273,3.1935,0.202551,10,0,2,17,9,11,11
21,False,True,18.0,True,300,29,16,0.02001894473543914,0.9907729305079556,5.7134,0.057459,10,0,2,16,9,10,10
21,True,True,16.0,True,400,36,18,0.019978545586590006,0.9907707450198464,20.2201,4.1e-05,10,0,2,16,9,10,10
18,True,True,18.0,False,300,29,14,0.020046716050800165,0.9907670439250243,7.514,0.023353,10,0,2,17,9,11,11
18,False,True,18.0,True,300,29,16,0.020076922794542724,0.9907391982009377,14.0571,0.000886,10,0,2,17,9,11,11
15,True,True,18.0,True,400,36,20,0.02009933017994534,0.9907383975897737,13.1531,0.001393,11,1,3,18,10,11,11
21,True,True,18.0,False,400,29,18,0.020062797672298804,0.9907324611134677,7.1636,0.027826,10,0,2,16,9,10,10
18,True,True,12.0,True,300,36,20,0.019957687302557814,0.9907301820395852,21567.6601,0.0,10,0,2,17,9,11,11
18,True,True,12.0,False,400,29,20,0.020004298491622094,0.9906868321474567,11.3258,0.003472,10,0,2,17,9,11,11
18,False,True,16.0,False,300,22,20,0.020103331163530944,0.9906750368967779,776.7773,0.0,10,0,2,17,9,11,11
18,False,True,12.0,False,200,22,14,0.0200387278400618,0.9906547468200974,229.3604,0.0,10,0,2,17,9,11,11
15,True,True,12.0,True,200,36,18,0.020082363311812425,0.9906343075395414,208.2667,0.0,11,1,3,18,10,11,11
15,True,True,12.0,False,400,29,20,0.020093713287152124,0.9906237181068361,2.6959,0.259779,11,1,3,18,10,11,11
21,False,True,12.0,False,300,22,14,0.02005827352612266,0.9906160075730056,13.1758,0.001377,10,0,2,16,9,10,10
18,False,True,12.0,True,200,29,14,0.02008839211658653,0.990608366591849,203.2255,0.0,10,0,2,17,9,11,11
18,False,True,18.0,False,300,22,18,0.0202307773810807,0.9905967185775347,3.6604,0.160379,10,0,2,17,9,11,11
18,False,True,18.0,True,300,29,18,0.020231375078879635,0.9905961629485022,17.3604,0.00017,10,0,2,17,9,11,11
21,True,True,16.0,False,400,29,16,0.02020114613423919,0.990563934924207,5.3258,0.069747,10,0,2,16,9,10,10
21,False,True,12.0,False,400,22,16,0.020120530145355274,0.9905576653349998,7.1893,0.027471,10,0,2,16,9,10,10
18,True,True,16.0,False,400,29,18,0.020257280778301637,0.9905316704845238,10.2021,0.00609,10,0,2,17,9,11,11
18,True,True,18.0,False,400,29,20,0.02030395434059481,0.9905285701317997,9.9359,0.006957,10,0,2,17,9,11,11
15,True,True,12.0,True,300,36,16,0.02019587652908672,0.9905281313415021,6.2066,0.0449,11,1,3,18,10,11,11
21,False,True,4.0,True,200,29,20,0.019995560638958583,0.9905098778821557,704.9559,0.0,10,0,2,16,9,10,10
18,False,True,12.0,True,400,29,16,0.020194460059849283,0.9905089279604719,36.2079,0.0,10,0,2,17,9,11,11
15,True,True,16.0,True,400,36,20,0.020303941216010476,0.9905083410512604,10.9547,0.00418,11,1,3,18,10,11,11
21,True,True,18.0,True,300,36,14,0.020314581569398762,0.990498390168555,14.9348,0.000571,10,0,2,16,9,10,10
18,False,True,18.0,False,300,22,16,0.020339569989501146,0.9904953128681719,9.1129,0.010499,10,0,2,17,9,11,11
15,True,True,16.0,True,400,36,18,0.020320516075269923,0.9904928379404309,8.5178,0.014138,11,1,3,18,10,11,11
21,True,True,16.0,True,400,36,16,0.02028525243329913,0.9904851983389291,21.404,2.2e-05,10,0,2,16,9,10,10
18,False,True,16.0,True,300,29,14,0.0203117141553827,0.9904807173863818,13.6913,0.001064,10,0,2,17,9,11,11
21,True,True,12.0,True,300,36,20,0.020204362688015048,0.9904788181104683,52002.8311,0.0,10,0,2,16,9,10,10
21,False,True,18.0,True,200,29,12,0.020347327211668268,0.990467733659079,247.2725,0.0,10,0,2,16,9,10,10
21,False,True,16.0,False,300,22,14,0.020325493325313183,0.9904474108989332,8.1862,0.016688,10,0,2,16,9,10,10
21,False,True,12.0,True,400,29,16,0.020240058257441563,0.9904451457558711,75.2616,0.0,10,0,2,16,9,10,10
21,True,True,18.0,True,400,36,18,0.0203846918245761,0.9904326925490238,19.0106,7.4e-05,10,0,2,16,9,10,10
21,True,True,18.0,True,400,36,16,0.02038614507927689,0.9904313283655222,14.6918,0.000645,10,0,2,16,9,10,10
21,False,True,18.0,True,300,29,14,0.020387558120996623,0.9904300018370625,4.9441,0.084413,10,0,2,16,9,10,10
21,False,True,18.0,False,300,22,18,0.020399276837178064,0.9904189970543533,1.6033,0.448581,10,0,2,16,9,10,10
15,True,True,16.0,False,400,29,20,0.02043663072101661,0.9903838766581998,11.5969,0.003032,11,1,3,18,10,11,11
21,False,True,8.0,True,400,29,18,0.020244675561049103,0.9903564250213146,10.9473,0.004196,10,0,2,16,9,10,10
15,True,True,12.0,True,400,36,20,0.02038805765988411,0.9903470076992154,3.3146,0.190649,11,1,3,18,10,11,11
21,False,True,8.0,False,300,22,16,0.020255264584814442,0.9903463341951773,12.081,0.00238,10,0,2,16,9,10,10
21,False,True,12.0,False,200,22,14,0.02034693349726307,0.9903439727820574,123.1349,0.0,10,0,2,16,9,10,10
21,True,True,12.0,True,400,36,18,0.020364521813160796,0.9903272718221056,24.5041,5e-06,10,0,2,16,9,10,10
21,False,True,16.0,False,200,22,12,0.02047562663645746,0.9903057702023419,25.0698,4e-06,10,0,2,16,9,10,10
15,True,True,16.0,False,400,29,18,0.020521189848561355,0.9903041361934323,7.8068,0.020173,11,1,3,18,10,11,11
15,True,True,12.0,False,400,29,18,0.02045990626337467,0.9902788524988922,3.5484,0.16962,11,1,3,18,10,11,11
18,True,True,16.0,True,400,36,18,0.020537293163194924,0.9902681036804022,23.2321,9e-06,10,0,2,17,9,11,11
15,True,True,12.0,True,400,36,18,0.020471983788947153,0.9902673722839835,3.8691,0.144491,11,1,3,18,10,11,11
18,False,True,18.0,True,300,29,14,0.020595995657084854,0.9902541465893492,13.1132,0.001421,10,0,2,17,9,11,11
21,False,True,8.0,False,400,22,16,0.020353686410786574,0.9902522905166862,8.1777,0.016758,10,0,2,16,9,10,10
21,False,True,18.0,False,200,22,12,0.02058232908896233,0.9902462759211627,245.3409,0.0,10,0,2,16,9,10,10
18,False,True,16.0,False,300,22,14,0.02057572062170147,0.9902316507837369,10.8916,0.004314,10,0,2,17,9,11,11
21,False,True,8.0,False,200,22,18,0.020376339124431046,0.9902305809409387,655.4263,0.0,10,0,2,16,9,10,10
18,False,True,12.0,False,300,22,14,0.020496649967036276,0.9902227538967848,6.8862,0.031965,10,0,2,17,9,11,11
21,True,True,8.0,True,400,36,20,0.020389535507967432,0.9902179228528718,46.3815,0.0,10,0,2,16,9,10,10
18,False,True,16.0,True,300,29,20,0.020604146055665077,0.9902046421193549,4503.8886,0.0,10,0,2,17,9,11,11
18,True,True,12.0,False,200,29,16,0.020519604817387002,0.9902008419357985,700.9013,0.0,10,0,2,17,9,11,11
18,True,True,18.0,True,400,36,18,0.020672878528575078,0.9901812501176182,19.5911,5.6e-05,10,0,2,17,9,11,11
21,False,True,16.0,True,300,29,20,0.020614661648745564,0.990173670367533,4246.4891,0.0,10,0,2,16,9,10,10
21,False,True,16.0,True,200,29,12,0.020625624771339435,0.9901632160701438,163.9236,0.0,10,0,2,16,9,10,10
21,True,True,18.0,False,400,29,16,0.02067568649397719,0.9901575932966901,4.3998,0.110811,10,0,2,16,9,10,10
18,True,True,18.0,False,400,29,18,0.020725658612777885,0.9901310494647189,8.3135,0.015658,10,0,2,17,9,11,11
18,False,True,8.0,False,200,22,20,0.020505680190618162,0.990127857500643,163.9988,0.0,10,0,2,17,9,11,11
21,False,True,18.0,False,300,22,20,0.02071322340804717,0.9901218228812229,8.2426,0.016224,10,0,2,16,9,10,10
21,False,True,18.0,False,300,22,16,0.020743592468678827,0.9900928355167287,4.6514,0.097716,10,0,2,16,9,10,10
21,True,True,16.0,False,300,29,20,0.020704250885428443,0.9900880763077184,31641.5865,0.0,10,0,2,16,9,10,10
15,True,True,18.0,False,400,29,20,0.02079401211266505,0.9900871268363608,13.2651,0.001317,11,1,3,18,10,11,11
15,False,True,8.0,False,400,22,20,0.020589904060125473,0.9900684567409781,13.1756,0.001377,11,1,3,18,10,11,11
15,True,True,18.0,True,400,36,18,0.020830000616291797,0.9900527844318595,13.666,0.001078,11,1,3,18,10,11,11
18,True,True,12.0,True,400,36,18,0.020696744708178425,0.9900309249971585,27.4785,1e-06,10,0,2,17,9,11,11
18,True,True,12.0,False,400,29,18,0.020699464982729014,0.9900283042562089,11.3099,0.0035,10,0,2,17,9,11,11
18,True,True,16.0,True,300,36,20,0.020792061542744145,0.9900251546234661,52755.8148,0.0,10,0,2,17,9,11,11
15,False,True,16.0,True,200,29,16,0.02084686912673862,0.989993939830878,73.8603,0.0,11,1,3,18,10,11,11
15,True,True,16.0,True,400,36,16,0.020851445370541503,0.9899895463465208,18.9752,7.6e-05,11,1,3,18,10,11,11
21,True,True,18.0,False,300,29,14,0.020853614715790964,0.9899874633005405,266.7675,0.0,10,0,2,16,9,10,10
21,False,True,12.0,True,200,29,14,0.020726768188283146,0.9899800920818803,119.2138,0.0,10,0,2,16,9,10,10
15,True,True,12.0,True,300,36,20,0.02078140901910898,0.9899709398989746,3283.5165,0.0,11,1,3,18,10,11,11
15,False,True,18.0,False,200,22,16,0.02091836651644741,0.9899682084274796,209.7501,0.0,11,1,3,18,10,11,11
18,False,True,16.0,False,400,22,20,0.02087442629542313,0.9899459702725043,2.0167,0.364823,10,0,2,17,9,11,11
18,False,True,8.0,True,400,29,20,0.020730790928057716,0.9899099155872573,27.6355,1e-06,10,0,2,17,9,11,11
18,True,True,18.0,True,300,36,14,0.020957284312845832,0.9899092301239434,25.6109,3e-06,10,0,2,17,9,11,11
15,True,True,16.0,False,400,29,16,0.021038485191371196,0.9898091510755572,5.7307,0.056964,11,1,3,18,10,11,11
18,True,False,,True,200,22,20,0.02070027623831927,0.9898074740929754,7.6644,0.021662,10,0,2,17,9,11,11
15,True,True,18.0,False,400,29,18,0.02110071956968344,0.9897925444929991,16.7848,0.000227,11,1,3,18,10,11,11
18,True,True,16.0,True,400,36,16,0.021098590384422675,0.9897288765366559,20.6204,3.3e-05,10,0,2,17,9,11,11
18,False,True,16.0,True,400,29,16,0.021099019367270468,0.9897284588613035,22.9748,1e-05,10,0,2,17,9,11,11
21,False,True,8.0,True,200,29,16,0.020904061776846408,0.9897179957415496,464.2432,0.0,10,0,2,16,9,10,10
21,False,True,12.0,False,400,22,14,0.021037186327436338,0.9896777147328145,10.8983,0.0043,10,0,2,16,9,10,10
21,False,True,16.0,False,300,22,12,0.021129824825295688,0.9896764111502616,6.0039,0.04969,10,0,2,16,9,10,10
15,False,True,16.0,False,200,22,16,0.021177638271560637,0.9896738963008248,41.4952,0.0,11,1,3,18,10,11,11
15,False,True,12.0,False,300,22,18,0.02109148608889011,0.9896694221417667,1.3383,0.512149,11,1,3,18,10,11,11
15,False,True,12.0,True,300,29,18,0.021105594081845983,0.9896555973725992,1.8341,0.399692,11,1,3,18,10,11,11
18,True,True,16.0,False,400,29,16,0.02119249696900888,0.9896372426800335,4.3462,0.113825,10,0,2,17,9,11,11
21,False,True,16.0,True,300,29,12,0.02117151690662933,0.9896356312061969,12.9262,0.00156,10,0,2,16,9,10,10
18,False,True,18.0,False,300,22,14,0.02125728186820611,0.989618269420551,11.5822,0.003055,10,0,2,17,9,11,11
21,False,True,18.0,True,300,29,18,0.021248468751168422,0.9896047076605408,323.2038,0.0,10,0,2,16,9,10,10
18,True,True,18.0,False,400,29,16,0.021272827791574966,0.9896030790867739,2.4219,0.29792,10,0,2,17,9,11,11
21,False,True,12.0,True,300,29,14,0.02111778439738763,0.9895984693470085,29.0826,0.0,10,0,2,16,9,10,10
21,False,True,18.0,True,300,29,20,0.021257233159922128,0.9895961303477812,3615.2735,0.0,10,0,2,16,9,10,10
18,False,True,8.0,True,400,29,18,0.0210653502118526,0.9895816144940928,10.3297,0.005714,10,0,2,17,9,11,11
18,False,True,16.0,True,400,29,20,0.02125651827476676,0.9895745375293751,36.4769,0.0,10,0,2,17,9,11,11
18,False,True,16.0,True,400,29,18,0.021259634829243465,0.9895714802174288,46.1715,0.0,10,0,2,17,9,11,11
15,False,True,18.0,True,200,29,14,0.021334612695214954,0.9895649991096417,18.9918,7.5e-05,11,1,3,18,10,11,11
18,False,True,8.0,False,200,22,18,0.02108283401344194,0.9895643132316096,637.1881,0.0,10,0,2,17,9,11,11
21,True,True,12.0,False,400,29,16,0.021157496674388872,0.9895593121277524,7.9826,0.018476,10,0,2,16,9,10,10
15,False,True,8.0,True,200,29,20,0.0211406569516607,0.9895300393220164,186.7563,0.0,11,1,3,18,10,11,11
18,False,True,16.0,False,400,22,18,0.0213136578878309,0.989518412858039,0.9737,0.614567,10,0,2,17,9,11,11
21,False,True,18.0,True,200,29,20,0.021341683611043407,0.9895133014352051,163451.3766,0.0,10,0,2,16,9,10,10
21,True,True,12.0,True,200,36,20,0.021250884738989895,0.9894669394310921,57128.7688,0.0,10,0,2,16,9,10,10
21,False,True,8.0,True,400,29,16,0.021164482804390664,0.9894602153052017,57.7787,0.0,10,0,2,16,9,10,10
21,False,True,8.0,True,300,29,16,0.021166016438686784,0.9894586877686131,30.3088,0.0,10,0,2,16,9,10,10
15,False,True,16.0,True,200,29,18,0.02141277463887525,0.9894433208401237,5734.7122,0.0,11,1,3,18,10,11,11
21,True,True,12.0,True,400,36,16,0.021276998512084012,0.9894410367962504,18.9287,7.8e-05,10,0,2,16,9,10,10
18,True,True,8.0,False,300,29,20,0.021221755172447485,0.9894263323434922,32.6536,0.0,10,0,2,17,9,11,11
18,False,True,18.0,False,300,22,20,0.021465348981944292,0.9894140412142652,1162.7933,0.0,10,0,2,17,9,11,11
18,False,True,12.0,False,400,22,14,0.021335965346826916,0.9894056242340628,3.2543,0.196489,10,0,2,17,9,11,11
21,False,True,18.0,False,300,22,14,0.021466526056376473,0.9893902545110534,2.8923,0.235474,10,0,2,16,9,10,10
15,True,True,18.0,True,400,36,16,0.021522851387113004,0.9893800474085163,16.6633,0.000241,11,1,3,18,10,11,11
18,True,True,18.0,True,400,36,16,0.02152032964058642,0.9893597426911503,16.8893,0.000215,10,0,2,17,9,11,11
15,False,True,8.0,False,400,22,18,0.02131256738718954,0.9893590688881228,10.013,0.006694,11,1,3,18,10,11,11
18,False,True,16.0,False,400,22,16,0.02148523269413529,0.9893489802105042,2.4704,0.290769,10,0,2,17,9,11,11
15,True,True,18.0,False,400,29,16,0.021608334365633378,0.9892955206902242,10.6905,0.004771,11,1,3,18,10,11,11
15,False,True,8.0,False,300,22,18,0.021392919807454093,0.9892786809784428,2.2116,0.33094,11,1,3,18,10,11,11
15,False,True,12.0,False,400,22,20,0.02155708192550815,0.989208291697855,15.4643,0.000438,11,1,3,18,10,11,11
15,False,True,12.0,False,300,22,16,0.021574208163522374,0.9891911377266276,1.365,0.505362,11,1,3,18,10,11,11
15,False,True,12.0,True,300,29,20,0.02157677058143547,0.9891885699876953,15.724,0.000385,11,1,3,18,10,11,11
15,True,True,12.0,True,400,36,16,0.021587551126762715,0.9891777637154626,9.4533,0.008856,11,1,3,18,10,11,11
18,False,True,18.0,True,300,29,20,0.02170647224301076,0.9891748783366547,10779.1654,0.0,10,0,2,17,9,11,11
18,False,True,16.0,False,300,22,12,0.02169407779448881,0.9891409094463256,12.072,0.002391,10,0,2,17,9,11,11
18,False,True,12.0,True,200,29,12,0.02162677713381674,0.9891148507639667,142.0751,0.0,10,0,2,17,9,11,11
15,False,True,12.0,True,200,29,16,0.021669792029204646,0.9890951488951667,23.3542,8e-06,11,1,3,18,10,11,11
18,False,True,12.0,True,300,29,14,0.021668642050980864,0.9890726672297406,17.3223,0.000173,10,0,2,17,9,11,11
18,True,True,12.0,True,400,36,16,0.021672381004310046,0.989068895852458,29.2641,0.0,10,0,2,17,9,11,11
15,True,True,12.0,False,400,29,16,0.02170606987235265,0.9890586062627147,1.0481,0.592109,11,1,3,18,10,11,11
15,False,True,8.0,True,300,29,20,0.02164920743258632,0.9890202589944632,108.9945,0.0,11,1,3,18,10,11,11
15,False,True,16.0,True,200,29,14,0.02186703430071191,0.9889906620708544,25.8954,2e-06,11,1,3,18,10,11,11
21,True,True,18.0,False,400,29,14,0.02187194707539622,0.9889857146718054,4.3865,0.111552,10,0,2,16,9,10,10
21,False,True,12.0,False,300,22,12,0.021752676794494764,0.9889636373150501,2.5216,0.283434,10,0,2,16,9,10,10
18,False,True,8.0,False,400,22,16,0.02171471867838107,0.9889293920628786,2.0672,0.355725,10,0,2,17,9,11,11
15,False,True,12.0,True,200,29,18,0.02184127240779785,0.9889218784883816,366.1476,0.0,11,1,3,18,10,11,11
15,False,True,12.0,False,400,22,18,0.021851565281556514,0.9889114347219349,13.7699,0.001023,11,1,3,18,10,11,11
15,False,True,18.0,False,200,22,14,0.02199918760876568,0.9889047714949014,5.6255,0.060039,11,1,3,18,10,11,11
15,False,True,12.0,True,300,29,16,0.021881304400233552,0.988881231983365,1.5215,0.467319,11,1,3,18,10,11,11
21,True,True,16.0,False,400,29,14,0.021942995981832438,0.988866524600091,4.2844,0.117395,10,0,2,16,9,10,10
15,False,True,8.0,True,300,29,18,0.0218051084222841,0.9888615542604352,25.1776,3e-06,11,1,3,18,10,11,11
18,False,True,16.0,True,300,29,12,0.02197523429227694,0.988857616641778,17.7203,0.000142,10,0,2,17,9,11,11
18,True,True,16.0,False,300,29,20,0.021978225044128018,0.9888545835572741,85859.521,0.0,10,0,2,17,9,11,11
21,False,True,16.0,True,400,29,18,0.02195549560938305,0.9888538368219231,119.3728,0.0,10,0,2,16,9,10,10
18,True,True,12.0,False,300,29,20,0.02190920920818624,0.9888286879604156,62589.8847,0.0,10,0,2,17,9,11,11
21,True,False,,True,200,22,20,0.021667026718228084,0.9888099511722006,883.5423,0.0,10,0,2,16,9,10,10
21,True,True,16.0,True,400,36,14,0.021999676047272546,0.9888089334553254,13.1147,0.00142,10,0,2,16,9,10,10
18,True,True,12.0,False,400,29,16,0.021929245699285272,0.9888082457579774,6.3168,0.042493,10,0,2,17,9,11,11
21,False,True,4.0,False,400,22,20,0.021718687116487598,0.9888037711287582,5.7215,0.057226,10,0,2,16,9,10,10
18,False,True,18.0,True,400,29,18,0.02210215381395304,0.9887766247022765,39.1798,0.0,10,0,2,17,9,11,11
18,True,True,12.0,True,300,36,16,0.021974760085205196,0.9887617403335257,16830.7007,0.0,10,0,2,17,9,11,11
18,False,True,12.0,False,300,22,12,0.021982501182954514,0.9887538210853071,4.9093,0.085894,10,0,2,17,9,11,11
15,False,True,12.0,False,200,22,16,0.02202425751175289,0.9887354770021365,7.4596,0.023997,11,1,3,18,10,11,11
18,False,True,8.0,False,300,22,16,0.02190624871733707,0.9887332389313827,1.4523,0.483778,10,0,2,17,9,11,11
21,True,True,18.0,True,400,36,14,0.02212346893350903,0.9887309351069872,12.6553,0.001786,10,0,2,16,9,10,10
18,False,True,18.0,True,400,29,16,0.022151336228720068,0.9887266199055064,22.1205,1.6e-05,10,0,2,17,9,11,11
18,False,True,18.0,True,300,29,12,0.022195629910949168,0.9886814904606207,16.741,0.000232,10,0,2,17,9,11,11
21,True,True,8.0,False,400,29,20,0.02193571613947547,0.9886780807266098,1.9443,0.378272,10,0,2,16,9,10,10
18,True,True,18.0,False,300,29,16,0.022225852036782626,0.988650646343462,12668.6645,0.0,10,0,2,17,9,11,11
21,False,True,16.0,True,400,29,16,0.02215925806210595,0.9886459883074376,34.102,0.0,10,0,2,16,9,10,10
21,False,True,8.0,False,200,22,16,0.021969519372600974,0.9886431593809307,682.6499,0.0,10,0,2,16,9,10,10
15,True,True,18.0,False,400,29,14,0.02227102175269979,0.9886288798517968,5.403,0.067105,11,1,3,18,10,11,11
21,False,True,12.0,True,300,29,12,0.022085688086585627,0.988623139870086,9.0227,0.010984,10,0,2,16,9,10,10
15,False,True,8.0,True,400,29,20,0.02205016301221565,0.9886097907779258,107.2634,0.0,11,1,3,18,10,11,11
15,True,True,18.0,True,400,36,14,0.02229145477047006,0.9886080049329772,16.1708,0.000308,11,1,3,18,10,11,11
18,False,True,16.0,True,400,29,14,0.02222484518239939,0.988603052254286,28.1887,1e-06,10,0,2,17,9,11,11
18,True,True,18.0,True,300,36,16,0.022272593992061843,0.988602859756631,6840.8913,0.0,10,0,2,17,9,11,11
21,False,True,18.0,True,300,29,12,0.022249496792116626,0.9886021794131554,11.4091,0.003331,10,0,2,16,9,10,10
12,True,True,12.0,False,400,29,18,0.022199393682441552,0.988580346877471,2.8673,0.238437,12,2,4,19,11,12,12
12,True,True,16.0,True,400,36,18,0.022304970616572693,0.9885697006975689,10.489,0.005276,12,2,4,19,11,12,12
21,False,True,16.0,False,400,22,16,0.022239225742182202,0.9885638923933153,2.3521,0.308488,10,0,2,16,9,10,10
15,False,True,12.0,True,200,29,20,0.022203132497107283,0.988551759227666,854.0938,0.0,11,1,3,18,10,11,11
21,False,True,16.0,False,400,22,18,0.022254439414225922,0.9885482403464748,0.6726,0.7144,10,0,2,16,9,10,10
18,False,True,16.0,False,400,22,14,0.022291364435583303,0.9885347277307508,5.3179,0.070022,10,0,2,17,9,11,11
18,False,True,8.0,True,200,29,16,0.022108657934725176,0.9885240719509919,4411.1554,0.0,10,0,2,17,9,11,11
12,True,True,18.0,True,400,36,20,0.022406588766092275,0.9885147988487909,11.0401,0.004006,12,2,4,19,11,12,12
18,True,True,18.0,False,400,29,14,0.02236595928655143,0.9885071073112994,3.1566,0.206324,10,0,2,17,9,11,11
21,False,True,16.0,False,400,22,20,0.02230449686444857,0.9884966649653947,2.691,0.260403,10,0,2,16,9,10,10
18,False,True,8.0,True,300,29,16,0.022139980217710013,0.9884915320390135,15.8985,0.000353,10,0,2,17,9,11,11
15,False,True,16.0,False,200,22,18,0.022379689251989656,0.9884684009418342,4921.0797,0.0,11,1,3,18,10,11,11
18,True,True,16.0,True,400,36,14,0.022359295323346042,0.9884647425257631,14.4069,0.000744,10,0,2,17,9,11,11
21,True,True,8.0,False,300,29,20,0.022142726101721657,0.9884633798077515,3243.098,0.0,10,0,2,16,9,10,10
15,False,True,18.0,False,200,22,18,0.022440002936059262,0.9884556686661866,6242.4353,0.0,11,1,3,18,10,11,11
21,False,True,16.0,True,400,29,20,0.022351925188086954,0.9884476915260413,75.4867,0.0,10,0,2,16,9,10,10
21,False,True,18.0,False,300,22,12,0.022402074683404015,0.9884453202886639,5.0322,0.080773,10,0,2,16,9,10,10
15,False,True,16.0,False,200,22,14,0.02240969161190134,0.9884374615405122,19.6618,5.4e-05,11,1,3,18,10,11,11
12,True,True,12.0,False,400,29,20,0.022359486313647772,0.9884150455676473,2.4217,0.297948,12,2,4,19,11,12,12
12,True,True,18.0,True,400,36,18,0.0225059968278964,0.9884126633338242,11.8409,0.002684,12,2,4,19,11,12,12
18,False,True,4.0,True,200,29,20,0.02212517127619233,0.9884059131690768,1278.2287,0.0,10,0,2,17,9,11,11
21,True,True,8.0,False,300,29,16,0.022204710473999953,0.9883987002342116,283.3754,0.0,10,0,2,16,9,10,10
18,False,True,12.0,False,200,22,12,0.022346918054489885,0.9883778613847239,307.6297,0.0,10,0,2,17,9,11,11
18,True,True,8.0,True,400,36,20,0.022263246582109934,0.9883630264031921,20.3258,3.9e-05,10,0,2,17,9,11,11
21,True,True,18.0,True,300,36,16,0.02249285783102987,0.9883514811549933,12961.7683,0.0,10,0,2,16,9,10,10
15,True,True,16.0,True,400,36,14,0.022499596049731067,0.988344500981568,13.1685,0.001382,11,1,3,18,10,11,11
21,False,True,16.0,True,400,29,14,0.02247637569758972,0.9883186920744857,27.9625,1e-06,10,0,2,16,9,10,10
21,False,True,18.0,False,200,22,20,0.022539204689762553,0.9883034278156879,125541.6926,0.0,10,0,2,16,9,10,10
18,False,True,18.0,True,400,29,20,0.022568963301614182,0.9882975306502008,65.6495,0.0,10,0,2,17,9,11,11
18,False,True,12.0,True,400,29,14,0.022433177460402756,0.9882879649938255,19.4026,6.1e-05,10,0,2,17,9,11,11
12,True,True,16.0,True,400,36,16,0.022599044669565516,0.9882663142506349,12.5027,0.001928,12,2,4,19,11,12,12
21,True,True,8.0,True,300,36,20,0.02234372379594425,0.9882529848904145,29712.3444,0.0,10,0,2,16,9,10,10
15,False,True,12.0,False,200,22,18,0.02249905545065328,0.9882445617209045,225.8754,0.0,11,1,3,18,10,11,11
12,True,True,12.0,True,300,36,20,0.022530051764922662,0.9882376238047083,13.5591,0.001137,12,2,4,19,11,12,12
15,True,True,12.0,False,200,29,16,0.0225245070926293,0.9882179504316848,808.9791,0.0,11,1,3,18,10,11,11
18,False,True,8.0,True,400,29,16,0.022404301650128272,0.9882151006239487,24.6768,4e-06,10,0,2,17,9,11,11
15,False,True,12.0,False,400,22,16,0.022534959651696,0.9882070129098846,9.4827,0.008727,11,1,3,18,10,11,11
18,False,True,18.0,False,300,22,12,0.022660333672704393,0.9882025840282856,8.5537,0.013887,10,0,2,17,9,11,11
18,True,True,16.0,False,400,29,14,0.022623332804790255,0.988190697782698,2.7606,0.251509,10,0,2,17,9,11,11
12,True,True,16.0,False,400,29,20,0.02267353372865964,0.9881888356069274,9.6867,0.007881,12,2,4,19,11,12,12
21,True,True,12.0,False,300,29,14,0.02251173176134433,0.9881799759395266,5541.9159,0.0,10,0,2,16,9,10,10
18,False,True,18.0,True,200,29,18,0.022686187547418926,0.9881756485986541,181996.6323,0.0,10,0,2,17,9,11,11
15,False,True,4.0,True,300,29,20,0.022369593094248078,0.9881741427687779,14.9287,0.000573,11,1,3,18,10,11,11
18,True,True,18.0,True,400,36,14,0.022694046391903342,0.9881674549051082,13.292,0.001299,10,0,2,17,9,11,11
15,True,True,16.0,False,400,29,14,0.0226725623130553,0.9881646082255536,1.5197,0.46774,11,1,3,18,10,11,11
18,False,True,12.0,True,300,29,12,0.022554667873849892,0.988160764738986,11.6549,0.002946,10,0,2,17,9,11,11
15,True,True,8.0,True,400,36,20,0.022484206010826832,0.9881569597768581,57.366,0.0,11,1,3,18,10,11,11
15,False,True,8.0,True,200,29,18,0.022491755232356993,0.9881490056829065,3734.9163,0.0,11,1,3,18,10,11,11
21,False,True,16.0,False,400,22,14,0.022671435318594266,0.9881150615024771,7.819,0.020051,10,0,2,16,9,10,10
12,True,True,16.0,True,400,36,20,0.02275005368577378,0.9881089790759804,6.0863,0.047685,12,2,4,19,11,12,12
18,False,True,18.0,False,400,22,20,0.022777657256478102,0.9880801058459111,3.1427,0.207767,10,0,2,17,9,11,11
12,True,True,16.0,False,400,29,18,0.02278110073722372,0.9880765015218871,11.9432,0.00255,12,2,4,19,11,12,12
15,False,True,16.0,True,300,29,18,0.022757073864048426,0.9880762113813049,2.6963,0.259719,11,1,3,18,10,11,11
12,True,True,16.0,False,400,29,16,0.022787243600594812,0.9880700703754747,10.5765,0.005051,12,2,4,19,11,12,12
12,True,True,12.0,True,400,36,18,0.02272493448754754,0.9880332569496155,1.958,0.375682,12,2,4,19,11,12,12
15,False,True,16.0,False,300,22,18,0.02280097537699035,0.988030161762761,1.6134,0.446327,11,1,3,18,10,11,11
15,False,True,12.0,False,300,22,20,0.02271692873318043,0.9880157879565272,2589.7082,0.0,11,1,3,18,10,11,11
18,False,True,18.0,False,400,22,18,0.022856768502353908,0.9879971618210694,2.1635,0.339001,10,0,2,17,9,11,11
21,False,True,4.0,False,300,22,20,0.022487927576653466,0.9879966215819789,118.6691,0.0,10,0,2,16,9,10,10
21,False,True,16.0,True,200,29,20,0.022803421929363858,0.9879762772699685,201597.2105,0.0,10,0,2,16,9,10,10
15,True,True,12.0,False,300,29,16,0.022759053096977525,0.98797130171734,7331.2818,0.0,11,1,3,18,10,11,11
21,False,True,4.0,True,300,29,20,0.02251637695565386,0.9879662315277026,14.3037,0.000783,10,0,2,16,9,10,10
18,False,True,8.0,False,200,22,16,0.022642424913946958,0.9879632586469976,732.7784,0.0,10,0,2,17,9,11,11
21,False,True,4.0,False,400,22,18,0.02253148142963921,0.9879500810867392,6.8278,0.032913,10,0,2,16,9,10,10
15,False,True,8.0,False,400,22,16,0.022685616764622493,0.9879438324518675,6.3961,0.040842,11,1,3,18,10,11,11
21,True,True,12.0,False,400,29,14,0.02275242779570003,0.9879258646582219,4.3897,0.111376,10,0,2,16,9,10,10
15,False,True,16.0,True,300,29,14,0.022902813934011237,0.9879229985127705,4.8389,0.088971,11,1,3,18,10,11,11
9,True,True,18.0,True,400,36,20,0.02304885266470913,0.9878993641441294,5.8503,0.053656,13,3,5,21,11,13,13
15,True,True,8.0,False,400,29,20,0.022728882615911824,0.9878978017203218,2.0608,0.356864,11,1,3,18,10,11,11
15,False,True,8.0,True,400,29,18,0.022736332274370892,0.9878898671447107,50.2154,0.0,11,1,3,18,10,11,11
15,False,True,12.0,False,300,22,14,0.022840503226399838,0.9878850510132008,3.3348,0.188735,11,1,3,18,10,11,11
12,True,True,12.0,True,300,36,16,0.02286558618200138,0.9878846667360679,1.8534,0.395857,12,2,4,19,11,12,12
15,False,True,18.0,True,200,29,12,0.02299039795630485,0.9878824187112779,8.8859,0.011761,11,1,3,18,10,11,11
15,False,True,16.0,False,300,22,20,0.022947883606115733,0.9878754198999617,0.39,0.822838,11,1,3,18,10,11,11
21,True,True,12.0,True,400,36,14,0.02280209912526356,0.987873088487503,18.6024,9.1e-05,10,0,2,16,9,10,10
18,True,True,12.0,True,400,36,14,0.02285716000445462,0.9878410712127283,11.9679,0.002519,10,0,2,17,9,11,11
12,True,True,18.0,True,400,36,16,0.023054465143434857,0.9878410178434893,22.7338,1.2e-05,12,2,4,19,11,12,12
21,False,True,12.0,True,400,29,14,0.022848016992899817,0.9878241980246971,44.7735,0.0,10,0,2,16,9,10,10
21,True,True,8.0,True,400,36,18,0.022760433220775672,0.9878107364474229,47.4653,0.0,10,0,2,16,9,10,10
12,True,True,18.0,False,400,29,20,0.0230873784222578,0.9878062759719478,14.6688,0.000653,12,2,4,19,11,12,12
18,False,True,18.0,True,400,29,14,0.02304205780445876,0.9878017700734291,34.2417,0.0,10,0,2,17,9,11,11
12,True,True,12.0,True,400,36,20,0.022947741343633542,0.9877974504925444,1.0661,0.586817,12,2,4,19,11,12,12
21,True,True,8.0,False,400,29,18,0.022776198816929907,0.9877938441887559,15.7855,0.000373,10,0,2,16,9,10,10
15,False,True,16.0,False,300,22,16,0.02302694676067475,0.9877917294883201,1.9248,0.381979,11,1,3,18,10,11,11
18,True,True,8.0,True,300,36,20,0.02281197231451435,0.9877823205181916,18245.3918,0.0,10,0,2,17,9,11,11
15,False,True,8.0,False,200,22,18,0.022848030545201018,0.9877705863754834,887.226,0.0,11,1,3,18,10,11,11
18,False,True,18.0,False,400,22,16,0.023104196426513957,0.9877358902594201,4.0655,0.130972,10,0,2,17,9,11,11
15,False,True,18.0,True,300,29,14,0.023131838742057743,0.9877328612843425,7.686,0.021429,11,1,3,18,10,11,11
15,False,True,16.0,False,200,22,12,0.02308711109687972,0.9877278511074175,11.9453,0.002548,11,1,3,18,10,11,11
15,False,True,4.0,False,300,22,20,0.022811515087762434,0.9877022764729378,1.8227,0.401975,11,1,3,18,10,11,11
15,False,True,18.0,False,200,22,12,0.023178169306797013,0.9876836725764372,3.0096,0.222057,11,1,3,18,10,11,11
15,False,True,8.0,False,200,22,20,0.022943741233318684,0.9876679134400272,1942.5303,0.0,11,1,3,18,10,11,11
21,True,True,8.0,False,400,29,16,0.022893811568863515,0.9876674573237977,11.8948,0.002613,10,0,2,16,9,10,10
15,False,True,12.0,True,400,29,18,0.02305041322340387,0.9876613488897172,239.0262,0.0,11,1,3,18,10,11,11
12,True,True,12.0,False,400,29,16,0.023107249448766774,0.9876272228275897,0.8214,0.663174,12,2,4,19,11,12,12
15,False,True,16.0,True,200,29,12,0.02320941795120983,0.987597480208856,25.3331,3e-06,11,1,3,18,10,11,11
15,True,True,12.0,False,400,29,14,0.023136200986318287,0.9875693353531896,0.5494,0.759789,11,1,3,18,10,11,11
21,False,True,4.0,True,400,29,20,0.02288657151651567,0.9875672812971203,8.9166,0.011582,10,0,2,16,9,10,10
12,True,True,18.0,False,400,29,18,0.02332633485498451,0.9875525574573794,24.719,4e-06,12,2,4,19,11,12,12
21,False,True,18.0,True,400,29,16,0.02325443021470094,0.9875493267533035,45.7012,0.0,10,0,2,16,9,10,10
15,False,True,16.0,False,300,22,14,0.023293039744761747,0.987507948512179,4.8755,0.087355,11,1,3,18,10,11,11
15,False,True,8.0,False,300,22,16,0.023099505528957127,0.9874999008028467,4.7014,0.095301,11,1,3,18,10,11,11
21,False,True,4.0,True,200,29,18,0.022952449613721428,0.9874956041004354,2170.048,0.0,10,0,2,16,9,10,10
15,True,True,12.0,True,400,36,14,0.02322385108580054,0.9874749713010419,0.6021,0.740042,11,1,3,18,10,11,11
12,True,True,18.0,False,400,29,16,0.023399034782866923,0.9874748480057072,23.689,7e-06,12,2,4,19,11,12,12
15,True,True,8.0,False,400,29,18,0.023150186257454117,0.9874449897482811,7.9913,0.018395,11,1,3,18,10,11,11
12,True,True,12.0,True,400,36,16,0.023284321216556204,0.9874368701080902,2.6815,0.261651,12,2,4,19,11,12,12
21,True,True,8.0,True,400,36,16,0.023117699578277466,0.9874250678526927,36.8985,0.0,10,0,2,16,9,10,10
21,False,True,12.0,True,200,29,12,0.02322799617547409,0.9874158454973089,850.0989,0.0,10,0,2,16,9,10,10
15,False,True,12.0,True,400,29,20,0.02328768779789741,0.9874060201575487,285.9488,0.0,11,1,3,18,10,11,11
15,False,True,12.0,True,400,29,16,0.023296700912484865,0.9873962696876273,17.5331,0.000156,11,1,3,18,10,11,11
18,True,True,12.0,False,400,29,14,0.0232816847222524,0.9873852227695392,0.8671,0.648198,10,0,2,17,9,11,11
9,True,True,16.0,True,400,36,20,0.023483202902720185,0.9873845780816388,5.9758,0.050393,13,3,5,21,11,13,13
15,False,True,16.0,True,300,29,16,0.023433967676167768,0.9873563320092287,1.5373,0.463629,11,1,3,18,10,11,11
21,True,True,8.0,False,300,29,14,0.023181014857391484,0.9873560925083887,143.55,0.0,10,0,2,16,9,10,10
15,False,True,12.0,False,400,22,14,0.023342116300852034,0.9873470815008115,0.422,0.809767,11,1,3,18,10,11,11
15,False,True,18.0,False,300,22,16,0.023505040347643624,0.9873338401052218,4.2778,0.117782,11,1,3,18,10,11,11
18,True,True,8.0,False,400,29,20,0.023235931840393485,0.9873239704269738,0.3041,0.858955,10,0,2,17,9,11,11
21,False,True,18.0,True,400,29,14,0.02346499962473596,0.987322823604165,27.752,1e-06,10,0,2,16,9,10,10
18,False,True,4.0,True,200,29,18,0.023145397531667788,0.987312017978213,2721.2432,0.0,10,0,2,17,9,11,11
21,False,True,12.0,False,200,22,12,0.023341337727851692,0.9872927365173857,365.4973,0.0,10,0,2,16,9,10,10
21,False,True,18.0,True,400,29,18,0.02349597165455174,0.9872893356844724,90.8517,0.0,10,0,2,16,9,10,10
15,False,True,16.0,True,300,29,20,0.02351301926076452,0.9872708844357196,97.5134,0.0,11,1,3,18,10,11,11
18,True,True,12.0,False,300,29,16,0.023397428045869802,0.9872594839670394,69095.8118,0.0,10,0,2,17,9,11,11
15,False,True,18.0,True,200,29,18,0.023589376624466564,0.9872427844731883,66009.7988,0.0,11,1,3,18,10,11,11
12,True,True,16.0,True,400,36,14,0.023567197089264715,0.9872394275048813,11.015,0.004056,12,2,4,19,11,12,12
12,True,True,16.0,False,400,29,14,0.02357782802697376,0.9872279125633658,2.1891,0.334684,12,2,4,19,11,12,12
15,False,True,18.0,False,300,22,18,0.02360615468709805,0.9872246307522555,0.1608,0.922732,11,1,3,18,10,11,11
12,True,True,18.0,True,400,36,14,0.023634408650467068,0.9872215964405647,21.1065,2.6e-05,12,2,4,19,11,12,12
15,False,True,18.0,True,300,29,16,0.023646762165582227,0.987180640382841,6.8294,0.032886,11,1,3,18,10,11,11
15,False,True,12.0,True,200,29,14,0.0235013531439589,0.9871738595736483,151.3957,0.0,11,1,3,18,10,11,11
15,False,True,12.0,True,300,29,14,0.023518963712759234,0.98715463002068,9.4721,0.008773,11,1,3,18,10,11,11
18,True,True,8.0,True,300,36,18,0.023397739138623096,0.9871468124278527,8870.4506,0.0,10,0,2,17,9,11,11
12,True,True,18.0,False,400,29,14,0.0237093474088245,0.9871404337712297,11.7373,0.002827,12,2,4,19,11,12,12
9,True,True,18.0,True,400,36,18,0.023777056684052823,0.987122672093681,10.9483,0.004194,13,3,5,21,11,13,13
15,False,True,8.0,True,300,29,16,0.023447878440214377,0.9871200196490058,14.2578,0.000802,11,1,3,18,10,11,11
15,False,True,4.0,False,400,22,20,0.02334643450875483,0.9871187623961908,4.1814,0.123602,11,1,3,18,10,11,11
12,True,True,12.0,False,300,29,16,0.02361923591814402,0.9870728623174218,1.2194,0.543517,12,2,4,19,11,12,12
18,False,True,18.0,True,200,29,10,0.023724294361209583,0.987068738343055,224.0748,0.0,10,0,2,17,9,11,11
18,False,True,18.0,False,400,22,14,0.023728852656037785,0.9870637687397512,10.1156,0.006359,10,0,2,17,9,11,11
15,True,False,,True,400,22,10,0.02335729986311798,0.987050592356003,9.7087,0.007795,11,1,3,18,10,11,11
18,False,True,8.0,False,300,22,14,0.02348523723315136,0.9870505012206534,1.3823,0.501005,10,0,2,17,9,11,11
15,True,True,8.0,True,400,36,16,0.02351947546178986,0.9870412427027127,32.2958,0.0,11,1,3,18,10,11,11
15,False,True,18.0,True,300,29,18,0.023784811094251453,0.9870305255749523,20.8649,2.9e-05,11,1,3,18,10,11,11
15,True,True,12.0,False,300,29,20,0.023656883545448162,0.9870035327276745,46937.7609,0.0,11,1,3,18,10,11,11
9,True,True,16.0,True,400,36,18,0.023837908501557887,0.9870005967605043,11.5842,0.003052,13,3,5,21,11,13,13
21,False,True,18.0,True,400,29,20,0.02376206397585415,0.9869998084395504,130.7773,0.0,10,0,2,16,9,10,10
21,True,False,,True,400,22,12,0.0233662522600342,0.9869859801199555,37.3163,0.0,10,0,2,16,9,10,10
15,True,True,8.0,True,400,36,18,0.023571197133154295,0.9869841848351558,140.3252,0.0,11,1,3,18,10,11,11
15,False,True,12.0,False,200,22,14,0.02370070336511443,0.9869553412321006,170.5776,0.0,11,1,3,18,10,11,11
18,True,True,8.0,False,400,29,18,0.023574405046660585,0.9869519822660123,0.0731,0.964132,10,0,2,17,9,11,11
18,False,True,16.0,True,200,29,10,0.0237918698427046,0.9869392469213161,806.881,0.0,10,0,2,17,9,11,11
18,False,True,18.0,False,200,22,10,0.023864900384560364,0.986915005530249,122.2467,0.0,10,0,2,17,9,11,11
9,True,True,16.0,False,400,29,20,0.023931085904193607,0.9868987742459677,5.2897,0.071017,13,3,5,21,11,13,13
21,False,True,18.0,False,400,22,18,0.02388286453961555,0.9868672928201404,2.3745,0.305064,10,0,2,16,9,10,10
21,False,True,8.0,False,300,22,14,0.0236293635065436,0.9868622659577058,3.7598,0.152609,10,0,2,16,9,10,10
15,False,True,12.0,False,300,22,12,0.023801096410125167,0.9868445962785837,4.0814,0.129938,11,1,3,18,10,11,11
21,False,True,12.0,False,400,22,12,0.023755823185288523,0.9868374292570895,1.0282,0.598049,10,0,2,16,9,10,10
15,False,True,8.0,True,400,29,16,0.023710214441803344,0.986830203740465,22.1657,1.5e-05,11,1,3,18,10,11,11
18,False,True,18.0,True,200,29,20,0.023951823831269578,0.9868195126371986,311095.9207,0.0,10,0,2,17,9,11,11
15,False,True,4.0,True,400,29,20,0.02365359586562459,0.9867775842704786,0.3808,0.826608,11,1,3,18,10,11,11
15,True,True,8.0,False,400,29,16,0.023763203975508566,0.9867712720776214,11.0671,0.003952,11,1,3,18,10,11,11
21,True,True,8.0,True,300,36,14,0.023762318076466896,0.9867140067047518,1153.5027,0.0,10,0,2,16,9,10,10
21,False,True,16.0,False,300,22,10,0.023974051073319107,0.9867100985928382,5.8335,0.054109,10,0,2,16,9,10,10
21,True,True,8.0,True,400,36,14,0.02377703403415563,0.9866975456292009,20.0407,4.4e-05,10,0,2,16,9,10,10
15,False,True,8.0,False,200,22,16,0.023838182242015116,0.9866876611410759,330.6496,0.0,11,1,3,18,10,11,11
15,True,True,8.0,True,400,36,14,0.023844678819538754,0.9866804041761535,9.344,0.009354,11,1,3,18,10,11,11
9,True,True,16.0,True,400,36,14,0.024133969559174056,0.9866756927096504,11.1657,0.003762,13,3,5,21,11,13,13
15,False,True,8.0,True,200,29,16,0.02385429670804813,0.9866696569377598,3483.8911,0.0,11,1,3,18,10,11,11
12,False,True,8.0,False,400,22,20,0.023886294392233776,0.9866631972662502,21.5676,2.1e-05,12,2,4,19,11,12,12
15,False,True,16.0,False,300,22,12,0.02407282571588166,0.9866575503266706,7.8239,0.020002,11,1,3,18,10,11,11
21,False,True,18.0,False,400,22,20,0.024081922218028056,0.9866474648838767,3.3589,0.186476,10,0,2,16,9,10,10
18,True,True,8.0,True,400,36,18,0.02386404145556557,0.9866293954093912,29.4003,0.0,10,0,2,17,9,11,11
15,False,True,18.0,False,300,22,14,0.02416001329706201,0.9866181147312547,6.4634,0.039491,11,1,3,18,10,11,11
15,True,True,16.0,False,400,29,12,0.024130529114851737,0.9865935090338054,1.9097,0.384876,11,1,3,18,10,11,11
21,False,True,18.0,False,400,22,16,0.024144784262614117,0.986577664544155,5.7121,0.057495,10,0,2,16,9,10,10
21,True,True,16.0,True,300,36,18,0.024123472539360254,0.9865439201763126,152259.4621,0.0,10,0,2,16,9,10,10
18,False,True,16.0,True,300,29,10,0.0241642260265863,0.9865272315120743,3.2756,0.194407,10,0,2,17,9,11,11
15,True,True,8.0,False,300,29,20,0.023984960284422582,0.986523221206772,9204.7287,0.0,11,1,3,18,10,11,11
18,False,True,16.0,False,200,22,10,0.024183633439120868,0.9865055816089717,381.7084,0.0,10,0,2,17,9,11,11
9,True,True,12.0,True,400,36,16,0.024184430543078464,0.9865046920295294,6.1684,0.045766,13,3,5,21,11,13,13
21,False,True,8.0,True,300,29,14,0.023969319916809746,0.9864815206199458,17.1421,0.00019,10,0,2,16,9,10,10
15,True,True,18.0,False,300,29,14,0.02429502849175942,0.9864681308515149,4663.191,0.0,11,1,3,18,10,11,11
15,True,False,,True,400,22,12,0.023891929018139354,0.9864510056520864,39.4288,0.0,11,1,3,18,10,11,11
15,False,True,4.0,False,400,22,18,0.023954683289492754,0.9864388247084916,3.3164,0.190477,11,1,3,18,10,11,11
21,True,True,12.0,False,200,29,20,0.024113853857370467,0.9864376858762038,150428.0517,0.0,10,0,2,16,9,10,10
18,False,True,16.0,False,300,22,10,0.024282762057642526,0.9863947277428625,11.278,0.003556,10,0,2,17,9,11,11
18,False,True,4.0,True,300,29,20,0.023971112948055272,0.9863905785802695,18.7356,8.5e-05,10,0,2,17,9,11,11
21,True,True,18.0,False,400,29,12,0.024312619717338554,0.986390413053554,5.5257,0.063111,10,0,2,16,9,10,10
21,True,True,4.0,True,400,36,16,0.02396257376913229,0.9863707626188553,5.741,0.05667,10,0,2,16,9,10,10
9,True,True,18.0,False,400,29,20,0.02446551293854898,0.986366159171992,7.0732,0.029112,13,3,5,21,11,13,13
15,False,True,16.0,False,400,22,16,0.024334416894348967,0.9863659991024164,0.8294,0.660542,11,1,3,18,10,11,11
15,False,True,8.0,False,300,22,20,0.024129843835769806,0.9863599137943914,17202.5532,0.0,11,1,3,18,10,11,11
21,False,True,18.0,False,400,22,14,0.024340261004323314,0.9863594496815927,12.9883,0.001512,10,0,2,16,9,10,10
15,False,True,18.0,False,300,22,20,0.024436321950003462,0.9863102776241144,150.7753,0.0,11,1,3,18,10,11,11
15,True,True,18.0,True,300,36,14,0.024465643528921863,0.9862774048291074,1733.886,0.0,11,1,3,18,10,11,11
12,True,True,12.0,True,300,36,18,0.024340303417954005,0.9862715134813689,804.7006,0.0,12,2,4,19,11,12,12
21,False,True,4.0,True,300,29,18,0.02406310275656298,0.9862561666265596,8.5476,0.013929,10,0,2,16,9,10,10
15,False,True,16.0,True,300,29,12,0.024433017717311906,0.9862552878203055,9.6861,0.007883,11,1,3,18,10,11,11
18,False,True,18.0,True,300,29,10,0.024463966082279024,0.9862498313953686,11.853,0.002668,10,0,2,17,9,11,11
15,False,True,12.0,True,400,29,14,0.024336752773336905,0.9862457943315419,14.3261,0.000775,11,1,3,18,10,11,11
15,True,True,18.0,False,400,29,12,0.024505740102972243,0.9862323882378963,6.9873,0.03039,11,1,3,18,10,11,11
21,True,True,4.0,True,300,36,20,0.024089917426830646,0.9862255187335817,55.6777,0.0,10,0,2,16,9,10,10
18,False,True,4.0,False,400,22,20,0.02411786117181756,0.9862234381054824,8.7929,0.012321,10,0,2,17,9,11,11
18,True,True,8.0,True,400,36,14,0.02422538717863969,0.9862214184923075,5.6115,0.06046,10,0,2,17,9,11,11
9,True,True,18.0,True,400,36,14,0.024609901239711362,0.9862047584219577,18.2731,0.000108,13,3,5,21,11,13,13
18,False,True,16.0,False,400,22,12,0.024453322853042605,0.9862029311361606,2.158,0.339934,10,0,2,17,9,11,11
21,True,True,4.0,True,400,36,14,0.02411863771666551,0.9861926549498621,7.3419,0.025453,10,0,2,16,9,10,10
15,True,True,4.0,True,400,36,16,0.024181500552970945,0.9861807982588846,4.1764,0.123911,11,1,3,18,10,11,11
21,False,True,18.0,False,300,22,10,0.02450145458126206,0.9861781821282184,2.4473,0.294153,10,0,2,16,9,10,10
9,True,True,18.0,True,400,36,16,0.024641186491158533,0.9861696618220602,16.9764,0.000206,13,3,5,21,11,13,13
18,False,True,18.0,False,200,22,20,0.024544701657128815,0.9861589254829378,227134.636,0.0,10,0,2,17,9,11,11
21,False,True,16.0,True,300,29,10,0.02447695585766855,0.9861466847915922,7.6858,0.021431,10,0,2,16,9,10,10
18,True,True,8.0,False,400,29,16,0.02429280361104535,0.9861446234081925,3.839,0.146677,10,0,2,17,9,11,11
15,False,True,16.0,False,400,22,18,0.024535304351146557,0.9861399649243839,0.5327,0.766159,11,1,3,18,10,11,11
21,True,False,,True,400,22,10,0.024114268652341304,0.9861394158512232,9.8133,0.007397,10,0,2,16,9,10,10
21,True,True,12.0,True,300,36,14,0.024406721370881602,0.9861062513933624,16018.4576,0.0,10,0,2,16,9,10,10
9,True,True,16.0,True,400,36,16,0.024645307517378368,0.9861050943597655,15.4325,0.000446,13,3,5,21,11,13,13
21,True,True,4.0,True,400,36,18,0.02420321525824598,0.98609564790676,18.5935,9.2e-05,10,0,2,16,9,10,10
21,True,False,,True,400,22,14,0.024168452859198736,0.986077057043067,19.24,6.6e-05,10,0,2,16,9,10,10
12,False,True,8.0,False,400,22,18,0.02441501955421053,0.9860662402095753,15.8596,0.00036,12,2,4,19,11,12,12
9,True,True,12.0,False,400,29,20,0.024575039888551524,0.9860652387819963,6.8922,0.03187,13,3,5,21,11,13,13
21,False,True,18.0,True,300,29,10,0.024610708897232398,0.9860546417011187,15.7335,0.000383,10,0,2,16,9,10,10
15,False,True,18.0,True,300,29,12,0.024669757090005524,0.9860474781719736,14.1076,0.000864,11,1,3,18,10,11,11
15,False,True,12.0,True,300,29,12,0.024524426000122633,0.9860328448854552,10.0008,0.006735,11,1,3,18,10,11,11
12,True,True,8.0,False,400,29,20,0.02444576567515114,0.9860311242177159,1.5301,0.465309,12,2,4,19,11,12,12
21,False,True,16.0,True,400,29,12,0.024591057731819327,0.9860172264135756,21.6054,2e-05,10,0,2,16,9,10,10
18,True,True,8.0,True,400,36,16,0.02440460534250904,0.98601679792597,37.6121,0.0,10,0,2,17,9,11,11
18,True,True,16.0,True,300,36,18,0.024618111931683367,0.9860163497779231,171414.9899,0.0,10,0,2,17,9,11,11
9,True,True,12.0,True,400,36,20,0.024618898664108515,0.9860154559996455,3.8162,0.148364,13,3,5,21,11,13,13
9,True,True,16.0,False,400,29,18,0.02475017305061155,0.9859865974285369,10.2076,0.006074,13,3,5,21,11,13,13
15,True,True,8.0,True,300,36,20,0.02446756490025791,0.9859754288353801,42204.0319,0.0,11,1,3,18,10,11,11
15,False,True,18.0,True,300,29,20,0.024735681406595274,0.9859728086521221,2862.9717,0.0,11,1,3,18,10,11,11
15,True,True,4.0,True,400,36,14,0.024365083011140563,0.9859701750059267,2.1223,0.346066,11,1,3,18,10,11,11
18,False,True,16.0,True,400,29,12,0.024667288295507798,0.9859604273820991,30.3465,0.0,10,0,2,17,9,11,11
9,True,True,12.0,True,400,36,18,0.024673645640894727,0.985953189787708,9.5632,0.008382,13,3,5,21,11,13,13
15,False,True,8.0,False,300,22,14,0.024502309279237765,0.9859355702726526,2.4208,0.298077,11,1,3,18,10,11,11
15,False,True,16.0,False,400,22,20,0.0247168486089488,0.9859340967721464,0.1523,0.926684,11,1,3,18,10,11,11
21,False,True,8.0,False,400,22,14,0.024485841601382778,0.9858926159159114,8.4385,0.01471,10,0,2,16,9,10,10
15,True,True,8.0,True,300,36,16,0.024553621966534343,0.9858766011893193,12652.8169,0.0,11,1,3,18,10,11,11
12,True,True,12.0,False,400,29,14,0.02469123111891936,0.9858727973352085,0.9392,0.625239,12,2,4,19,11,12,12
15,False,True,4.0,True,300,29,18,0.024461610876741514,0.9858587900634179,10.8784,0.004343,11,1,3,18,10,11,11
15,True,True,4.0,True,400,36,20,0.02447438453019018,0.9858440173586256,16.3659,0.000279,11,1,3,18,10,11,11
18,False,True,4.0,True,400,29,20,0.02445478646023024,0.9858358337472581,20.5312,3.5e-05,10,0,2,17,9,11,11
12,True,True,8.0,True,400,36,16,0.024620496961500593,0.9858307195559887,34.7716,0.0,12,2,4,19,11,12,12
12,True,True,12.0,False,200,29,20,0.02473612307099833,0.9858213803580641,265.651,0.0,12,2,4,19,11,12,12
21,True,True,16.0,False,400,29,12,0.02477346009840138,0.9858090247118534,3.6766,0.15909,10,0,2,16,9,10,10
18,True,True,8.0,False,300,29,18,0.024587935340772804,0.9858059222186731,10963.695,0.0,10,0,2,17,9,11,11
12,False,True,12.0,False,400,22,20,0.024785464655969248,0.9857647592528338,10.1659,0.006202,12,2,4,19,11,12,12
12,True,True,12.0,False,300,29,20,0.02478854232305812,0.9857612237893971,3932.3503,0.0,12,2,4,19,11,12,12
15,True,True,12.0,False,400,29,12,0.024775556399369146,0.9857453326675941,0.7166,0.69887,11,1,3,18,10,11,11
12,True,True,12.0,True,400,36,14,0.024814478844825866,0.9857314118280573,0.484,0.785045,12,2,4,19,11,12,12
21,True,True,18.0,True,400,36,12,0.02490288958811976,0.9857215548933471,16.9614,0.000207,10,0,2,16,9,10,10
9,True,True,16.0,False,400,29,16,0.02498337847644457,0.9857212742183805,7.5232,0.023247,13,3,5,21,11,13,13
21,True,True,12.0,False,400,29,12,0.024746618945110155,0.9857165771940635,2.1667,0.338453,10,0,2,16,9,10,10
18,False,True,8.0,False,200,22,14,0.0246865604245156,0.9856918256379016,5581.4113,0.0,10,0,2,17,9,11,11
21,True,True,18.0,False,300,29,16,0.024938916822177363,0.9856802114994503,108717.6034,0.0,10,0,2,16,9,10,10
12,False,True,18.0,True,200,29,16,0.02502251397136738,0.9856765050392197,2087.4749,0.0,12,2,4,19,11,12,12
15,False,True,16.0,False,400,22,14,0.024942533495180698,0.9856760578509035,4.6545,0.097563,11,1,3,18,10,11,11
12,True,True,8.0,False,400,29,18,0.02475659667619643,0.9856736337644538,5.7427,0.056622,12,2,4,19,11,12,12
9,True,True,12.0,False,400,29,16,0.024921146673686025,0.9856699696303229,4.0483,0.132108,13,3,5,21,11,13,13
15,True,True,12.0,True,200,36,16,0.024842038064786742,0.9856687293023376,11570.374,0.0,11,1,3,18,10,11,11
21,True,False,,False,400,15,14,0.024524112058368373,0.9856642662121056,17.7688,0.000139,10,0,2,16,9,10,10
21,True,False,,False,400,15,12,0.02453683816541001,0.9856493840897389,31.0598,0.0,10,0,2,16,9,10,10
21,True,True,8.0,False,400,29,14,0.024696753576147545,0.9856485376561923,12.686,0.001759,10,0,2,16,9,10,10
18,False,True,12.0,False,400,22,12,0.02484967267164856,0.9856288301302568,1.4946,0.473638,10,0,2,17,9,11,11
15,True,True,8.0,False,400,29,14,0.02478068240350786,0.9856141801985723,8.2304,0.016323,11,1,3,18,10,11,11
18,False,True,4.0,False,400,22,18,0.024652771079711446,0.9856055607290836,8.1339,0.017129,10,0,2,17,9,11,11
21,True,True,4.0,False,400,29,20,0.024633207534390845,0.985597212219727,4.5967,0.100425,10,0,2,16,9,10,10
18,False,True,18.0,False,300,22,10,0.025039596755437772,0.9855951429498331,3.6588,0.16051,10,0,2,17,9,11,11
21,False,True,16.0,False,200,22,10,0.024963250021236557,0.98559075719333,2147.934,0.0,10,0,2,16,9,10,10
9,True,True,12.0,False,300,29,16,0.02499098702737669,0.9855895385995672,0.5659,0.753541,13,3,5,21,11,13,13
18,True,True,12.0,True,300,36,18,0.02488832364323812,0.9855840897697424,173126.883,0.0,10,0,2,17,9,11,11
9,True,True,12.0,False,400,29,18,0.025018358423287652,0.9855579551774224,6.0293,0.049064,13,3,5,21,11,13,13
15,True,True,16.0,False,300,29,14,0.02504657231426027,0.9855563142780187,23025.4564,0.0,11,1,3,18,10,11,11
9,True,True,18.0,False,400,29,18,0.025206872525313118,0.9855273686907914,17.879,0.000131,13,3,5,21,11,13,13
12,False,True,16.0,True,200,29,16,0.025098912694646508,0.9855268151995158,191.4697,0.0,12,2,4,19,11,12,12
15,False,True,18.0,False,300,22,12,0.025132937803908403,0.9855186357621021,7.3583,0.025245,11,1,3,18,10,11,11
15,False,True,16.0,True,400,29,14,0.025083807614441084,0.985513337160341,8.9108,0.011616,11,1,3,18,10,11,11
21,True,True,4.0,False,400,29,18,0.024710490315923688,0.9855066975299389,10.0273,0.006647,10,0,2,16,9,10,10
15,True,True,12.0,False,200,29,20,0.024984835152741944,0.9855034976525151,57283.6842,0.0,11,1,3,18,10,11,11
12,True,True,8.0,True,400,36,20,0.02490322719950226,0.9855034242919276,50.1743,0.0,12,2,4,19,11,12,12
21,False,True,18.0,False,200,22,10,0.02511986317768074,0.9854716608572829,2607.2142,0.0,10,0,2,16,9,10,10
12,False,True,8.0,True,200,29,20,0.024942426693356508,0.9854577510411554,94.7899,0.0,12,2,4,19,11,12,12
18,False,True,8.0,True,300,29,14,0.024892146373597115,0.9854525206891956,3.4783,0.175668,10,0,2,17,9,11,11
18,True,True,18.0,False,400,29,12,0.02516731032456149,0.985447825293264,3.5701,0.167791,10,0,2,17,9,11,11
15,False,True,16.0,True,400,29,18,0.02514456289689114,0.9854430761220176,31.5945,0.0,11,1,3,18,10,11,11
15,True,True,4.0,False,400,29,16,0.024818724163437226,0.9854428831652114,4.1242,0.127188,11,1,3,18,10,11,11
21,False,True,18.0,True,200,29,10,0.02515281677383696,0.9854335177312753,1140.946,0.0,10,0,2,16,9,10,10
18,True,True,16.0,False,400,29,12,0.025131093635819175,0.9854275073505928,1.0262,0.598622,10,0,2,17,9,11,11
12,False,True,18.0,True,200,29,14,0.0252436517106926,0.9854222171114527,63.6179,0.0,12,2,4,19,11,12,12
21,True,False,,True,400,22,20,0.024735815835535555,0.9854156921998852,54.098,0.0,10,0,2,16,9,10,10
18,True,True,8.0,False,400,29,14,0.024929526393199807,0.9854087965885086,1.6699,0.433904,10,0,2,17,9,11,11
12,False,True,18.0,False,200,22,16,0.025277643368614072,0.9853829314616301,128.0567,0.0,12,2,4,19,11,12,12
15,True,False,,True,300,22,18,0.024825053186347534,0.9853719981957763,21.62,2e-05,11,1,3,18,10,11,11
12,True,True,8.0,False,400,29,16,0.02501776961913568,0.9853697635805672,6.2964,0.04293,12,2,4,19,11,12,12
21,False,True,18.0,True,400,29,12,0.025209618995051374,0.985367652916402,39.7002,0.0,10,0,2,16,9,10,10
21,True,True,4.0,True,400,36,20,0.0248319456943823,0.9853638743367288,18.5659,9.3e-05,10,0,2,16,9,10,10
18,False,True,18.0,False,400,22,12,0.025250139546964544,0.9853518810877303,6.1704,0.04572,10,0,2,17,9,11,11
9,True,True,16.0,False,400,29,14,0.025309005789314838,0.9853466376477437,7.1418,0.02813,13,3,5,21,11,13,13
15,True,False,,False,400,15,12,0.024847742984560175,0.9853452463426446,13.7876,0.001014,11,1,3,18,10,11,11
12,True,True,16.0,False,400,29,12,0.025285632090677357,0.9853106722544397,3.4554,0.177695,12,2,4,19,11,12,12
15,False,True,12.0,False,400,22,12,0.025150478586110466,0.9853106438464663,0.9782,0.613179,11,1,3,18,10,11,11
21,True,False,,False,400,15,10,0.02483794539867524,0.9852950118143956,22.0822,1.6e-05,10,0,2,16,9,10,10
21,True,True,12.0,True,400,36,12,0.025113478148237642,0.9852899455268866,3.8889,0.143066,10,0,2,16,9,10,10
21,True,True,16.0,True,400,36,12,0.025233102980475774,0.9852775452916137,12.2061,0.002236,10,0,2,16,9,10,10
21,False,True,12.0,True,400,29,12,0.025128662586617948,0.985272151779561,6.8844,0.031994,10,0,2,16,9,10,10
15,True,True,4.0,True,400,36,18,0.024968438430146577,0.9852667273328855,7.5333,0.023129,11,1,3,18,10,11,11
15,True,False,,False,400,15,14,0.02491521882625106,0.9852655461884574,10.942,0.004207,11,1,3,18,10,11,11
15,True,False,,True,400,22,20,0.02492544905802205,0.9852534437200847,17.4928,0.000159,11,1,3,18,10,11,11
12,False,True,12.0,False,300,22,16,0.025241627156597262,0.9852359542879809,1.3521,0.508612,12,2,4,19,11,12,12
9,True,True,18.0,False,400,29,14,0.025468441890308818,0.9852254479847672,12.5379,0.001894,13,3,5,21,11,13,13
18,True,True,16.0,True,400,36,12,0.02532024755080298,0.9852073165762717,6.2257,0.044474,10,0,2,17,9,11,11
15,False,True,16.0,True,400,29,16,0.025352497929116858,0.9852013212723143,6.2992,0.04287,11,1,3,18,10,11,11
18,False,True,18.0,True,400,29,12,0.02538420828244372,0.9851959161323015,50.3876,0.0,10,0,2,17,9,11,11
12,False,True,4.0,True,300,29,20,0.0250671137732697,0.985182449058647,15.1519,0.000513,12,2,4,19,11,12,12
15,True,False,,True,400,22,14,0.0249863973719277,0.9851812382728994,18.4635,9.8e-05,11,1,3,18,10,11,11
15,True,True,18.0,True,400,36,12,0.025426910608591757,0.9851778857474633,7.7846,0.020398,11,1,3,18,10,11,11
15,True,False,,True,400,22,16,0.024996540605071074,0.9851692044721017,27.3412,1e-06,11,1,3,18,10,11,11
9,True,True,18.0,False,400,29,16,0.025533086951514985,0.985150350029182,13.3525,0.001261,13,3,5,21,11,13,13
12,False,True,12.0,False,400,22,18,0.025324172536419148,0.9851392333863497,12.0194,0.002455,12,2,4,19,11,12,12
15,True,True,4.0,False,400,29,18,0.02509656783682951,0.9851151272101122,4.3998,0.110816,11,1,3,18,10,11,11
12,False,True,8.0,False,300,22,18,0.025236692167078238,0.985112594183536,15.0398,0.000542,12,2,4,19,11,12,12
12,True,True,18.0,False,400,29,12,0.02551199003111274,0.9851106481840879,8.2035,0.016544,12,2,4,19,11,12,12
21,True,True,4.0,False,400,29,16,0.025061624129542066,0.9850918740080332,12.1668,0.00228,10,0,2,16,9,10,10
18,True,True,12.0,False,200,29,18,0.02530976829408441,0.9850917345646274,105442.2331,0.0,10,0,2,17,9,11,11
12,True,True,8.0,True,400,36,18,0.025254950808117554,0.9850910444393224,217.3375,0.0,12,2,4,19,11,12,12
18,False,True,12.0,True,400,29,12,0.025312743129437966,0.9850882298117648,7.0491,0.029465,10,0,2,17,9,11,11
21,False,True,16.0,False,400,22,12,0.025396694994110965,0.985086028349334,2.8093,0.245448,10,0,2,16,9,10,10
15,True,True,16.0,True,400,36,12,0.025455433358801297,0.985080907039157,4.9503,0.08415,11,1,3,18,10,11,11
15,False,True,4.0,False,300,22,18,0.025138939839776223,0.9850648227777894,789.8908,0.0,11,1,3,18,10,11,11
18,True,True,4.0,True,400,36,14,0.02511439097127733,0.9850614457817695,21.7367,1.9e-05,10,0,2,17,9,11,11
12,False,True,8.0,False,400,22,16,0.02528275384786127,0.9850581999918778,11.8108,0.002725,12,2,4,19,11,12,12
15,True,True,4.0,False,400,29,20,0.025157020091656684,0.9850433319056242,3.3616,0.186221,11,1,3,18,10,11,11
15,True,True,12.0,True,400,36,12,0.025380014506361636,0.985041295416742,1.304,0.521,11,1,3,18,10,11,11
18,True,False,,True,400,22,12,0.025092605425284888,0.985023130108531,148.0576,0.0,10,0,2,17,9,11,11
18,False,True,8.0,False,400,22,14,0.025258631825740063,0.9850210041240185,1.9508,0.377042,10,0,2,17,9,11,11
18,False,True,4.0,True,300,29,18,0.025169415626981235,0.9849959144872784,9.9976,0.006746,10,0,2,17,9,11,11
21,True,True,16.0,False,300,29,18,0.025478910143982948,0.9849893118992877,246900.2621,0.0,10,0,2,16,9,10,10
18,False,True,16.0,True,200,29,20,0.025543709030476244,0.9849450615150468,424146.3071,0.0,10,0,2,17,9,11,11
15,True,False,,True,400,22,18,0.02518664481041064,0.9849427637249892,30.3452,0.0,11,1,3,18,10,11,11
21,False,True,8.0,True,300,29,12,0.025306446208919184,0.9849311974674257,147.0042,0.0,10,0,2,16,9,10,10
18,True,True,4.0,True,400,36,16,0.02522688647292227,0.9849273167917473,25.5111,3e-06,10,0,2,17,9,11,11
15,True,False,,False,400,15,10,0.025200087430101107,0.9849266867352069,6.9878,0.030383,11,1,3,18,10,11,11
12,False,True,12.0,False,400,22,16,0.02551857527708736,0.9849101982653663,12.1026,0.002355,12,2,4,19,11,12,12
18,False,True,18.0,True,300,29,8,0.025642603539570517,0.9848929896346003,121.3738,0.0,10,0,2,17,9,11,11
12,True,True,8.0,True,400,36,14,0.025426937557675264,0.9848872924099384,19.4269,6e-05,12,2,4,19,11,12,12
12,True,True,18.0,True,300,36,12,0.025711681575318366,0.9848766472997345,27.7638,1e-06,12,2,4,19,11,12,12
21,False,True,8.0,False,300,22,12,0.02535899086434804,0.9848685567445303,109.1789,0.0,10,0,2,16,9,10,10
15,False,True,8.0,True,300,29,14,0.025442780759059442,0.9848351805566407,6.7021,0.035048,11,1,3,18,10,11,11
18,True,True,18.0,True,400,36,12,0.025705176054810357,0.9848191720938041,11.8618,0.002656,10,0,2,17,9,11,11
15,False,True,12.0,True,200,29,12,0.02557158517316986,0.9848146238282703,692.8617,0.0,11,1,3,18,10,11,11
12,False,True,12.0,True,200,29,16,0.02560318988555248,0.9848099626926019,49.6757,0.0,12,2,4,19,11,12,12
12,False,True,16.0,False,200,22,16,0.025733472019373253,0.9847857319342955,39.9815,0.0,12,2,4,19,11,12,12
21,True,False,,True,400,22,18,0.025270456374377057,0.984778427722872,35.2997,0.0,10,0,2,16,9,10,10
18,True,False,,True,400,22,10,0.025307173108583023,0.984765899596524,40.8731,0.0,10,0,2,17,9,11,11
21,True,False,,True,300,22,16,0.025288799145740816,0.984756322292889,41.5656,0.0,10,0,2,16,9,10,10
12,False,True,12.0,True,300,29,18,0.025671766103877176,0.984728482975121,0.8103,0.666868,12,2,4,19,11,12,12
18,True,True,12.0,False,400,29,12,0.025625540124857783,0.9847174145033745,2.8117,0.245154,10,0,2,17,9,11,11
15,False,True,16.0,False,400,22,12,0.02576597851349813,0.9847146738212755,2.0422,0.360201,11,1,3,18,10,11,11
9,True,True,12.0,True,400,36,14,0.025745135633229655,0.9847066919453096,4.181,0.123628,13,3,5,21,11,13,13
9,False,True,12.0,True,300,29,18,0.025747331201545397,0.98470408337996,1.4205,0.491513,13,3,5,21,11,13,13
15,False,True,12.0,False,200,22,12,0.02567553610204685,0.9846909128894985,1059.9609,0.0,11,1,3,18,10,11,11
15,False,True,4.0,True,400,29,18,0.025478934623380262,0.9846581055007207,0.1413,0.931777,11,1,3,18,10,11,11
12,False,True,8.0,True,300,29,18,0.025625164807972747,0.9846507379424093,16.6561,0.000242,12,2,4,19,11,12,12
21,False,True,4.0,True,400,29,18,0.025442450154440844,0.9846353562616942,12.1905,0.002254,10,0,2,16,9,10,10
18,False,True,8.0,True,200,29,14,0.025583171056539455,0.9846336116306419,12388.5351,0.0,10,0,2,17,9,11,11
12,False,True,8.0,True,400,29,20,0.025658519381557002,0.9846107537087844,250.5474,0.0,12,2,4,19,11,12,12
12,True,True,4.0,True,400,36,14,0.025555410546759902,0.9845995472311347,0.8973,0.638486,12,2,4,19,11,12,12
12,False,True,4.0,False,400,22,20,0.025558866129684197,0.9845953820748338,0.8321,0.659638,12,2,4,19,11,12,12
15,False,True,16.0,True,400,29,20,0.025876572360371275,0.9845831755386729,9.1029,0.010552,11,1,3,18,10,11,11
12,True,False,,True,400,22,10,0.025514002058436635,0.9845822699141108,8.1907,0.01665,12,2,4,19,11,12,12
15,True,True,8.0,False,300,29,16,0.02565740236103307,0.9845782569669607,16310.3339,0.0,11,1,3,18,10,11,11
21,True,True,16.0,False,400,29,10,0.025830893723170715,0.9845717107700208,5.6968,0.057937,10,0,2,16,9,10,10
21,True,True,18.0,False,400,29,10,0.02590544026967454,0.9845487583265431,6.0037,0.049695,10,0,2,16,9,10,10
12,False,True,8.0,False,300,22,16,0.025737478339195503,0.9845158933257345,0.7796,0.677189,12,2,4,19,11,12,12
12,False,True,4.0,True,400,29,20,0.025632224905350547,0.9845068268428965,0.3476,0.840475,12,2,4,19,11,12,12
9,False,True,12.0,False,300,22,20,0.025945185438163824,0.9844680985429234,1.6022,0.448835,13,3,5,21,11,13,13
18,False,True,12.0,False,300,22,10,0.02584142325026828,0.9844588326643259,4.9873,0.082609,10,0,2,17,9,11,11
12,False,True,12.0,False,200,22,16,0.02590212770143631,0.9844531801363849,5.3534,0.068789,12,2,4,19,11,12,12
21,True,True,8.0,True,400,36,12,0.025723116818096883,0.9844308967380195,2.2454,0.325392,10,0,2,16,9,10,10
21,True,True,8.0,True,300,36,16,0.025756946230991524,0.984389918814278,46591.3612,0.0,10,0,2,16,9,10,10
12,False,True,12.0,False,300,22,18,0.025955380957863296,0.984389187720733,36.7377,0.0,12,2,4,19,11,12,12
18,False,True,4.0,True,400,29,18,0.025685063050866718,0.9843748376612869,17.7338,0.000141,10,0,2,17,9,11,11
21,True,False,,True,400,22,16,0.02560608551150775,0.9843714125638091,20.31,3.9e-05,10,0,2,16,9,10,10
12,True,True,12.0,True,200,36,16,0.025975388232325036,0.9843651117741329,506.1525,0.0,12,2,4,19,11,12,12
15,False,True,18.0,False,400,22,16,0.026116352319211153,0.9843631956708725,3.3365,0.188577,11,1,3,18,10,11,11
12,False,True,12.0,True,300,29,16,0.02599366094238251,0.9843431069237342,0.9989,0.606869,12,2,4,19,11,12,12
12,True,True,4.0,True,400,36,16,0.0257758607992888,0.9843327014222933,3.1548,0.20651,12,2,4,19,11,12,12
15,True,True,4.0,False,400,29,14,0.02576336489362947,0.9843136597054302,7.5728,0.022678,11,1,3,18,10,11,11
9,False,True,12.0,False,400,22,20,0.02607999025345675,0.9843062793504692,1.406,0.495101,13,3,5,21,11,13,13
12,True,True,12.0,False,400,29,12,0.026046717653374466,0.9842791258597511,2.1283,0.34502,12,2,4,19,11,12,12
21,False,True,16.0,True,200,29,10,0.026083739160528332,0.9842681932150484,3606.7429,0.0,10,0,2,16,9,10,10
18,False,True,8.0,True,300,29,12,0.025886549132543332,0.9842670060632571,149.0943,0.0,10,0,2,17,9,11,11
21,False,True,4.0,False,300,22,18,0.025751607402967096,0.9842596887693732,4447.6003,0.0,10,0,2,16,9,10,10
9,False,True,12.0,False,400,22,18,0.026134776562098838,0.9842402744088958,3.8929,0.142782,13,3,5,21,11,13,13
12,True,True,16.0,True,400,36,12,0.02619217743711263,0.9842385016819128,3.8984,0.142384,12,2,4,19,11,12,12
15,False,True,18.0,True,400,29,18,0.026222242821188707,0.9842361376657306,18.2444,0.000109,11,1,3,18,10,11,11
21,True,True,4.0,False,400,29,14,0.025780675543912064,0.9842241337213137,10.7084,0.004728,10,0,2,16,9,10,10
12,False,True,12.0,False,400,22,14,0.026101434100707522,0.9842130066737463,2.4412,0.295053,12,2,4,19,11,12,12
15,True,True,8.0,True,400,36,12,0.02596055779143575,0.984211672311086,0.5983,0.741455,11,1,3,18,10,11,11
12,False,True,8.0,True,400,29,18,0.02599805215118811,0.9842007748700423,108.9836,0.0,12,2,4,19,11,12,12
12,False,True,16.0,True,200,29,18,0.026230103802347308,0.9841928232243338,9779.7451,0.0,12,2,4,19,11,12,12
12,False,True,16.0,True,200,29,14,0.02624830548613728,0.9841708776718252,136.1212,0.0,12,2,4,19,11,12,12
12,True,True,4.0,True,400,36,20,0.025910719771294013,0.9841683303414414,8.669,0.013109,12,2,4,19,11,12,12
12,True,True,4.0,False,400,29,16,0.025912474960009334,0.9841661853983955,1.4965,0.473194,12,2,4,19,11,12,12
9,False,True,8.0,False,300,22,18,0.026085779490253203,0.9841635287932367,0.3104,0.856241,13,3,5,21,11,13,13
18,False,False,,True,200,15,12,0.025779647773750285,0.9841588282554892,3.0715,0.215292,10,0,2,17,9,11,11
9,True,True,12.0,True,300,36,20,0.026219250175210894,0.9841382316412901,8660.2267,0.0,13,3,5,21,11,13,13
9,True,True,4.0,True,400,36,14,0.02599257045603889,0.9841378696039457,15.2597,0.000486,13,3,5,21,11,13,13
18,True,False,,False,400,15,12,0.025832108745293937,0.9841273564852707,48.8308,0.0,10,0,2,17,9,11,11
9,False,True,12.0,False,300,22,18,0.026232650650622615,0.9841220138201698,2.5816,0.275057,13,3,5,21,11,13,13
18,True,False,,False,400,15,10,0.025850651434706266,0.984104561045996,62.1957,0.0,10,0,2,17,9,11,11
18,False,True,12.0,True,300,29,10,0.02613589819828395,0.9841026169888023,56.6523,0.0,10,0,2,17,9,11,11
12,False,True,4.0,False,400,22,18,0.025966159529767403,0.9841005095369588,0.9714,0.615264,12,2,4,19,11,12,12
21,True,True,18.0,False,300,29,18,0.026288508065070392,0.984088419905521,256887.4157,0.0,10,0,2,16,9,10,10
12,False,True,4.0,False,300,22,18,0.025976909619971584,0.9840873419110379,91.2417,0.0,12,2,4,19,11,12,12
9,False,True,12.0,True,300,29,16,0.026265988673440686,0.9840816307851861,4.3737,0.112272,13,3,5,21,11,13,13
9,False,True,12.0,False,300,22,16,0.026267023024977455,0.9840803770334949,2.2539,0.324019,13,3,5,21,11,13,13
9,True,True,4.0,True,400,36,16,0.026044733832121105,0.9840741396597394,27.653,1e-06,13,3,5,21,11,13,13
15,False,True,18.0,False,400,22,18,0.02635796887201117,0.9840725281695901,2.9926,0.223961,11,1,3,18,10,11,11
21,True,True,8.0,False,400,29,12,0.026030587480144855,0.984056474579928,9.3447,0.00935,10,0,2,16,9,10,10
18,True,True,12.0,True,400,36,12,0.026175072171522956,0.9840549254674513,0.9326,0.627311,10,0,2,17,9,11,11
18,True,True,4.0,False,400,29,18,0.025946740031245294,0.9840548405357383,7.0296,0.029754,10,0,2,17,9,11,11
15,False,True,16.0,True,400,29,12,0.02631816217299195,0.9840525023222157,9.7601,0.007596,11,1,3,18,10,11,11
9,True,True,8.0,True,400,36,16,0.026190623733756545,0.9840359727416268,16.1857,0.000306,13,3,5,21,11,13,13
12,True,True,18.0,True,400,36,12,0.026433272516313954,0.9840158706436949,6.1164,0.046973,12,2,4,19,11,12,12
9,True,True,16.0,True,400,36,12,0.026435172992107667,0.9840135721357873,5.555,0.062193,13,3,5,21,11,13,13
18,True,True,4.0,True,400,36,20,0.025988311805986763,0.9840037050482354,38.3478,0.0,10,0,2,17,9,11,11
15,False,True,18.0,True,400,29,14,0.026417000966519655,0.9840011049948525,10.9393,0.004213,11,1,3,18,10,11,11
21,False,True,12.0,False,300,22,10,0.02619857249891678,0.9839913095695348,45.478,0.0,10,0,2,16,9,10,10
21,False,True,8.0,True,200,29,14,0.02609152755995887,0.9839817365805646,19376.5137,0.0,10,0,2,16,9,10,10
12,True,False,,True,400,22,12,0.026019594317715465,0.9839651719214846,27.9401,1e-06,12,2,4,19,11,12,12
18,True,True,12.0,True,300,36,14,0.02624988897499137,0.9839636428584565,40439.9818,0.0,10,0,2,17,9,11,11
21,True,True,18.0,True,400,36,10,0.026395594203013652,0.9839585243563754,17.038,0.0002,10,0,2,16,9,10,10
12,False,True,8.0,True,300,29,16,0.026211922918661732,0.9839397637080303,9.3664,0.009249,12,2,4,19,11,12,12
12,True,True,8.0,False,400,29,14,0.026213665590737942,0.9839376281412672,6.4996,0.038781,12,2,4,19,11,12,12
15,False,True,8.0,False,400,22,14,0.0261984989461983,0.9839209305702924,4.7239,0.094235,11,1,3,18,10,11,11
9,True,True,4.0,True,400,36,12,0.02617396074765244,0.9839157079733082,3.1687,0.205084,13,3,5,21,11,13,13
15,False,True,12.0,False,200,22,20,0.02633504579813771,0.9838943443477991,60676.1073,0.0,11,1,3,18,10,11,11
15,False,True,18.0,False,400,22,20,0.026516489879745968,0.9838803713847944,2.3076,0.31544,11,1,3,18,10,11,11
9,False,True,8.0,False,400,22,20,0.026325722971999047,0.983870853309985,0.9252,0.629653,13,3,5,21,11,13,13
9,False,True,8.0,False,300,22,16,0.02633647241976766,0.9838576787568951,0.3403,0.843548,13,3,5,21,11,13,13
15,False,True,18.0,False,200,22,20,0.026555134886732754,0.9838333518056197,135219.3629,0.0,11,1,3,18,10,11,11
18,False,True,16.0,True,300,29,8,0.026479718317585183,0.9838215172516278,94.2977,0.0,10,0,2,17,9,11,11
15,False,True,18.0,True,400,29,16,0.026567905468120934,0.9838177987202394,8.0772,0.017622,11,1,3,18,10,11,11
18,True,True,4.0,True,400,36,18,0.026140669309644243,0.9838155974446929,32.0529,0.0,10,0,2,17,9,11,11
9,False,True,8.0,True,300,29,18,0.026383606444653374,0.9837998476698175,8.4092,0.014927,13,3,5,21,11,13,13
12,False,True,4.0,True,400,29,18,0.026212581606760682,0.9837973013137553,0.5353,0.765162,12,2,4,19,11,12,12
18,False,False,,True,200,15,10,0.02607550226969048,0.9837931463995282,6.3623,0.041539,10,0,2,17,9,11,11
9,False,True,4.0,False,400,22,20,0.026277391786018095,0.9837883369516752,0.2545,0.880515,13,3,5,21,11,13,13
18,True,False,,True,400,22,20,0.026125120016367964,0.983765230368566,24.1948,6e-06,10,0,2,17,9,11,11
9,True,True,4.0,False,400,29,16,0.02630138527682292,0.9837587181847308,0.2126,0.899163,13,3,5,21,11,13,13
9,False,True,4.0,False,300,22,20,0.02630953107509375,0.9837486564567295,4.0348,0.133,13,3,5,21,11,13,13
9,True,True,16.0,False,400,29,12,0.02665755640700978,0.9837434721471532,3.0573,0.216831,13,3,5,21,11,13,13
21,True,True,12.0,False,400,29,10,0.026423918057058467,0.9837147294558283,0.1856,0.91136,10,0,2,16,9,10,10
15,False,True,4.0,True,200,29,20,0.026253337756330947,0.9837113341234653,64683.3388,0.0,11,1,3,18,10,11,11
12,True,True,4.0,True,400,36,18,0.026292268439765672,0.9836986384415745,5.6827,0.058347,12,2,4,19,11,12,12
9,False,True,12.0,True,200,29,16,0.026580375851254542,0.9836982847202098,3502.2084,0.0,13,3,5,21,11,13,13
15,False,True,8.0,False,300,22,12,0.026395481702761747,0.9836782291345476,19.1425,7e-05,11,1,3,18,10,11,11
12,True,True,18.0,False,300,29,12,0.0267121170610952,0.9836768588036601,2865.9168,0.0,12,2,4,19,11,12,12
15,False,True,12.0,True,400,29,12,0.026521414495484542,0.9836655837098752,5.5785,0.061467,11,1,3,18,10,11,11
9,False,True,18.0,True,200,29,16,0.026784772300126228,0.9836587420350916,7758.4241,0.0,13,3,5,21,11,13,13
18,True,False,,False,400,15,14,0.02621328362100819,0.9836554715679867,40.266,0.0,10,0,2,17,9,11,11
21,True,True,16.0,True,400,36,10,0.026587536421797717,0.9836546169589919,14.1853,0.000831,10,0,2,16,9,10,10
15,False,True,16.0,True,300,29,10,0.026646555029462934,0.9836520398821471,4.2655,0.11851,11,1,3,18,10,11,11
18,False,True,8.0,False,300,22,12,0.026388390924706507,0.9836510873136215,143.294,0.0,10,0,2,17,9,11,11
18,True,True,4.0,False,400,29,16,0.026288736358063246,0.9836317334803977,10.9658,0.004157,10,0,2,17,9,11,11
9,False,True,4.0,False,400,22,18,0.026407664379489475,0.9836271968762618,0.3028,0.85949,13,3,5,21,11,13,13
15,False,True,18.0,True,200,29,10,0.026726957213975402,0.983623465632022,96.4613,0.0,11,1,3,18,10,11,11
12,False,True,8.0,True,400,29,16,0.026470906831724143,0.9836208332115001,32.8106,0.0,12,2,4,19,11,12,12
12,False,True,4.0,False,300,22,20,0.0263577461289472,0.9836173442335783,1497.8387,0.0,12,2,4,19,11,12,12
12,False,True,12.0,True,200,29,18,0.026607249662641656,0.9835952107419981,540.951,0.0,12,2,4,19,11,12,12
15,True,True,8.0,True,300,36,18,0.02646649493515507,0.9835902882615835,51115.3527,0.0,11,1,3,18,10,11,11
15,False,True,18.0,True,200,29,20,0.02675708957177268,0.9835865185333983,337549.7965,0.0,11,1,3,18,10,11,11
9,False,True,12.0,True,300,29,20,0.026672901347002814,0.9835845956202363,54.3432,0.0,13,3,5,21,11,13,13
18,True,True,16.0,False,400,29,10,0.02667609719467405,0.9835806617193812,3.0737,0.215058,10,0,2,17,9,11,11
15,True,True,8.0,False,400,29,12,0.0264796308982596,0.9835739951436882,1.0062,0.604644,11,1,3,18,10,11,11
15,True,False,,True,300,22,16,0.026308096195254656,0.9835720462177788,814.2103,0.0,11,1,3,18,10,11,11
9,True,True,12.0,True,300,36,18,0.02668579688630596,0.9835687190823703,7888.0902,0.0,13,3,5,21,11,13,13
9,False,True,12.0,True,200,29,14,0.02669018121742486,0.9835633194988793,4418.7488,0.0,13,3,5,21,11,13,13
12,True,True,4.0,False,400,29,18,0.026407268156455985,0.9835557255746985,1.1813,0.553954,12,2,4,19,11,12,12
12,False,True,8.0,False,300,22,14,0.02652800973731833,0.9835500908806197,2.0574,0.357475,12,2,4,19,11,12,12
21,False,True,18.0,False,400,22,12,0.02675694984655055,0.9835163023730921,3.9695,0.137417,10,0,2,16,9,10,10
9,False,True,8.0,False,400,22,18,0.02661411791951085,0.983515532161436,0.9362,0.626192,13,3,5,21,11,13,13
9,False,True,12.0,False,400,22,16,0.026732200923195042,0.9835115245599899,1.8635,0.393859,13,3,5,21,11,13,13
15,True,True,4.0,True,400,36,12,0.026416876337467532,0.9835077697503117,1.1555,0.561172,11,1,3,18,10,11,11
21,True,True,12.0,False,200,29,16,0.0266263142770069,0.9834642972162246,90879.1636,0.0,10,0,2,16,9,10,10
21,True,False,,True,300,22,18,0.026339281218575167,0.9834635918789361,863.5585,0.0,10,0,2,16,9,10,10
9,True,True,8.0,True,400,36,20,0.02665693954802261,0.9834624430721344,254.3072,0.0,13,3,5,21,11,13,13
15,False,True,18.0,False,400,22,14,0.0268602390158189,0.9834597256063583,11.9111,0.002591,11,1,3,18,10,11,11
15,False,True,16.0,False,200,22,10,0.026803511620004425,0.9834588834221285,157.28,0.0,11,1,3,18,10,11,11
21,False,True,8.0,False,400,22,12,0.026517672253913774,0.9834542211102837,0.0855,0.958144,10,0,2,16,9,10,10
12,True,True,12.0,True,400,36,12,0.026725273401274695,0.9834493520939928,2.6143,0.270594,12,2,4,19,11,12,12
9,True,True,18.0,True,400,36,12,0.026963046130480273,0.983440490148996,9.2005,0.010049,13,3,5,21,11,13,13
15,True,True,12.0,True,200,36,20,0.026711267936672764,0.9834308869586402,213163.3412,0.0,11,1,3,18,10,11,11
15,False,True,18.0,True,300,29,10,0.02688429398729623,0.9834300867048215,6.7539,0.034152,11,1,3,18,10,11,11
9,False,True,8.0,False,300,22,20,0.026685858725621153,0.9834265415790409,93.5199,0.0,13,3,5,21,11,13,13
12,False,True,8.0,True,300,29,20,0.02663951402162412,0.9834115135616968,367.5321,0.0,12,2,4,19,11,12,12
9,False,True,4.0,True,300,29,20,0.026581789817531207,0.9834105688094007,13.0762,0.001447,13,3,5,21,11,13,13
15,False,True,18.0,False,200,22,10,0.02690182329928922,0.9834084715659793,103.6374,0.0,11,1,3,18,10,11,11
12,False,True,16.0,False,300,22,16,0.02688764984460396,0.9833903691986173,1.91,0.384816,12,2,4,19,11,12,12
12,False,True,12.0,True,300,29,20,0.026777489426036204,0.9833846153725604,29.5761,0.0,12,2,4,19,11,12,12
18,True,True,18.0,False,400,29,10,0.026895483889984455,0.9833806889507476,4.7288,0.094003,10,0,2,17,9,11,11
9,False,True,16.0,True,200,29,16,0.026962558405188197,0.9833693464467238,5692.5511,0.0,13,3,5,21,11,13,13
12,False,True,18.0,False,200,22,14,0.02696333271373571,0.9833683912375106,20.6276,3.3e-05,12,2,4,19,11,12,12
18,True,False,,True,400,22,16,0.026447342974919325,0.9833622866900631,23.7922,7e-06,10,0,2,17,9,11,11
9,True,True,18.0,False,400,29,12,0.02703114442701032,0.9833567385993423,4.2948,0.116787,13,3,5,21,11,13,13
18,True,True,8.0,True,400,36,12,0.0266323370703173,0.9833474167447332,1.817,0.403136,10,0,2,17,9,11,11
12,False,True,12.0,False,200,22,18,0.026821047289206326,0.9833305162544286,180.7319,0.0,12,2,4,19,11,12,12
9,True,True,12.0,False,400,29,14,0.026885656646626895,0.9833216776136481,3.6377,0.162215,13,3,5,21,11,13,13
9,False,True,12.0,True,300,29,14,0.02689732804429307,0.9833071939365297,1.6512,0.43797,13,3,5,21,11,13,13
12,False,True,12.0,False,300,22,14,0.026862702669006977,0.9832786977791949,2.4704,0.290782,12,2,4,19,11,12,12
9,False,True,8.0,True,300,29,16,0.02680562047745392,0.983277449858805,1.4891,0.474938,13,3,5,21,11,13,13
9,False,True,8.0,True,300,29,14,0.02681770149478199,0.9832623730995423,0.4249,0.808611,13,3,5,21,11,13,13
21,True,False,,True,300,22,20,0.02650691463960024,0.9832524338098702,202.8988,0.0,10,0,2,16,9,10,10
21,False,True,8.0,True,400,29,14,0.02667956373663267,0.9832515790988493,36.2973,0.0,10,0,2,16,9,10,10
18,False,True,8.0,True,400,29,14,0.026713469638925975,0.9832458015698964,41.3491,0.0,10,0,2,17,9,11,11
15,True,True,18.0,False,400,29,10,0.027035167547632247,0.9832435854966212,3.6229,0.163421,11,1,3,18,10,11,11
21,False,True,12.0,True,300,29,10,0.026805199123220578,0.9832413656448077,288.7808,0.0,10,0,2,16,9,10,10
15,False,True,18.0,True,400,29,20,0.027037265429522207,0.9832409848585915,48.7244,0.0,11,1,3,18,10,11,11
12,False,True,4.0,True,300,29,18,0.026670677154022757,0.9832260304897213,9.9315,0.006973,12,2,4,19,11,12,12
12,True,True,16.0,True,300,36,12,0.02702931348490298,0.9832148849609401,517.5033,0.0,12,2,4,19,11,12,12
15,False,True,18.0,True,400,29,12,0.02706895253719819,0.9832016794114229,25.5816,3e-06,11,1,3,18,10,11,11
15,False,True,16.0,True,200,29,10,0.0270153576047399,0.9831963792346236,298.1616,0.0,11,1,3,18,10,11,11
15,False,True,8.0,True,300,29,12,0.02678255947296898,0.9831960164179061,6.436,0.040036,11,1,3,18,10,11,11
9,True,True,8.0,True,400,36,14,0.02687444637532472,0.9831914662415161,2.0333,0.361814,13,3,5,21,11,13,13
18,True,False,,True,400,22,14,0.02658535146114592,0.9831881946048475,45.3683,0.0,10,0,2,17,9,11,11
9,True,True,4.0,True,400,36,20,0.026770059890377184,0.9831747416457551,24.8535,4e-06,13,3,5,21,11,13,13
12,False,True,18.0,True,300,29,18,0.0271220456470385,0.9831720193523881,9.4624,0.008816,12,2,4,19,11,12,12
21,True,True,12.0,False,300,29,18,0.026885260995017497,0.9831411066340322,370671.0996,0.0,10,0,2,16,9,10,10
18,True,True,4.0,False,400,29,20,0.026684091576947733,0.9831357080985081,7.3875,0.024878,10,0,2,17,9,11,11
12,True,True,4.0,False,400,29,20,0.026750209949211057,0.983125840321392,0.4554,0.796372,12,2,4,19,11,12,12
21,False,True,8.0,False,200,22,14,0.02678846653783175,0.9831145699226079,29926.4921,0.0,10,0,2,16,9,10,10
9,True,True,4.0,False,400,29,18,0.0268286013338518,0.9831010733836039,0.3759,0.828636,13,3,5,21,11,13,13
9,False,True,8.0,False,300,22,14,0.026947114859336034,0.9831004428172214,0.3889,0.823308,13,3,5,21,11,13,13
12,False,True,16.0,False,300,22,18,0.027132025350433818,0.9830870751182809,2.0275,0.362861,12,2,4,19,11,12,12
12,True,True,4.0,False,400,29,14,0.026793197066644826,0.9830715637893802,2.7986,0.246767,12,2,4,19,11,12,12
9,True,True,4.0,True,400,36,18,0.026863377177853615,0.9830572354431175,48.8192,0.0,13,3,5,21,11,13,13
9,True,True,8.0,False,400,29,20,0.026982400829815605,0.983056155500854,5.5307,0.062954,13,3,5,21,11,13,13
21,False,True,4.0,True,400,29,16,0.02671951514237835,0.9830542117158882,17.3805,0.000168,10,0,2,16,9,10,10
12,True,False,,False,400,15,12,0.02675627990809536,0.9830443389166421,5.4612,0.065179,12,2,4,19,11,12,12
12,False,True,12.0,False,400,22,12,0.027060463667551958,0.9830315898289512,1.1745,0.555843,12,2,4,19,11,12,12
15,True,True,16.0,False,400,29,10,0.027154692316787563,0.9830225991556051,4.2124,0.121701,11,1,3,18,10,11,11
15,True,True,12.0,True,300,36,18,0.02706606775375084,0.9829877959648027,199194.6276,0.0,11,1,3,18,10,11,11
9,False,True,8.0,False,400,22,16,0.027043921910144656,0.9829788019704156,1.085,0.581302,13,3,5,21,11,13,13
15,False,True,18.0,True,300,29,8,0.027248228012690015,0.9829784347582747,7.3658,0.02515,11,1,3,18,10,11,11
18,True,False,,True,400,22,18,0.026754233489227713,0.9829739239930187,29.7539,0.0,10,0,2,17,9,11,11
21,False,True,16.0,False,200,22,20,0.027148464707500767,0.9829576509603086,476804.1662,0.0,10,0,2,16,9,10,10
15,False,True,18.0,False,400,22,12,0.027273285332238998,0.9829471144896972,9.7298,0.007713,11,1,3,18,10,11,11
9,True,True,8.0,False,400,29,18,0.027071038316908394,0.9829446512191808,5.5298,0.062983,13,3,5,21,11,13,13
12,True,False,,False,400,15,14,0.026844976229055018,0.9829317375039007,6.8162,0.033104,12,2,4,19,11,12,12
9,True,True,8.0,True,400,36,18,0.027096518082392967,0.98291253048609,111.8856,0.0,13,3,5,21,11,13,13
12,False,True,12.0,False,300,22,12,0.02715777725537092,0.9829093283643697,5.3515,0.068856,12,2,4,19,11,12,12
9,True,True,12.0,True,300,36,16,0.027220291302351648,0.9829039174790104,9460.7016,0.0,13,3,5,21,11,13,13
12,False,True,12.0,True,300,29,14,0.027165793559799773,0.9828992373878117,2.6238,0.269303,12,2,4,19,11,12,12
12,False,True,18.0,True,300,29,20,0.027358516525078033,0.9828773015548153,6.6946,0.035179,12,2,4,19,11,12,12
12,False,True,12.0,True,200,29,14,0.027195491232018205,0.9828618278099,210.4186,0.0,12,2,4,19,11,12,12
18,False,True,18.0,False,300,22,8,0.02731754053094922,0.9828550002212483,51.0475,0.0,10,0,2,17,9,11,11
21,False,True,18.0,True,300,29,8,0.02729618977473692,0.9828452067646091,505.7317,0.0,10,0,2,16,9,10,10
9,False,True,12.0,False,300,22,14,0.027275247497244946,0.9828348157881748,2.7344,0.254816,13,3,5,21,11,13,13
18,True,True,8.0,False,400,29,12,0.027042498129494635,0.9828305385614124,1.7108,0.425107,10,0,2,17,9,11,11
9,True,True,8.0,False,400,29,16,0.027165167427179983,0.9828258382002077,1.8254,0.401446,13,3,5,21,11,13,13
18,False,True,4.0,True,300,29,16,0.026930080285788333,0.9828233462091988,16.2969,0.000289,10,0,2,17,9,11,11
9,True,True,4.0,False,400,29,20,0.02705292151136103,0.9828173002620162,0.1826,0.912732,13,3,5,21,11,13,13
21,True,True,4.0,True,400,36,12,0.02690909116320822,0.9828128965904688,3.72,0.155676,10,0,2,16,9,10,10
12,True,True,4.0,True,400,36,12,0.026998973952439796,0.9828105379941878,0.4391,0.802892,12,2,4,19,11,12,12
9,True,True,4.0,False,400,29,14,0.02706530866785192,0.9828015612210527,0.2142,0.898414,13,3,5,21,11,13,13
12,True,False,,True,400,22,16,0.026960632885636573,0.9827843497326567,23.2687,9e-06,12,2,4,19,11,12,12
12,False,True,16.0,False,200,22,14,0.02737575008431519,0.9827818555635108,20.4139,3.7e-05,12,2,4,19,11,12,12
12,False,True,8.0,False,200,22,20,0.027153258257386872,0.9827655246621804,2389.9384,0.0,12,2,4,19,11,12,12
12,False,True,16.0,True,300,29,16,0.027390470894289944,0.9827633330989439,0.9927,0.608738,12,2,4,19,11,12,12
12,False,True,16.0,False,400,22,16,0.027391667431572533,0.9827618271178942,1.9929,0.369194,12,2,4,19,11,12,12
18,True,True,4.0,False,400,29,14,0.026980268008496414,0.982759264676103,10.6339,0.004908,10,0,2,17,9,11,11
6,True,True,18.0,True,400,36,18,0.02754250147742056,0.9827584246184181,14.6668,0.000653,14,4,6,22,12,14,14
18,False,True,12.0,True,200,29,10,0.027220112783544952,0.982756293643534,3123.6762,0.0,10,0,2,17,9,11,11
12,True,True,8.0,True,400,36,12,0.02716792245387876,0.9827469045780558,1.3889,0.499346,12,2,4,19,11,12,12
18,False,True,16.0,False,300,22,8,0.02736318515801278,0.9827239534050978,29.2066,0.0,10,0,2,17,9,11,11
15,False,True,16.0,False,300,22,10,0.027395134767353894,0.982720613750564,7.0707,0.029148,11,1,3,18,10,11,11
12,False,True,18.0,False,200,22,18,0.02749364242969389,0.9827077430965385,9750.8455,0.0,12,2,4,19,11,12,12
12,False,True,18.0,False,300,22,18,0.027495790949411736,0.9827050403475892,2.6198,0.26984,12,2,4,19,11,12,12
9,False,True,18.0,True,300,29,16,0.027556968407084912,0.9827029339011552,3.112,0.210977,13,3,5,21,11,13,13
18,False,True,12.0,False,200,22,10,0.027278365252307243,0.9826824097986824,1291.8667,0.0,10,0,2,17,9,11,11
12,False,True,18.0,True,300,29,16,0.027531012662696065,0.9826607027780567,6.7683,0.033907,12,2,4,19,11,12,12
12,False,True,18.0,True,300,29,14,0.02753701166321036,0.9826531454980523,6.0092,0.049559,12,2,4,19,11,12,12
12,True,False,,True,400,22,18,0.027065193368310217,0.9826505570804956,13.3514,0.001261,12,2,4,19,11,12,12
9,False,True,18.0,True,300,29,20,0.0275992424776781,0.9826498236860871,1.8157,0.403399,13,3,5,21,11,13,13
15,False,True,16.0,True,300,29,8,0.027460205324647123,0.9826384302060143,8.8448,0.012005,11,1,3,18,10,11,11
15,True,True,8.0,False,300,29,18,0.027223900444187463,0.9826376387384281,45594.682,0.0,11,1,3,18,10,11,11
9,False,True,4.0,True,400,29,20,0.027210049745678627,0.9826171201827624,0.6226,0.732499,13,3,5,21,11,13,13
18,True,True,16.0,True,400,36,10,0.027465513479754955,0.9825944995888557,6.7606,0.034038,10,0,2,17,9,11,11
9,True,True,4.0,False,400,29,12,0.027231708032935613,0.9825894367906305,2.6849,0.261204,13,3,5,21,11,13,13
12,False,True,16.0,True,300,29,18,0.027533703200762507,0.9825825912119444,18.1639,0.000114,12,2,4,19,11,12,12
12,True,False,,False,400,15,10,0.027126977440969757,0.9825712565036245,1.9333,0.38036,12,2,4,19,11,12,12
12,False,True,18.0,False,300,22,20,0.027625695510054823,0.9825412333546718,2.3286,0.312141,12,2,4,19,11,12,12
15,False,True,18.0,False,300,22,10,0.027597370343171137,0.9825394319994339,5.7168,0.057361,11,1,3,18,10,11,11
12,False,True,16.0,True,300,29,14,0.027580080950914833,0.982523866053225,3.3236,0.189796,12,2,4,19,11,12,12
18,True,True,16.0,True,300,36,14,0.027529722312991688,0.9825130233608199,173301.2755,0.0,10,0,2,17,9,11,11
18,False,True,8.0,True,400,29,12,0.027291730998894346,0.9825126009674203,19.2269,6.7e-05,10,0,2,17,9,11,11
9,False,True,16.0,True,400,29,14,0.027655909552484786,0.982503023393398,1.1226,0.57048,13,3,5,21,11,13,13
9,False,True,16.0,True,300,29,18,0.027656390303262633,0.9825024150779703,3.2615,0.195782,13,3,5,21,11,13,13
12,False,True,12.0,False,200,22,14,0.027492204810144617,0.9824858192479194,178.1575,0.0,12,2,4,19,11,12,12
9,False,True,16.0,True,400,29,16,0.02767173323761635,0.9824829954240079,2.1806,0.336115,13,3,5,21,11,13,13
12,False,True,18.0,False,300,22,16,0.027675053308676745,0.9824787917705282,4.1108,0.128039,12,2,4,19,11,12,12
12,False,True,12.0,True,400,29,16,0.027502220150985662,0.9824730561798575,53.5849,0.0,12,2,4,19,11,12,12
9,False,True,16.0,True,300,29,16,0.02768203404582147,0.9824699515797932,1.4302,0.489151,13,3,5,21,11,13,13
12,False,True,12.0,True,300,29,12,0.027510267927601452,0.9824627971123714,6.8453,0.032626,12,2,4,19,11,12,12
15,False,True,8.0,True,400,29,14,0.027360780543473552,0.9824626060430639,74.5993,0.0,11,1,3,18,10,11,11
9,False,True,18.0,True,300,29,18,0.027764036398581486,0.9824420107594913,4.7039,0.095181,13,3,5,21,11,13,13
12,False,True,16.0,False,200,22,12,0.027656189391398814,0.982427280658024,4.0479,0.13213,12,2,4,19,11,12,12
12,True,False,,True,400,22,20,0.027239798752471327,0.9824259824713815,6.1775,0.04556,12,2,4,19,11,12,12
9,False,True,16.0,True,200,29,14,0.02772625320212488,0.9824139020083265,2270.8939,0.0,13,3,5,21,11,13,13
21,True,False,,False,400,15,8,0.02717397280562898,0.982398907847616,10.337,0.005693,10,0,2,16,9,10,10
6,True,True,16.0,True,400,36,18,0.02776911157926536,0.9823975393434357,17.1836,0.000186,14,4,6,22,12,14,14
12,False,True,8.0,True,300,29,14,0.02744507801145484,0.9823930915702828,5.1125,0.077597,12,2,4,19,11,12,12
9,True,True,12.0,False,400,29,12,0.02763298031668739,0.9823815976518174,4.144,0.125932,13,3,5,21,11,13,13
9,False,True,18.0,True,400,29,18,0.027812803297720807,0.9823802761709924,0.254,0.880727,13,3,5,21,11,13,13
18,True,True,8.0,False,300,29,16,0.027396475824709852,0.9823781111765129,39382.0374,0.0,10,0,2,17,9,11,11
12,False,True,16.0,False,400,22,18,0.027699577186062353,0.9823721002716465,1.0219,0.599934,12,2,4,19,11,12,12
12,False,True,16.0,False,300,22,14,0.027707409974799226,0.9823621293514561,4.238,0.120149,12,2,4,19,11,12,12
9,False,True,12.0,True,200,29,18,0.02765116547223127,0.9823584008190274,3082.3324,0.0,13,3,5,21,11,13,13
9,False,True,18.0,True,200,29,14,0.02783121843265129,0.9823569360563299,2079.4594,0.0,13,3,5,21,11,13,13
18,True,True,18.0,True,400,36,10,0.02771979907624585,0.9823463526171503,11.8002,0.002739,10,0,2,17,9,11,11
6,True,True,16.0,False,400,29,20,0.02781091864643906,0.9823444975875948,3.7447,0.153761,14,4,6,22,12,14,14
6,True,True,16.0,True,400,36,14,0.027813331884447436,0.9823414334113563,18.1515,0.000114,14,4,6,22,12,14,14
9,False,True,18.0,True,300,29,14,0.027855636914088468,0.982325963224514,7.2884,0.026143,13,3,5,21,11,13,13
18,False,True,8.0,False,400,22,12,0.02743904897151284,0.9823233010489896,0.775,0.67876,10,0,2,17,9,11,11
9,False,True,8.0,True,300,29,20,0.027565703805387396,0.9823156562307748,125.0781,0.0,13,3,5,21,11,13,13
6,True,True,18.0,True,400,36,20,0.027901859530854518,0.9823055740187239,1.2479,0.535825,14,4,6,22,12,14,14
9,False,True,18.0,True,400,29,14,0.027875414793884824,0.9823008567033222,1.3897,0.499138,13,3,5,21,11,13,13
12,False,True,8.0,False,200,22,18,0.027524929071463155,0.9822904884318987,1847.2609,0.0,12,2,4,19,11,12,12
18,False,True,4.0,True,400,29,16,0.027345497268299036,0.9822893330412467,23.7497,7e-06,10,0,2,17,9,11,11
9,False,True,18.0,True,400,29,16,0.02792233024145551,0.9822412298240143,0.1821,0.912967,13,3,5,21,11,13,13
9,False,True,8.0,True,400,29,16,0.027625050586056535,0.982239428274966,21.7747,1.9e-05,13,3,5,21,11,13,13
15,False,True,12.0,True,300,29,10,0.02765828704833826,0.9822351799487313,19.6228,5.5e-05,11,1,3,18,10,11,11
12,True,False,,True,400,22,14,0.02739035366264068,0.9822311817314743,11.9031,0.002602,12,2,4,19,11,12,12
21,False,True,8.0,True,400,29,12,0.027483574954340687,0.9822269130408466,16.865,0.000218,10,0,2,16,9,10,10
12,False,True,16.0,False,300,22,20,0.027814415513347457,0.9822256319808566,5.0666,0.079396,12,2,4,19,11,12,12
15,True,False,,False,400,15,8,0.02737734752761743,0.9822095322062131,3.9213,0.140766,11,1,3,18,10,11,11
12,False,True,12.0,True,400,29,18,0.027716449996167368,0.9821989387802466,282.0007,0.0,12,2,4,19,11,12,12
18,False,True,4.0,False,300,22,18,0.027425609696927204,0.9821854093217596,2999.6478,0.0,10,0,2,17,9,11,11
9,False,True,12.0,True,400,29,16,0.027797482685087485,0.9821712044370761,1.0102,0.603458,13,3,5,21,11,13,13
9,True,False,,True,400,22,10,0.027508061208974147,0.9821561843124527,10.3636,0.005618,13,3,5,21,11,13,13
18,True,True,4.0,True,400,36,12,0.02745565317018209,0.9821463578414487,1.7852,0.409598,10,0,2,17,9,11,11
9,True,True,18.0,True,300,36,10,0.028024585775118585,0.9821109213857829,276.6715,0.0,13,3,5,21,11,13,13
12,False,True,16.0,False,400,22,20,0.02790520772523887,0.9821094039020019,1.0419,0.593965,12,2,4,19,11,12,12
15,False,True,12.0,False,300,22,10,0.02776168937245746,0.9821021017571856,0.0548,0.972987,11,1,3,18,10,11,11
12,False,True,16.0,False,200,22,18,0.027914271330401225,0.9820977802914969,12326.6177,0.0,12,2,4,19,11,12,12
21,False,True,16.0,False,300,22,8,0.02783494245442537,0.9820848865693959,81.9204,0.0,10,0,2,16,9,10,10
15,False,True,8.0,False,400,22,12,0.02766756719863547,0.9820671201197588,0.4273,0.807636,11,1,3,18,10,11,11
9,True,True,12.0,True,400,36,12,0.02788067082425102,0.9820643340697671,4.5873,0.100899,13,3,5,21,11,13,13
12,True,True,8.0,False,400,29,12,0.02770319715818805,0.9820603505675347,0.2182,0.896642,12,2,4,19,11,12,12
9,False,True,16.0,False,300,22,18,0.02801188386773403,0.9820496982694166,1.8111,0.404328,13,3,5,21,11,13,13
21,False,True,18.0,False,400,22,10,0.027925968153235465,0.982044483309583,6.4292,0.040171,10,0,2,16,9,10,10
6,True,True,18.0,True,400,36,14,0.028107715755553098,0.9820435165958837,21.173,2.5e-05,14,4,6,22,12,14,14
9,False,True,16.0,True,400,29,18,0.028018181560042935,0.9820416261108106,0.4632,0.793268,13,3,5,21,11,13,13
9,True,False,,True,400,22,12,0.027603321226549567,0.982032384574022,21.574,2.1e-05,13,3,5,21,11,13,13
15,False,True,4.0,True,300,29,16,0.02759801322130019,0.9820000167994953,356.5203,0.0,11,1,3,18,10,11,11
15,False,True,16.0,False,200,22,20,0.027977356179798716,0.9819783407489104,221797.9424,0.0,11,1,3,18,10,11,11
12,False,True,8.0,False,400,22,14,0.027770850371709864,0.9819726237345877,6.4351,0.040053,12,2,4,19,11,12,12
12,False,True,12.0,True,400,29,20,0.027896380483852123,0.9819670656404618,193.5781,0.0,12,2,4,19,11,12,12
18,True,True,12.0,False,400,29,10,0.027838755398652274,0.9819635771569322,0.5676,0.75292,10,0,2,17,9,11,11
9,False,True,16.0,False,300,22,16,0.02808364888946726,0.9819576049310175,1.7832,0.409989,13,3,5,21,11,13,13
6,True,True,16.0,True,400,36,20,0.028120838672941614,0.9819488053630243,1.5117,0.469618,14,4,6,22,12,14,14
9,False,True,16.0,True,300,29,14,0.028090860814758267,0.9819483371102024,3.6248,0.16326,13,3,5,21,11,13,13
6,True,True,12.0,True,300,36,18,0.028013528349599998,0.9819317099002585,0.0064,0.996805,14,4,6,22,12,14,14
21,False,True,18.0,False,300,22,8,0.028016023537401093,0.981928491042262,101.6444,0.0,10,0,2,16,9,10,10
9,False,True,4.0,True,400,29,18,0.027779149637749984,0.9818823881816716,1.7653,0.413689,13,3,5,21,11,13,13
12,False,True,18.0,False,300,22,14,0.02815707108933522,0.981863141137277,6.192,0.045229,12,2,4,19,11,12,12
15,True,True,12.0,False,200,29,18,0.027948174607164387,0.9818608409352466,151838.3714,0.0,11,1,3,18,10,11,11
12,False,True,18.0,False,200,22,12,0.028171288551002847,0.9818448206808634,4.1243,0.12718,12,2,4,19,11,12,12
15,True,True,12.0,False,400,29,10,0.027970928141874365,0.9818312935318996,2.2715,0.321175,11,1,3,18,10,11,11
21,False,True,12.0,False,200,22,10,0.027924945681510178,0.9818119883359491,755.6654,0.0,10,0,2,16,9,10,10
15,True,True,4.0,False,400,29,12,0.02774777973417017,0.9818041252078169,10.0639,0.006526,11,1,3,18,10,11,11
6,True,True,12.0,True,400,36,16,0.028126601411039103,0.9817855547939912,3.8283,0.147467,14,4,6,22,12,14,14
15,False,True,4.0,True,400,29,16,0.027769031916211204,0.9817762418862805,0.8893,0.641059,11,1,3,18,10,11,11
12,False,True,16.0,True,300,29,20,0.028165260821385537,0.9817743995062578,24.872,4e-06,12,2,4,19,11,12,12
18,True,True,12.0,True,200,36,16,0.027996374637739064,0.9817587594326039,210151.9196,0.0,10,0,2,17,9,11,11
12,False,True,16.0,True,300,29,12,0.02818435214324238,0.9817496833331392,3.7412,0.154028,12,2,4,19,11,12,12
18,True,False,,False,400,15,8,0.027706068518322195,0.9817409007285653,27.5678,1e-06,10,0,2,17,9,11,11
12,False,True,16.0,False,400,22,14,0.028193246487229418,0.981738162741396,0.5185,0.771617,12,2,4,19,11,12,12
15,True,False,,True,300,22,20,0.027747925154893684,0.981724651864516,3819.7992,0.0,11,1,3,18,10,11,11
6,True,True,12.0,False,400,29,20,0.0281746908332139,0.981723217298196,7.6208,0.022139,14,4,6,22,12,14,14
12,False,True,12.0,True,400,29,14,0.028089349310287174,0.9817167227942165,9.0069,0.011071,12,2,4,19,11,12,12
21,False,True,4.0,True,300,29,16,0.027764049313512975,0.9817034062955323,4.2578,0.118969,10,0,2,16,9,10,10
9,True,True,8.0,True,400,36,12,0.02804215918309501,0.9816990481434048,4.3374,0.114326,13,3,5,21,11,13,13
9,False,True,16.0,True,300,29,20,0.02829195433081431,0.9816889598237247,13.8358,0.00099,13,3,5,21,11,13,13
18,True,True,8.0,True,300,36,16,0.027931336194735586,0.9816833317137471,120600.3779,0.0,10,0,2,17,9,11,11
6,True,True,12.0,True,400,36,18,0.02821702815375496,0.9816682480075941,9.9928,0.006762,14,4,6,22,12,14,14
18,False,True,8.0,False,200,22,12,0.027953599547652003,0.9816541205820541,19071.7563,0.0,10,0,2,17,9,11,11
12,False,True,16.0,False,300,22,12,0.02826759202891762,0.9816417228871299,7.731,0.020953,12,2,4,19,11,12,12
9,False,True,16.0,True,400,29,20,0.02833776437767831,0.9816296137134486,0.9789,0.612959,13,3,5,21,11,13,13
9,False,True,16.0,False,400,22,20,0.028351926761971836,0.9816112471634956,1.8766,0.391293,13,3,5,21,11,13,13
21,False,False,,True,200,15,12,0.027749508594887146,0.9816092396836219,34.1613,0.0,10,0,2,16,9,10,10
12,False,True,18.0,True,200,29,18,0.02837480040828686,0.9815815639956308,59309.675,0.0,12,2,4,19,11,12,12
21,False,True,4.0,False,400,22,16,0.027859360880523033,0.9815775694418175,2.7236,0.256203,10,0,2,16,9,10,10
9,False,True,18.0,True,400,29,20,0.02844939083659998,0.9815644749209919,0.8587,0.650923,13,3,5,21,11,13,13
21,False,True,16.0,False,400,22,10,0.028241076041583678,0.9815582815624552,3.9716,0.13727,10,0,2,16,9,10,10
6,True,True,12.0,True,400,36,14,0.028306783651185195,0.98155143964663,6.0781,0.047881,14,4,6,22,12,14,14
21,False,True,16.0,True,300,29,8,0.028247896089915105,0.9815493733609666,251.1354,0.0,10,0,2,16,9,10,10
9,False,True,16.0,False,400,22,18,0.028404069739861874,0.9815435462229566,1.6037,0.448503,13,3,5,21,11,13,13
6,True,True,18.0,False,400,29,20,0.028497842728279522,0.9815415957424388,2.4074,0.300081,14,4,6,22,12,14,14
15,True,True,18.0,True,400,36,10,0.02839283442107208,0.9815183618212772,14.4284,0.000736,11,1,3,18,10,11,11
9,False,True,12.0,False,400,22,14,0.028317982540386318,0.9814972752753477,2.1146,0.34739,13,3,5,21,11,13,13
15,False,True,8.0,False,200,22,14,0.028124199733853335,0.9814702977946298,30939.3092,0.0,11,1,3,18,10,11,11
9,True,True,12.0,True,200,36,14,0.028340196501111407,0.9814682350701694,2677.3689,0.0,13,3,5,21,11,13,13
12,False,True,18.0,True,200,29,12,0.028463101541394274,0.9814667508980994,125.0506,0.0,12,2,4,19,11,12,12
9,False,True,16.0,False,400,22,16,0.02846313684654202,0.981466704921416,1.4285,0.48955,13,3,5,21,11,13,13
15,True,True,16.0,True,400,36,10,0.028372654365116295,0.9814654790668245,10.0275,0.006646,11,1,3,18,10,11,11
9,True,True,8.0,False,400,29,14,0.028222339178919018,0.9814631134529569,1.6938,0.428741,13,3,5,21,11,13,13
15,False,True,16.0,False,300,22,8,0.028378910580796377,0.9814573043826211,0.5828,0.747215,11,1,3,18,10,11,11
9,False,True,18.0,False,300,22,18,0.028535145892023495,0.9814531669356288,0.352,0.838616,13,3,5,21,11,13,13
6,True,True,16.0,True,400,36,16,0.028518308017272252,0.981434915854384,23.2859,9e-06,14,4,6,22,12,14,14
6,True,True,12.0,True,400,36,20,0.02840850232181791,0.9814186139103112,7.6678,0.021625,14,4,6,22,12,14,14
15,False,True,8.0,True,200,29,14,0.028202211942337817,0.9813673581296888,38070.5278,0.0,11,1,3,18,10,11,11
9,False,True,12.0,False,200,22,18,0.028421728084185142,0.9813614540524805,762.2353,0.0,13,3,5,21,11,13,13
12,True,True,12.0,True,200,36,18,0.028368680909880345,0.9813512824625367,52525.8554,0.0,12,2,4,19,11,12,12
6,True,True,16.0,False,400,29,18,0.028590510331870683,0.9813407911326182,13.7413,0.001038,14,4,6,22,12,14,14
12,False,True,16.0,False,400,22,12,0.02851513180043722,0.9813187876030302,0.8963,0.638795,12,2,4,19,11,12,12
6,True,True,4.0,True,400,36,12,0.028247965262642297,0.981306852467498,9.7153,0.007769,14,4,6,22,12,14,14
21,False,False,,True,200,15,10,0.027977102392014657,0.9813063307063857,28.1876,1e-06,10,0,2,16,9,10,10
12,False,True,16.0,True,200,29,12,0.02852482375600613,0.9813060863992314,53.2962,0.0,12,2,4,19,11,12,12
12,False,True,18.0,True,300,29,12,0.028610811820280482,0.98127389386179,9.3701,0.009232,12,2,4,19,11,12,12
9,True,False,,False,400,15,12,0.02818834971001307,0.9812626975864608,2.9585,0.227805,13,3,5,21,11,13,13
12,False,True,8.0,True,200,29,18,0.028313888206719057,0.9812607074037237,16444.9253,0.0,12,2,4,19,11,12,12
18,True,False,,True,300,22,16,0.028070725576894977,0.9812570986665738,65.1536,0.0,10,0,2,17,9,11,11
12,True,True,16.0,False,400,29,10,0.028575843082215054,0.9812391549558829,4.7466,0.093175,12,2,4,19,11,12,12
15,False,True,8.0,True,400,29,12,0.02830249055007093,0.9812346183841348,18.4321,9.9e-05,11,1,3,18,10,11,11
21,True,True,18.0,True,300,36,18,0.02855140074484774,0.9812312102333183,429147.2384,0.0,10,0,2,16,9,10,10
9,False,True,8.0,True,400,29,20,0.028406995883262558,0.9812197489007349,384.6126,0.0,13,3,5,21,11,13,13
6,True,True,12.0,False,400,29,16,0.02858449246347558,0.9811876781176757,4.4049,0.110534,14,4,6,22,12,14,14
6,True,True,4.0,True,400,36,14,0.02834144988411279,0.9811829204636062,28.5688,1e-06,14,4,6,22,12,14,14
9,False,True,18.0,False,300,22,16,0.028743151703332432,0.9811817886225778,0.4852,0.784586,13,3,5,21,11,13,13
21,False,True,18.0,True,400,29,10,0.028598339284584495,0.981169447676872,9.1064,0.010533,10,0,2,16,9,10,10
18,False,True,12.0,True,300,29,8,0.02844578944234866,0.9811684199779662,478.3009,0.0,10,0,2,17,9,11,11
9,True,True,16.0,False,300,29,10,0.028699232676574937,0.9811579700692824,223.4742,0.0,13,3,5,21,11,13,13
6,True,True,16.0,False,400,29,16,0.028731052900983857,0.9811568938444238,11.1618,0.003769,14,4,6,22,12,14,14
18,True,False,,True,300,22,18,0.02816828927511373,0.9811265851472605,212.7863,0.0,10,0,2,17,9,11,11
12,True,True,4.0,False,400,29,12,0.028291534202374357,0.9811252693441633,5.9386,0.051339,12,2,4,19,11,12,12
21,False,True,12.0,True,200,29,10,0.028470895571470794,0.98109386273049,2238.1832,0.0,10,0,2,16,9,10,10
9,False,True,18.0,False,200,22,16,0.028815918682318153,0.9810863865774873,2051.384,0.0,13,3,5,21,11,13,13
6,True,True,12.0,False,400,29,18,0.028661796247502133,0.981085788596843,4.7971,0.090851,14,4,6,22,12,14,14
9,False,True,4.0,True,300,29,18,0.02839186964341238,0.9810743396950815,168.4579,0.0,13,3,5,21,11,13,13
6,True,True,18.0,True,400,36,16,0.028859968706046984,0.9810695083142827,25.3085,3e-06,14,4,6,22,12,14,14
12,True,True,18.0,False,400,29,10,0.028775969241001526,0.9810570749923186,4.4235,0.109511,12,2,4,19,11,12,12
9,False,True,4.0,False,400,22,16,0.028405114118695028,0.9810566783780673,2.0024,0.367442,13,3,5,21,11,13,13
9,False,True,12.0,True,300,29,12,0.02865334865971263,0.9810564295630456,2.9035,0.234166,13,3,5,21,11,13,13
6,True,True,18.0,False,400,29,18,0.028873714136843063,0.9810514715844476,15.5137,0.000428,14,4,6,22,12,14,14
9,True,False,,False,400,15,10,0.028361419560885635,0.9810319059740322,1.9096,0.384884,13,3,5,21,11,13,13
9,False,True,16.0,False,200,22,18,0.028812054788223716,0.9810095357132312,8875.5116,0.0,13,3,5,21,11,13,13
18,True,True,16.0,False,300,29,18,0.028691950938072898,0.9810053529803997,504335.9767,0.0,10,0,2,17,9,11,11
9,False,True,8.0,True,400,29,18,0.02857795644103987,0.9809930199942927,411.8835,0.0,13,3,5,21,11,13,13
9,True,True,8.0,False,400,29,12,0.0285885557015063,0.9809789184057588,6.6227,0.036467,13,3,5,21,11,13,13
9,False,True,16.0,False,300,22,14,0.02883555796777427,0.9809785404688719,2.8743,0.237609,13,3,5,21,11,13,13
9,False,True,12.0,False,200,22,16,0.028714800118469812,0.9809750877026813,1012.2133,0.0,13,3,5,21,11,13,13
9,True,True,18.0,False,300,29,10,0.028924734737081376,0.980943271879412,374.2544,0.0,13,3,5,21,11,13,13
21,True,True,4.0,False,400,29,12,0.0283355355724169,0.9809424318548082,13.3889,0.001238,10,0,2,16,9,10,10
9,True,False,,False,400,15,14,0.02843019959889942,0.980939794352655,4.8319,0.089283,13,3,5,21,11,13,13
12,False,True,12.0,False,300,22,20,0.028697675486641216,0.9809162320653115,12925.9055,0.0,12,2,4,19,11,12,12
9,False,True,16.0,False,200,22,16,0.02888398599302839,0.9809145954426058,3167.0785,0.0,13,3,5,21,11,13,13
9,False,True,12.0,True,400,29,20,0.02877839495862005,0.9808907252120771,75.5654,0.0,13,3,5,21,11,13,13
21,True,True,12.0,True,400,36,10,0.028630202169210757,0.9808816952739605,7.6759,0.021538,10,0,2,16,9,10,10
6,True,True,12.0,True,300,36,20,0.028821417662021283,0.9808745303716377,177.5549,0.0,14,4,6,22,12,14,14
12,False,True,16.0,True,400,29,14,0.02885899857173397,0.9808655138013312,1.8273,0.401056,12,2,4,19,11,12,12
12,False,True,8.0,False,200,22,16,0.02863369353240174,0.9808349961364773,4036.6616,0.0,12,2,4,19,11,12,12
21,True,True,18.0,False,300,29,20,0.028864078758943718,0.9808178699133983,548961.0731,0.0,10,0,2,16,9,10,10
21,True,True,12.0,True,300,36,18,0.02869962708014158,0.9807888635256737,596353.3292,0.0,10,0,2,16,9,10,10
21,True,True,16.0,True,300,36,14,0.028826571285488125,0.9807856859331703,309621.1885,0.0,10,0,2,16,9,10,10
18,True,True,12.0,False,300,29,14,0.02874501227177438,0.980770155394192,151085.768,0.0,10,0,2,17,9,11,11
18,True,True,16.0,True,200,36,10,0.028875519820118205,0.9807615229008323,7862.9349,0.0,10,0,2,17,9,11,11
12,False,True,16.0,True,400,29,12,0.02894037071900609,0.9807574567362748,1.3527,0.508482,12,2,4,19,11,12,12
12,False,True,8.0,False,300,22,12,0.02871061353432796,0.9807318901784229,12.935,0.001553,12,2,4,19,11,12,12
18,False,True,4.0,False,400,22,16,0.02852638073235296,0.9807266763480854,4.4966,0.10558,10,0,2,17,9,11,11
9,False,True,12.0,True,400,29,18,0.028915677458957536,0.9807079751874846,19.4758,5.9e-05,13,3,5,21,11,13,13
9,False,True,12.0,True,200,29,12,0.02893612548383713,0.9806806804242487,6988.0116,0.0,13,3,5,21,11,13,13
9,False,True,18.0,False,300,22,14,0.029138096790029263,0.980661092703439,0.199,0.905285,13,3,5,21,11,13,13
15,False,True,18.0,False,300,22,8,0.029044932874834454,0.9806596772011181,2.1923,0.33416,11,1,3,18,10,11,11
18,False,True,18.0,False,400,22,10,0.029039905704895837,0.980624866870063,7.7926,0.020317,10,0,2,17,9,11,11
6,True,True,16.0,True,400,36,12,0.029138514244146405,0.9806186413419818,4.5232,0.104183,14,4,6,22,12,14,14
6,True,True,12.0,False,300,29,16,0.02901443228752748,0.9806175092757748,0.2212,0.895278,14,4,6,22,12,14,14
6,True,True,16.0,False,400,29,14,0.02914033490678205,0.9806162192543176,7.337,0.025515,14,4,6,22,12,14,14
6,True,True,18.0,False,400,29,14,0.029207125243595065,0.9806113393975041,14.2955,0.000787,14,4,6,22,12,14,14
15,False,True,4.0,False,400,22,16,0.028649298035569898,0.9806025592596611,3.5343,0.170817,11,1,3,18,10,11,11
9,False,True,18.0,False,300,22,20,0.029197997032457006,0.9805814995898917,6.6405,0.036144,13,3,5,21,11,13,13
9,False,True,12.0,False,300,22,12,0.029014019997181707,0.9805765272603388,3.3106,0.191039,13,3,5,21,11,13,13
6,True,True,4.0,False,400,29,16,0.02880342141956565,0.9805644761954782,0.0045,0.997775,14,4,6,22,12,14,14
9,False,True,16.0,False,300,22,20,0.02915325998894002,0.9805570853308908,183.2641,0.0,13,3,5,21,11,13,13
12,False,True,12.0,True,400,29,12,0.028971931023950327,0.9805497328246099,4.4941,0.105713,12,2,4,19,11,12,12
15,True,True,4.0,False,400,29,10,0.02870211340640188,0.9805309744446461,11.2279,0.003647,11,1,3,18,10,11,11
6,True,True,4.0,True,400,36,16,0.028834915145136395,0.9805219512691336,40.9937,0.0,14,4,6,22,12,14,14
9,True,False,,True,400,22,16,0.028750191622053396,0.9805083209404164,4.6862,0.096029,13,3,5,21,11,13,13
9,False,True,8.0,False,400,22,14,0.02894089853715211,0.9805071743057606,1.8663,0.393311,13,3,5,21,11,13,13
9,False,True,8.0,True,200,29,20,0.028960423672397,0.9804808635507957,6090.3172,0.0,13,3,5,21,11,13,13
9,False,True,12.0,True,400,29,14,0.02909398624478255,0.9804693127021811,3.3722,0.185242,13,3,5,21,11,13,13
12,False,True,12.0,True,200,29,20,0.029041190298034987,0.9804566274280361,22671.7317,0.0,12,2,4,19,11,12,12
9,False,True,18.0,True,300,29,12,0.029307185466092792,0.9804359937102938,2.7419,0.253865,13,3,5,21,11,13,13
12,False,True,18.0,False,400,22,16,0.029245816943495484,0.980433433042592,0.8548,0.652204,12,2,4,19,11,12,12
9,False,True,4.0,False,300,22,18,0.028871683674835846,0.9804292586312956,2586.5268,0.0,13,3,5,21,11,13,13
21,True,True,16.0,False,300,29,16,0.02910874285817987,0.9804076826851063,497182.247,0.0,10,0,2,16,9,10,10
9,False,True,16.0,True,200,29,12,0.02929932876822735,0.9803617646324287,3538.573,0.0,13,3,5,21,11,13,13
18,False,True,18.0,True,400,29,10,0.02924177619606935,0.9803545586781531,14.9468,0.000568,10,0,2,17,9,11,11
9,True,False,,True,300,22,18,0.028864868923114583,0.9803525159907214,17.6911,0.000144,13,3,5,21,11,13,13
9,False,True,16.0,False,400,22,14,0.029326636039497804,0.980325141505144,7.2508,0.026639,13,3,5,21,11,13,13
9,True,False,,True,400,22,14,0.02889271193330703,0.9803145938412439,15.0901,0.000529,13,3,5,21,11,13,13
12,False,True,12.0,True,200,29,12,0.029146978499284378,0.9803139870080361,506.6779,0.0,12,2,4,19,11,12,12
15,True,True,8.0,False,400,29,10,0.02901060305943401,0.9802838730333211,6.3071,0.042701,11,1,3,18,10,11,11
9,False,True,16.0,True,300,29,12,0.029358213312548263,0.9802827491314058,0.6148,0.735348,13,3,5,21,11,13,13
6,True,True,4.0,False,400,29,12,0.02901771275417838,0.9802742080966378,1.2814,0.526923,14,4,6,22,12,14,14
6,True,True,4.0,False,400,29,14,0.029020589078786428,0.9802702973409448,0.0863,0.957767,14,4,6,22,12,14,14
9,True,False,,True,400,22,20,0.02893082350682417,0.9802626266449954,0.7091,0.701476,13,3,5,21,11,13,13
15,False,False,,True,200,15,10,0.028813080391130924,0.9802526454411956,0.5046,0.777005,11,1,3,18,10,11,11
9,False,True,16.0,False,200,22,14,0.029382882217103216,0.9802495994754542,755.9094,0.0,13,3,5,21,11,13,13
12,True,True,12.0,False,400,29,10,0.029209723931135707,0.9802291386305203,1.2948,0.523398,12,2,4,19,11,12,12
18,True,False,,True,200,22,16,0.028836108448109406,0.9802210677743693,111311.2034,0.0,10,0,2,17,9,11,11
9,False,True,16.0,True,400,29,12,0.0294091525221613,0.9802142672717433,8.3252,0.015567,13,3,5,21,11,13,13
12,False,True,8.0,True,200,29,16,0.02912122175713076,0.9801768188646077,23067.8283,0.0,12,2,4,19,11,12,12
18,True,True,4.0,False,400,29,12,0.028935970675165245,0.9801692391527762,6.7135,0.034848,10,0,2,17,9,11,11
18,True,False,,True,300,22,20,0.02888025593874807,0.9801604591353771,323.3617,0.0,10,0,2,17,9,11,11
9,True,False,,True,400,22,18,0.029008878085920096,0.9801559811768783,1.624,0.443963,13,3,5,21,11,13,13
12,True,False,,False,400,15,8,0.02894847808670983,0.980152091976685,2.0748,0.354381,12,2,4,19,11,12,12
9,False,True,12.0,False,200,22,20,0.029341471108619083,0.9801356281063314,4547.2539,0.0,13,3,5,21,11,13,13
12,False,True,4.0,True,400,29,16,0.029029730292802584,0.9801274423064118,1.5784,0.454197,12,2,4,19,11,12,12
21,False,True,16.0,True,400,29,10,0.029318452096898935,0.980124366420597,6.1829,0.045437,10,0,2,16,9,10,10
15,True,True,16.0,True,300,36,14,0.02938582337380538,0.9801181332893305,163757.1387,0.0,11,1,3,18,10,11,11
9,False,True,12.0,False,400,22,12,0.029356644385629953,0.9801150779744492,0.6849,0.710014,13,3,5,21,11,13,13
9,False,True,4.0,True,400,29,16,0.029116879136139504,0.9800954344225871,0.182,0.913021,13,3,5,21,11,13,13
9,False,True,18.0,False,200,22,14,0.029564770937602812,0.9800905801360275,653.9153,0.0,13,3,5,21,11,13,13
18,False,True,16.0,False,400,22,10,0.029377760736872628,0.980086461078785,4.4034,0.110614,10,0,2,17,9,11,11
9,False,True,18.0,True,200,29,12,0.029570253129633847,0.9800831958486448,1592.7133,0.0,13,3,5,21,11,13,13
12,False,True,16.0,True,400,29,16,0.029444665523775768,0.9800809995110148,6.9268,0.031323,12,2,4,19,11,12,12
9,True,False,,False,400,15,8,0.029064650570307916,0.9800796035833697,2.2002,0.332833,13,3,5,21,11,13,13
21,True,True,16.0,True,200,36,10,0.029365762948327895,0.980060168498643,26845.6675,0.0,10,0,2,16,9,10,10
12,True,False,,True,300,22,18,0.029016045004870154,0.9800593322109054,2940.7936,0.0,12,2,4,19,11,12,12
15,False,True,12.0,False,200,22,10,0.029317227770014827,0.9800402059533946,1180.6731,0.0,11,1,3,18,10,11,11
6,True,True,4.0,True,400,36,18,0.029194076309494082,0.9800337010060122,60.3486,0.0,14,4,6,22,12,14,14
6,True,True,4.0,False,400,29,20,0.029197385630925887,0.9800291741529982,0.9908,0.609333,14,4,6,22,12,14,14
21,True,True,8.0,False,400,29,10,0.029140496107434074,0.980019318294889,2.8318,0.242707,10,0,2,16,9,10,10
6,True,True,4.0,False,400,29,18,0.029211563095612608,0.9800097748531209,0.0955,0.953391,14,4,6,22,12,14,14
12,True,True,4.0,True,300,36,16,0.02913713697709106,0.9799801178834228,22294.9914,0.0,12,2,4,19,11,12,12
9,True,True,12.0,False,200,29,14,0.02946398632636647,0.9799693945342783,2298.9418,0.0,13,3,5,21,11,13,13
21,False,True,12.0,True,400,29,10,0.02930715148584376,0.9799669180170713,2.778,0.249326,10,0,2,16,9,10,10
12,False,True,16.0,True,400,29,18,0.02953162094007927,0.9799631769785188,10.299,0.005802,12,2,4,19,11,12,12
6,False,True,4.0,False,400,22,20,0.029247490369296053,0.9799605726970617,0.0397,0.980363,14,4,6,22,12,14,14
6,True,True,4.0,True,400,36,20,0.029252274067745696,0.9799540168923948,47.6404,0.0,14,4,6,22,12,14,14
15,False,True,16.0,True,200,29,20,0.02950706064119715,0.9799537413981374,499753.0001,0.0,11,1,3,18,10,11,11
12,False,True,18.0,False,300,22,12,0.029603989912750883,0.9799512355276583,5.955,0.05092,12,2,4,19,11,12,12
12,False,True,12.0,False,200,22,12,0.029416845773383268,0.9799477600266691,1126.999,0.0,12,2,4,19,11,12,12
6,False,True,4.0,False,400,22,18,0.029276780164598927,0.9799204157730909,0.0613,0.969811,14,4,6,22,12,14,14
15,True,True,4.0,True,300,36,18,0.029148933231290988,0.9799200885214947,112105.8446,0.0,11,1,3,18,10,11,11
12,False,True,8.0,True,300,29,12,0.02932050421729914,0.979904582412672,4.6492,0.09782,12,2,4,19,11,12,12
6,True,True,8.0,True,400,36,14,0.029416975865406064,0.97990415363397,8.7416,0.012641,14,4,6,22,12,14,14
9,False,True,8.0,True,400,29,14,0.029390076112557645,0.9798974014641209,60.1411,0.0,13,3,5,21,11,13,13
6,True,True,8.0,True,400,36,18,0.02943320084697997,0.9798819797261892,150.934,0.0,14,4,6,22,12,14,14
12,False,True,18.0,False,400,22,18,0.029655515252902862,0.9798813855925517,0.7959,0.671685,12,2,4,19,11,12,12
12,False,True,18.0,False,400,22,20,0.02966056727734922,0.9798745303153146,0.6975,0.705575,12,2,4,19,11,12,12
18,False,True,8.0,True,300,29,10,0.029295646248958224,0.979850270441567,1108.3031,0.0,10,0,2,17,9,11,11
9,True,True,16.0,False,400,29,10,0.029692732017910485,0.9798308574147533,2.8193,0.244223,13,3,5,21,11,13,13
9,False,True,8.0,True,300,29,12,0.029443079391345512,0.9798248283671929,258.4336,0.0,13,3,5,21,11,13,13
12,False,True,18.0,True,400,29,14,0.02969754178796523,0.979824322698112,2.9788,0.225503,12,2,4,19,11,12,12
12,False,True,16.0,True,300,29,8,0.02963740114717797,0.9798193788956127,8.2984,0.015777,12,2,4,19,11,12,12
6,True,True,18.0,False,400,29,16,0.02981702480859504,0.9797931417094025,18.7448,8.5e-05,14,4,6,22,12,14,14
6,True,True,8.0,True,400,36,16,0.02949886166069274,0.979792119366051,103.895,0.0,14,4,6,22,12,14,14
9,False,True,8.0,True,400,29,12,0.02947936118159977,0.9797750752594514,1.4886,0.47506,13,3,5,21,11,13,13
18,True,True,16.0,False,200,29,10,0.029614580186763013,0.9797641137568882,8661.1725,0.0,10,0,2,17,9,11,11
9,False,True,18.0,False,200,22,18,0.02981859600200607,0.9797472523988366,20236.7344,0.0,13,3,5,21,11,13,13
18,False,True,4.0,True,300,29,14,0.02925081837207694,0.9797353406229353,404.6435,0.0,10,0,2,17,9,11,11
21,False,False,,True,200,15,14,0.029129098571068844,0.9797351599081043,489.9832,0.0,10,0,2,16,9,10,10
9,False,True,12.0,False,200,22,14,0.029638952861967622,0.9797307919517748,5567.7299,0.0,13,3,5,21,11,13,13
18,True,True,12.0,True,400,36,10,0.02951753107663536,0.9797226668621399,5.3697,0.068232,10,0,2,17,9,11,11
12,True,True,16.0,True,400,36,10,0.029726257037384993,0.97969819046271,8.6131,0.01348,12,2,4,19,11,12,12
21,True,True,8.0,False,300,29,18,0.029378396514978998,0.979691745591947,231779.0255,0.0,10,0,2,16,9,10,10
12,False,True,8.0,False,400,22,12,0.029497968044806117,0.9796605891971528,0.6034,0.739557,12,2,4,19,11,12,12
9,False,True,18.0,False,400,22,16,0.029891504103485057,0.9796480931662416,1.1163,0.57226,13,3,5,21,11,13,13
18,False,True,16.0,True,400,29,10,0.029706836067154067,0.9796378389721303,6.9737,0.030597,10,0,2,17,9,11,11
12,False,True,8.0,True,400,29,14,0.029542309391037323,0.9795993948324541,100.0381,0.0,12,2,4,19,11,12,12
9,False,True,18.0,True,400,29,12,0.029942524942256434,0.9795785578538095,20.7819,3.1e-05,13,3,5,21,11,13,13
18,True,True,16.0,False,300,29,16,0.029764030998462667,0.9795593564625942,490501.7853,0.0,10,0,2,17,9,11,11
9,False,True,18.0,False,400,22,20,0.029980125180078324,0.9795272373191375,1.9023,0.386301,13,3,5,21,11,13,13
12,False,True,4.0,False,300,22,16,0.029482097009563463,0.9795032734868149,1206.7212,0.0,12,2,4,19,11,12,12
18,True,True,8.0,False,400,29,10,0.029549833649907004,0.9794990901092273,1.1537,0.561675,10,0,2,17,9,11,11
12,False,True,12.0,True,300,29,10,0.029750171175700318,0.9794907573203144,3.189,0.203011,12,2,4,19,11,12,12
18,False,True,12.0,False,300,22,8,0.029687919106256483,0.9794878920258141,439.1277,0.0,10,0,2,17,9,11,11
9,False,True,12.0,True,400,29,12,0.029818220510065024,0.9794848587024223,2.7528,0.252484,13,3,5,21,11,13,13
6,False,True,12.0,False,400,22,18,0.029860148261167094,0.9794711155786362,6.0574,0.048379,14,4,6,22,12,14,14
21,True,True,16.0,False,200,29,10,0.029799711682791653,0.9794664977024495,23013.5289,0.0,10,0,2,16,9,10,10
6,True,True,16.0,False,400,29,12,0.02999689736730139,0.9794599221358845,3.7269,0.155138,14,4,6,22,12,14,14
21,True,True,8.0,True,400,36,10,0.02954976576587406,0.9794541314882276,2.7005,0.259169,10,0,2,16,9,10,10
9,False,True,8.0,False,400,22,12,0.02971933304123956,0.9794444597503311,3.407,0.182041,13,3,5,21,11,13,13
9,False,False,,True,200,15,10,0.029505154602492183,0.9794263071299202,10.7002,0.004748,13,3,5,21,11,13,13
12,False,True,16.0,True,300,29,10,0.02993613147605203,0.9794105072798286,3.584,0.166628,12,2,4,19,11,12,12
12,False,True,18.0,False,400,22,12,0.03000849064177768,0.9793996109331244,6.1168,0.046962,12,2,4,19,11,12,12
6,True,True,18.0,True,400,36,12,0.030113343982591346,0.9793895177976781,6.5202,0.038384,14,4,6,22,12,14,14
9,False,True,18.0,True,300,29,8,0.030082201848134843,0.9793875881975641,9.8402,0.007298,13,3,5,21,11,13,13
9,False,True,12.0,True,300,29,10,0.029890483310978704,0.979385303604782,7.5092,0.023409,13,3,5,21,11,13,13
9,False,True,18.0,False,400,22,18,0.030087472396365555,0.9793803647750154,2.4241,0.29758,13,3,5,21,11,13,13
12,True,True,18.0,True,400,36,10,0.030028051242534826,0.9793727460486951,18.9904,7.5e-05,12,2,4,19,11,12,12
12,False,True,4.0,False,400,22,16,0.029583713102812548,0.9793617376478989,3.6518,0.161072,12,2,4,19,11,12,12
12,False,True,18.0,True,400,29,12,0.03004308386159668,0.9793520880802608,8.7184,0.012788,12,2,4,19,11,12,12
12,False,True,18.0,True,400,29,18,0.030064657287854717,0.9793224236063407,1.865,0.39356,12,2,4,19,11,12,12
12,False,True,18.0,True,400,29,16,0.030073929059957785,0.9793096679420087,1.1841,0.553189,12,2,4,19,11,12,12
9,False,True,16.0,True,300,29,10,0.03007527603419047,0.9793078145115368,3.066,0.215889,13,3,5,21,11,13,13
21,False,True,12.0,False,300,22,8,0.02978763770652139,0.9793046547377253,260.6833,0.0,10,0,2,16,9,10,10
12,False,True,18.0,True,300,29,8,0.030105422340754445,0.9792663116106416,2.1173,0.346917,12,2,4,19,11,12,12
9,True,True,18.0,False,400,29,10,0.030174025550382597,0.979261560412148,3.3786,0.184648,13,3,5,21,11,13,13
15,False,True,4.0,False,300,22,16,0.029630161269226553,0.9792516056600515,3478.5776,0.0,11,1,3,18,10,11,11
12,False,True,18.0,False,400,22,14,0.030124374383812547,0.979240198744011,6.5229,0.038333,12,2,4,19,11,12,12
18,True,True,4.0,False,400,29,10,0.02961276918288754,0.9792307263303889,9.6314,0.008102,10,0,2,17,9,11,11
12,True,True,16.0,False,300,29,14,0.03007821817175686,0.9792145944803629,68229.4426,0.0,12,2,4,19,11,12,12
21,True,False,,True,200,22,16,0.029534872764860366,0.9792076511821792,188719.6346,0.0,10,0,2,16,9,10,10
6,False,True,12.0,True,300,29,18,0.030051444977270678,0.9792072396261743,3.185,0.203413,14,4,6,22,12,14,14
18,True,True,8.0,True,400,36,10,0.02976496515637579,0.9791994981617863,3.8083,0.148947,10,0,2,17,9,11,11
6,False,True,12.0,False,400,22,20,0.030069317898080965,0.9791824995265573,2.1199,0.346477,14,4,6,22,12,14,14
18,False,False,,True,200,15,8,0.029553750605772734,0.9791810629453962,54.563,0.0,10,0,2,17,9,11,11
6,True,True,18.0,False,400,29,12,0.03027325962517896,0.9791700343700976,2.178,0.336557,14,4,6,22,12,14,14
21,True,True,12.0,False,300,29,16,0.029888042786628426,0.9791649041583524,553303.0038,0.0,10,0,2,16,9,10,10
6,True,True,8.0,False,400,29,20,0.029959624249688524,0.979155908167559,3.0364,0.219105,14,4,6,22,12,14,14
12,True,True,8.0,False,400,29,10,0.029862795952076505,0.9791543663988006,5.813,0.054667,12,2,4,19,11,12,12
6,True,True,12.0,False,400,29,14,0.03009057644332631,0.979153053816139,4.5723,0.101659,14,4,6,22,12,14,14
15,False,True,12.0,True,200,29,10,0.029992783930665602,0.9791097416379106,2050.7159,0.0,11,1,3,18,10,11,11
18,False,True,12.0,True,400,29,10,0.029982959351794142,0.9790781651329789,2.3901,0.302692,10,0,2,17,9,11,11
9,True,True,4.0,True,400,36,10,0.02986256339182847,0.9790628663488793,1.4892,0.474918,13,3,5,21,11,13,13
12,False,True,18.0,True,300,29,10,0.030273931100050323,0.9790335571258261,6.5926,0.037019,12,2,4,19,11,12,12
12,True,True,4.0,False,400,29,10,0.02983353229039521,0.9790117070013654,8.2326,0.016305,12,2,4,19,11,12,12
15,True,True,4.0,True,300,36,16,0.029821736060196464,0.9789824394481559,96229.3547,0.0,11,1,3,18,10,11,11
12,False,True,4.0,True,300,29,16,0.029860796866071584,0.9789733274774067,1870.2703,0.0,12,2,4,19,11,12,12
21,True,True,12.0,True,300,36,16,0.03003723457230691,0.9789563804139257,555419.088,0.0,10,0,2,16,9,10,10
9,True,True,4.0,False,400,29,10,0.029941119798474,0.9789525670891388,2.3608,0.307158,13,3,5,21,11,13,13
18,False,True,16.0,False,200,22,20,0.03021818089272376,0.9789308166924237,790175.7315,0.0,10,0,2,17,9,11,11
9,False,True,4.0,True,400,29,14,0.029960081380052517,0.978925900151452,8.1615,0.016894,13,3,5,21,11,13,13
6,True,True,8.0,False,400,29,18,0.030130953034507763,0.9789168261212438,1.481,0.476871,14,4,6,22,12,14,14
21,False,True,12.0,False,400,22,10,0.03006973595070417,0.9789108158551167,1.3069,0.520239,10,0,2,16,9,10,10
9,True,True,12.0,False,400,29,10,0.03024299665540368,0.9788961976304006,4.311,0.115847,13,3,5,21,11,13,13
6,True,True,8.0,False,400,29,16,0.030150860971633213,0.9788889570287707,3.8316,0.147222,14,4,6,22,12,14,14
12,False,True,18.0,True,200,29,10,0.03041068282862175,0.9788437123998042,53.5225,0.0,12,2,4,19,11,12,12
21,False,True,12.0,True,300,29,8,0.03015941951893129,0.9787848304598963,599.2808,0.0,10,0,2,16,9,10,10
15,True,True,8.0,True,400,36,10,0.030094692897157105,0.978782807122439,9.1318,0.010401,11,1,3,18,10,11,11
9,False,True,8.0,False,300,22,12,0.03019447286083205,0.9787819395651554,412.4292,0.0,13,3,5,21,11,13,13
9,False,False,,True,200,15,8,0.029970480982761633,0.9787722536975755,13.6788,0.001071,13,3,5,21,11,13,13
9,False,False,,True,200,15,12,0.029974656172579613,0.9787663388079354,27.0145,1e-06,13,3,5,21,11,13,13
18,False,True,8.0,False,300,22,10,0.030090661544947175,0.9787417980891853,963.9163,0.0,10,0,2,17,9,11,11
6,False,True,12.0,True,300,29,14,0.030389645168013537,0.9787366010004647,2.9177,0.232508,14,4,6,22,12,14,14
6,False,True,4.0,True,400,29,20,0.030139462718518212,0.9787196334272373,0.0864,0.957709,14,4,6,22,12,14,14
9,False,True,18.0,True,300,29,10,0.03058099409555825,0.9786983734689378,4.3457,0.113852,13,3,5,21,11,13,13
9,False,True,12.0,False,200,22,12,0.03038535942948097,0.9786970462582437,4996.3037,0.0,13,3,5,21,11,13,13
9,False,True,16.0,True,300,29,8,0.030537070540190368,0.9786674946421373,24.4682,5e-06,13,3,5,21,11,13,13
9,False,True,16.0,True,200,29,18,0.03054282890004705,0.9786594485642207,138815.7133,0.0,13,3,5,21,11,13,13
21,False,True,8.0,False,300,22,10,0.03014061005593981,0.9786242926149727,805.5573,0.0,10,0,2,16,9,10,10
15,True,True,12.0,True,400,36,10,0.030350065802347535,0.9786090768473765,5.4688,0.064933,11,1,3,18,10,11,11
15,True,True,8.0,False,300,29,14,0.030226573685979433,0.9785964439560423,156778.9191,0.0,11,1,3,18,10,11,11
9,False,True,18.0,True,200,29,18,0.03066221141145355,0.9785850770677565,138804.7665,0.0,13,3,5,21,11,13,13
21,True,True,4.0,False,400,29,10,0.030045534434710447,0.9785728457095825,11.338,0.003451,10,0,2,16,9,10,10
6,False,True,12.0,False,300,22,16,0.030532851017194846,0.97853572878179,3.9491,0.138824,14,4,6,22,12,14,14
15,True,True,4.0,True,400,36,10,0.030138724189963495,0.9785332553011604,10.1672,0.006198,11,1,3,18,10,11,11
12,True,True,4.0,True,400,36,10,0.030173067399562783,0.9785312533801004,6.5572,0.037682,12,2,4,19,11,12,12
18,False,True,8.0,True,200,29,12,0.030241450287167296,0.978528208292657,67567.2814,0.0,10,0,2,17,9,11,11
12,False,True,16.0,True,200,29,10,0.030589003108146665,0.9785026494281865,224.2322,0.0,12,2,4,19,11,12,12
6,False,True,4.0,False,400,22,16,0.03029295683685,0.978502328379882,0.8926,0.640001,14,4,6,22,12,14,14
9,False,True,16.0,True,200,29,10,0.03065977858599521,0.9784957080673257,1245.5708,0.0,13,3,5,21,11,13,13
15,False,True,12.0,False,300,22,8,0.030433751941720828,0.978490949143917,200.757,0.0,11,1,3,18,10,11,11
6,False,True,12.0,False,400,22,16,0.030565940614777007,0.9784891802982757,3.958,0.138209,14,4,6,22,12,14,14
12,False,True,16.0,True,400,29,20,0.030627380746411137,0.9784486734889525,22.6934,1.2e-05,12,2,4,19,11,12,12
6,False,True,12.0,False,300,22,20,0.03060767835430523,0.978430394214633,1.9687,0.373681,14,4,6,22,12,14,14
6,True,True,8.0,True,400,36,20,0.030498610850602452,0.9783991734005313,473.5938,0.0,14,4,6,22,12,14,14
9,True,True,12.0,True,400,36,10,0.030597616563177034,0.9783983828767823,5.5228,0.063204,13,3,5,21,11,13,13
6,False,True,12.0,False,300,22,18,0.030665056356761384,0.9783494484520298,2.5943,0.273314,14,4,6,22,12,14,14
6,False,True,12.0,True,300,29,16,0.030667125063775395,0.9783465272013349,2.7769,0.249456,14,4,6,22,12,14,14
6,False,True,8.0,False,300,22,20,0.03053956698766954,0.9783411195806041,1.9864,0.370398,14,4,6,22,12,14,14
15,False,True,8.0,True,300,29,10,0.030419295246985337,0.9783226400620507,666.3262,0.0,11,1,3,18,10,11,11
15,True,True,16.0,True,200,36,10,0.030696226294821435,0.9783054120529764,7045.7585,0.0,11,1,3,18,10,11,11
9,False,True,16.0,False,400,22,12,0.030805645889549052,0.9782906032037353,10.1212,0.006342,13,3,5,21,11,13,13
12,False,True,18.0,False,200,22,10,0.030806120544621018,0.9782899341994417,17.902,0.00013,12,2,4,19,11,12,12
12,False,True,16.0,False,200,22,10,0.03074750868908702,0.9782792829874697,87.4507,0.0,12,2,4,19,11,12,12
15,False,True,4.0,True,300,29,14,0.0303219771061992,0.9782714125605079,121.9677,0.0,11,1,3,18,10,11,11
6,False,True,12.0,True,300,29,20,0.03072796784429697,0.9782605221134095,11.7435,0.002818,14,4,6,22,12,14,14
18,True,True,4.0,True,400,36,10,0.030328888642787894,0.9782140622226642,6.4018,0.040726,10,0,2,17,9,11,11
6,True,True,8.0,True,400,36,12,0.030640636121492055,0.9781975244504278,1.9124,0.384341,14,4,6,22,12,14,14
21,False,True,8.0,True,300,29,10,0.030441425708717513,0.9781954867538505,2007.025,0.0,10,0,2,16,9,10,10
9,True,True,16.0,True,400,36,10,0.030879751041707138,0.9781860306086185,8.9094,0.011624,13,3,5,21,11,13,13
12,False,True,16.0,False,300,22,10,0.030814088456863255,0.9781851143153899,7.281,0.026239,12,2,4,19,11,12,12
6,True,True,12.0,True,400,36,12,0.030784396185962813,0.9781806047522054,4.1841,0.123434,14,4,6,22,12,14,14
18,True,False,,True,400,22,8,0.030303288088913374,0.9781571626823304,1.2196,0.543458,10,0,2,17,9,11,11
12,False,True,12.0,False,300,22,10,0.030711930442888356,0.9781432835974064,1.7246,0.422193,12,2,4,19,11,12,12
6,False,True,16.0,True,300,29,16,0.030958697238235765,0.9781216399478093,1.1892,0.551796,14,4,6,22,12,14,14
12,False,True,8.0,True,400,29,12,0.030603393497654723,0.9781076017790109,18.8475,8.1e-05,12,2,4,19,11,12,12
18,False,True,4.0,True,400,29,14,0.03041179478670446,0.9780947926519963,14.5606,0.000689,10,0,2,17,9,11,11
9,False,True,16.0,False,200,22,12,0.03095990289030915,0.9780726424473926,437.8813,0.0,13,3,5,21,11,13,13
15,True,False,,True,400,22,8,0.030396935031410596,0.978068707836988,2.9438,0.22949,11,1,3,18,10,11,11
9,False,True,18.0,True,200,29,10,0.031039952930461526,0.9780541868917035,412.6824,0.0,13,3,5,21,11,13,13
18,True,True,12.0,False,200,29,20,0.030708608065209923,0.9780532083325207,604513.3861,0.0,10,0,2,17,9,11,11
6,False,True,18.0,True,300,29,16,0.031075195306407333,0.9780518501755253,4.021,0.13392,14,4,6,22,12,14,14
6,True,True,8.0,False,400,29,14,0.03079503037933869,0.9779772510927401,1.4891,0.474959,14,4,6,22,12,14,14
9,False,True,16.0,False,300,22,12,0.031033326975133068,0.9779685138724986,2.6225,0.269479,13,3,5,21,11,13,13
6,True,True,12.0,False,400,29,12,0.030953655490406174,0.9779400095836578,5.1323,0.076831,14,4,6,22,12,14,14
9,False,True,8.0,False,200,22,20,0.030796890785325482,0.9779268393673242,9357.9975,0.0,13,3,5,21,11,13,13
15,False,True,12.0,True,300,29,8,0.030848402526680616,0.97790084785796,409.2038,0.0,11,1,3,18,10,11,11
21,True,True,12.0,True,200,36,18,0.030787985551414515,0.9778913055224142,581357.9041,0.0,10,0,2,16,9,10,10
9,True,True,4.0,True,300,36,16,0.0307128556759823,0.977853583978614,21325.8935,0.0,13,3,5,21,11,13,13
15,False,True,18.0,False,400,22,10,0.03108747435458384,0.977843873088039,5.2443,0.072647,11,1,3,18,10,11,11
12,True,True,16.0,True,300,36,14,0.031054717295585055,0.9778430768340702,81090.4682,0.0,12,2,4,19,11,12,12
9,False,True,12.0,False,300,22,10,0.030990020524427595,0.9778407633247922,1.5882,0.451996,13,3,5,21,11,13,13
9,False,True,18.0,False,400,22,14,0.03119375259969446,0.9778361697555907,13.2895,0.001301,13,3,5,21,11,13,13
15,False,True,16.0,False,400,22,10,0.031026874556520062,0.9778355229105397,5.3662,0.068352,11,1,3,18,10,11,11
18,True,True,12.0,False,300,29,18,0.030861001618358086,0.9778348429587163,634639.7752,0.0,10,0,2,17,9,11,11
21,False,True,8.0,True,400,29,10,0.03069626304637044,0.9778288901013531,1.8072,0.405101,10,0,2,16,9,10,10
9,False,True,4.0,False,400,22,14,0.030732946422803845,0.9778246004435365,1.1209,0.570947,13,3,5,21,11,13,13
9,False,True,18.0,False,200,22,12,0.031202168738178385,0.9778242084484229,547.7629,0.0,13,3,5,21,11,13,13
6,False,True,8.0,False,300,22,18,0.030914048541052418,0.9778066929117052,5.2298,0.073177,14,4,6,22,12,14,14
12,False,True,18.0,True,400,29,20,0.031189481863729617,0.9777462380041269,10.4775,0.005307,12,2,4,19,11,12,12
9,True,True,18.0,True,400,36,10,0.03125944375023554,0.9777427215197121,11.8996,0.002606,13,3,5,21,11,13,13
6,True,True,4.0,True,400,36,10,0.030830400502489783,0.9777327581801543,0.1716,0.917784,14,4,6,22,12,14,14
6,False,True,8.0,True,300,29,14,0.03098105929854301,0.9777103741025167,16.7016,0.000236,14,4,6,22,12,14,14
15,True,False,,True,300,22,14,0.03065620087693333,0.977692993373152,93427.1931,0.0,11,1,3,18,10,11,11
6,False,True,12.0,False,300,22,14,0.031128629219536356,0.9776899048168631,2.5614,0.277849,14,4,6,22,12,14,14
6,False,True,8.0,False,300,22,14,0.031000275359740218,0.9776827151613577,43.9185,0.0,14,4,6,22,12,14,14
15,False,False,,True,200,15,12,0.030637365791471225,0.9776728964999504,83.2419,0.0,11,1,3,18,10,11,11
9,True,True,8.0,False,400,29,10,0.03097620321725196,0.9776690526519587,6.3302,0.042209,13,3,5,21,11,13,13
6,False,True,12.0,True,200,29,14,0.031146666069867948,0.9776640430657901,11533.6582,0.0,14,4,6,22,12,14,14
18,True,False,,False,400,15,6,0.030645688275436032,0.9776607647651113,53.6995,0.0,10,0,2,17,9,11,11
12,False,True,18.0,False,300,22,10,0.03127260415191228,0.9776274640833993,5.7023,0.057778,12,2,4,19,11,12,12
18,False,False,,True,200,15,14,0.030639011896799094,0.9776239793394522,22097.9204,0.0,10,0,2,17,9,11,11
15,False,True,8.0,False,300,22,10,0.030911839143337994,0.977614964771692,612.8412,0.0,11,1,3,18,10,11,11
6,True,False,,True,400,22,10,0.03084586702263699,0.9776122533774281,2.5277,0.28257,14,4,6,22,12,14,14
6,False,True,16.0,True,400,29,14,0.03133988063364214,0.9775795622769069,0.0266,0.986771,14,4,6,22,12,14,14
6,False,True,16.0,True,400,29,16,0.03134852420077624,0.9775671934178815,4.5888,0.100821,14,4,6,22,12,14,14
12,True,True,12.0,True,400,36,10,0.031138646795678588,0.9775317029564806,5.8544,0.053548,12,2,4,19,11,12,12
12,True,True,8.0,True,400,36,10,0.031008721610604938,0.97752385162075,9.4183,0.009012,12,2,4,19,11,12,12
12,False,True,16.0,False,300,22,8,0.0312913677604724,0.977504099358358,1.9101,0.384796,12,2,4,19,11,12,12
21,True,False,,True,400,22,8,0.030736421205281427,0.9774814749066532,3.2389,0.198012,10,0,2,16,9,10,10
6,False,True,8.0,False,400,22,20,0.031142248745099507,0.977477832087531,5.4086,0.066916,14,4,6,22,12,14,14
6,False,True,18.0,True,400,29,16,0.03148956745337328,0.9774626124558884,3.6562,0.160715,14,4,6,22,12,14,14
6,False,True,8.0,False,400,22,16,0.031154479810448582,0.9774601375269999,4.4374,0.108748,14,4,6,22,12,14,14
6,True,True,8.0,False,400,29,12,0.031163998860910723,0.9774463616034077,2.0514,0.358538,14,4,6,22,12,14,14
15,False,True,18.0,True,400,29,10,0.031378632643966065,0.9774269110046377,17.4285,0.000164,11,1,3,18,10,11,11
18,False,True,4.0,False,400,22,14,0.03087287575850617,0.9774255365779515,3.5087,0.173019,10,0,2,17,9,11,11
6,False,True,12.0,False,400,22,14,0.03132653084692112,0.9774053282593963,0.8722,0.646538,14,4,6,22,12,14,14
9,False,True,18.0,False,400,22,12,0.03151438427393349,0.9773781967407934,18.8485,8.1e-05,13,3,5,21,11,13,13
9,False,True,8.0,True,300,29,10,0.03120834518444758,0.97733309315439,289.2665,0.0,13,3,5,21,11,13,13
6,False,True,4.0,True,300,29,20,0.031111389068290085,0.9773250208369938,35.8938,0.0,14,4,6,22,12,14,14
6,False,True,16.0,True,300,29,18,0.03153061124606957,0.9773058358851183,3.0768,0.214727,14,4,6,22,12,14,14
6,False,True,8.0,False,400,22,18,0.03127666182214502,0.977282996645496,6.7952,0.033453,14,4,6,22,12,14,14
18,False,True,12.0,False,400,22,10,0.03124887721873751,0.9772741773453618,0.3489,0.839937,10,0,2,17,9,11,11
12,True,True,12.0,False,300,29,18,0.031316691836675736,0.9772740292315836,148859.3261,0.0,12,2,4,19,11,12,12
15,True,True,12.0,False,300,29,18,0.03129370227274835,0.9772582361112895,447892.0999,0.0,11,1,3,18,10,11,11
6,False,True,4.0,True,400,29,16,0.031222895200717835,0.9771621910621088,2.468,0.291125,14,4,6,22,12,14,14
6,False,True,18.0,True,300,29,14,0.03170435466024264,0.9771541133544319,2.532,0.281952,14,4,6,22,12,14,14
6,True,False,,True,400,22,12,0.03116189269606217,0.9771511643095648,10.4828,0.005293,14,4,6,22,12,14,14
6,False,True,18.0,True,300,29,18,0.031708551054019186,0.9771480651833039,4.9234,0.085291,14,4,6,22,12,14,14
15,False,True,4.0,True,400,29,14,0.031123307020529112,0.9771077786325569,2.7045,0.258653,11,1,3,18,10,11,11
9,False,True,18.0,False,300,22,12,0.03171021577217513,0.9770961778464152,0.7714,0.679963,13,3,5,21,11,13,13
6,False,True,16.0,True,300,29,14,0.03167618230483912,0.9770958025583578,1.4915,0.474368,14,4,6,22,12,14,14
6,False,True,18.0,True,400,29,14,0.03175371256553287,0.9770829242149673,3.561,0.168551,14,4,6,22,12,14,14
6,True,False,,False,400,15,12,0.031228014555601015,0.977054096368504,1.6228,0.444228,14,4,6,22,12,14,14
21,True,True,4.0,True,400,36,10,0.031094339640939633,0.9770508129349021,8.6966,0.012928,10,0,2,16,9,10,10
9,False,True,18.0,False,200,22,10,0.03177780019391829,0.9769984433395457,72.2639,0.0,13,3,5,21,11,13,13
6,False,True,16.0,False,400,22,18,0.03177366273377178,0.9769546146811711,3.9466,0.139001,14,4,6,22,12,14,14
15,True,True,16.0,True,300,36,12,0.031640220370731345,0.9769505572920784,156424.5817,0.0,11,1,3,18,10,11,11
15,True,True,16.0,False,200,29,10,0.03165229557627106,0.976932960709914,9188.8572,0.0,11,1,3,18,10,11,11
15,True,False,,False,400,15,6,0.031184220076880133,0.9769179486175508,12.6174,0.00182,11,1,3,18,10,11,11
6,False,True,8.0,True,300,29,20,0.031536221300439406,0.976904383338314,28.7508,1e-06,14,4,6,22,12,14,14
21,True,True,12.0,False,400,29,8,0.031473455565574904,0.9768958813560225,2.5148,0.284394,10,0,2,16,9,10,10
6,False,True,4.0,True,400,29,18,0.031414091966924206,0.9768816351046015,6.4883,0.039001,14,4,6,22,12,14,14
9,True,True,8.0,True,400,36,10,0.031541953382441916,0.9768458976312948,5.8903,0.052595,13,3,5,21,11,13,13
9,False,True,12.0,True,200,29,10,0.031681242784197726,0.9768412301041194,12200.5536,0.0,13,3,5,21,11,13,13
21,False,True,8.0,False,200,22,12,0.031372897809706195,0.9768406861189727,31940.8223,0.0,10,0,2,16,9,10,10
12,True,False,,True,400,22,8,0.03127149623523041,0.976838824979569,2.4875,0.288307,12,2,4,19,11,12,12
15,False,True,16.0,True,400,29,10,0.03172661862025579,0.9768245056763433,4.4211,0.10964,11,1,3,18,10,11,11
21,True,True,16.0,True,300,36,16,0.03166121601498134,0.9768210324033004,659951.8855,0.0,10,0,2,16,9,10,10
9,False,True,16.0,False,200,22,10,0.0318457604442025,0.9767998727746753,425.4356,0.0,13,3,5,21,11,13,13
6,False,True,16.0,False,400,22,16,0.031884921359116254,0.9767929407212729,3.4058,0.182158,14,4,6,22,12,14,14
6,False,True,16.0,False,300,22,14,0.031889262352313104,0.9767866212109887,0.4639,0.792977,14,4,6,22,12,14,14
21,True,False,,False,400,15,6,0.031207699963124728,0.9767856318394128,30.2404,0.0,10,0,2,16,9,10,10
6,False,True,16.0,False,300,22,16,0.031944834353985055,0.9767056448663116,2.4969,0.286942,14,4,6,22,12,14,14
6,True,False,,False,400,15,10,0.031500333861337895,0.9766521587052321,2.1743,0.337168,14,4,6,22,12,14,14
6,False,True,8.0,False,300,22,16,0.03172780618832766,0.9766229157843376,107.6317,0.0,14,4,6,22,12,14,14
9,False,True,18.0,True,400,29,10,0.032040022104630424,0.9766172717472612,21.7622,1.9e-05,13,3,5,21,11,13,13
6,False,True,12.0,True,300,29,12,0.031871580370102105,0.9766122400506794,0.6156,0.735047,14,4,6,22,12,14,14
6,False,True,12.0,True,400,29,16,0.031895646330344314,0.976576906917162,1.5899,0.451598,14,4,6,22,12,14,14
6,False,True,8.0,True,300,29,18,0.03177619656466746,0.9765515532354426,54.3573,0.0,14,4,6,22,12,14,14
9,True,False,,False,400,15,6,0.03153700842518249,0.9765464411045967,2.4823,0.289056,13,3,5,21,11,13,13
6,False,True,8.0,True,400,29,16,0.03178855564581818,0.9765333095407513,175.2112,0.0,14,4,6,22,12,14,14
15,True,True,18.0,True,300,36,12,0.03201368256313025,0.9765039838108682,173204.8694,0.0,11,1,3,18,10,11,11
6,True,True,4.0,False,400,29,10,0.03169212737551117,0.9764705986288452,1.6507,0.438087,14,4,6,22,12,14,14
6,True,False,,False,400,15,14,0.03166086943122282,0.9764135764780946,3.513,0.172644,14,4,6,22,12,14,14
6,False,True,18.0,False,300,22,14,0.03221731987596741,0.9764088560479991,1.5216,0.467299,14,4,6,22,12,14,14
12,False,True,18.0,False,200,22,20,0.032145860923797016,0.9763605568741092,156685.3605,0.0,12,2,4,19,11,12,12
21,True,True,16.0,False,400,29,8,0.03198449722733645,0.9763452717404707,1.2985,0.522429,10,0,2,16,9,10,10
6,False,True,16.0,False,400,22,20,0.03220348864883182,0.9763268933217075,2.0018,0.367542,14,4,6,22,12,14,14
21,False,True,18.0,True,400,29,8,0.03206978577330113,0.9763204443890725,10.8113,0.004491,10,0,2,16,9,10,10
6,False,True,16.0,True,300,29,20,0.03220850123144761,0.9763195231488997,6.0926,0.047535,14,4,6,22,12,14,14
18,True,True,12.0,False,400,29,8,0.03191895121072904,0.9762891019157133,4.5409,0.103267,10,0,2,17,9,11,11
9,False,True,12.0,False,300,22,8,0.03206096742630818,0.9762827509489876,4.1967,0.122661,13,3,5,21,11,13,13
6,False,True,18.0,True,200,29,16,0.032308822489776796,0.9762746601056094,43601.5128,0.0,14,4,6,22,12,14,14
15,True,True,16.0,False,300,29,20,0.03210951231013841,0.9762617418210869,627136.0665,0.0,11,1,3,18,10,11,11
6,False,True,16.0,True,200,29,16,0.032266034379906425,0.9762348480378102,19597.1515,0.0,14,4,6,22,12,14,14
12,False,True,18.0,False,300,22,8,0.03224063923823873,0.9762209551060906,5.2419,0.072733,12,2,4,19,11,12,12
9,False,True,8.0,False,200,22,18,0.031967203176503624,0.9762173600716342,28374.6053,0.0,13,3,5,21,11,13,13
21,False,True,4.0,False,300,22,16,0.031662160779678164,0.9762049988679641,11857.7244,0.0,10,0,2,16,9,10,10
12,False,True,8.0,True,200,29,14,0.03192387272907207,0.9761776112289429,72445.8322,0.0,12,2,4,19,11,12,12
9,False,True,16.0,False,300,22,10,0.03227147875283729,0.9761754420547468,7.2758,0.026308,13,3,5,21,11,13,13
9,False,True,4.0,True,300,29,16,0.03185758937005012,0.9761719295085864,22060.3276,0.0,13,3,5,21,11,13,13
9,False,True,16.0,False,300,22,8,0.03227711393205642,0.9761671209377265,3.9509,0.138698,13,3,5,21,11,13,13
6,False,True,4.0,False,300,22,20,0.03190146461878867,0.9761587326866683,433.7631,0.0,14,4,6,22,12,14,14
18,False,True,16.0,True,200,29,8,0.032156336681003594,0.9761414413946944,8144.5495,0.0,10,0,2,17,9,11,11
6,False,True,8.0,True,300,29,16,0.0320570858438177,0.9761351706148639,71.1685,0.0,14,4,6,22,12,14,14
6,True,False,,True,400,22,14,0.03185453284546107,0.9761241468035919,9.6555,0.008005,14,4,6,22,12,14,14
6,False,True,16.0,False,400,22,14,0.03234963746373244,0.9761115348364114,2.3419,0.310079,14,4,6,22,12,14,14
6,False,True,8.0,False,400,22,14,0.032079986264079055,0.9761010620979408,8.3547,0.015339,14,4,6,22,12,14,14
6,True,False,,False,400,15,8,0.03187267501257967,0.976096942947237,3.2999,0.19206,14,4,6,22,12,14,14
18,False,False,,False,200,8,8,0.03167614729887914,0.9760834764699304,117.2195,0.0,10,0,2,17,9,11,11
6,False,True,16.0,True,400,29,18,0.03236955112237056,0.9760821154552514,2.4064,0.300238,14,4,6,22,12,14,14
12,False,True,4.0,True,400,29,14,0.03185888775397476,0.9760652451172342,5.6907,0.058114,12,2,4,19,11,12,12
18,True,True,18.0,False,300,29,20,0.032280543706769305,0.9760593480093664,817706.323,0.0,10,0,2,17,9,11,11
6,False,True,18.0,False,300,22,16,0.032471337074684165,0.9760353811310734,0.7865,0.67485,14,4,6,22,12,14,14
18,False,True,4.0,True,400,29,12,0.03182951238283995,0.9760048628425628,9.4224,0.008994,10,0,2,17,9,11,11
18,False,True,8.0,True,400,29,10,0.03197866097928834,0.9759904729206794,1.2377,0.538558,10,0,2,17,9,11,11
9,False,True,16.0,True,400,29,10,0.03240217150793414,0.9759820823359356,6.2962,0.042934,13,3,5,21,11,13,13
21,False,True,4.0,True,400,29,14,0.0318359521626259,0.9759430637744987,1.4919,0.474288,10,0,2,16,9,10,10
6,False,True,16.0,True,200,29,14,0.03246891757468237,0.9759350461824022,10741.3882,0.0,14,4,6,22,12,14,14
12,False,True,8.0,False,200,22,14,0.032089039204958536,0.9759304708817491,51148.0791,0.0,12,2,4,19,11,12,12
6,False,True,18.0,False,300,22,18,0.03254322953935307,0.9759291469615909,0.051,0.974799,14,4,6,22,12,14,14
18,False,True,4.0,True,300,29,12,0.03189414687603523,0.9759073126074639,5211.1512,0.0,10,0,2,17,9,11,11
6,False,True,18.0,True,300,29,12,0.032576555763102526,0.9758798217169068,3.2469,0.197213,14,4,6,22,12,14,14
6,True,False,,True,400,22,16,0.032018217309950116,0.9758781443170743,6.8593,0.032398,14,4,6,22,12,14,14
15,False,True,12.0,False,400,22,10,0.03223870523081351,0.9758639922716174,0.2852,0.867115,11,1,3,18,10,11,11
12,False,True,16.0,False,200,22,20,0.03244781858506186,0.9758105885334621,145172.8829,0.0,12,2,4,19,11,12,12
12,False,True,16.0,True,200,29,20,0.032457415099710576,0.9757962782729462,277721.9196,0.0,12,2,4,19,11,12,12
12,False,True,8.0,True,300,29,10,0.03218174778199844,0.9757911912212617,105.3473,0.0,12,2,4,19,11,12,12
21,False,True,8.0,False,400,22,10,0.03207872548430615,0.9757868869815494,3.3377,0.188462,10,0,2,16,9,10,10
21,False,True,8.0,True,200,29,12,0.03207885998101963,0.9757866839441217,70853.0821,0.0,10,0,2,16,9,10,10
15,False,True,12.0,True,400,29,10,0.03229549584576736,0.9757788830217325,0.7947,0.672104,11,1,3,18,10,11,11
18,False,True,4.0,False,300,22,16,0.03197946891943175,0.975778236453789,29219.405,0.0,10,0,2,17,9,11,11
9,False,True,4.0,True,400,29,12,0.03213210914258657,0.9757595028302822,27.7188,1e-06,13,3,5,21,11,13,13
9,True,False,,True,400,22,8,0.032072377860950074,0.9757433911835116,2.5956,0.273137,13,3,5,21,11,13,13
21,False,True,4.0,True,300,29,14,0.031969398521482284,0.9757409627764072,179.7591,0.0,10,0,2,16,9,10,10
6,False,True,16.0,True,400,29,12,0.03262882999946004,0.9756974181993637,5.3634,0.068448,14,4,6,22,12,14,14
6,False,True,16.0,False,300,22,18,0.032636512891926865,0.9756859721190227,34.3583,0.0,14,4,6,22,12,14,14
18,True,True,16.0,False,400,29,8,0.032471861051000105,0.9756709344677432,1.8673,0.393121,10,0,2,17,9,11,11
18,True,True,18.0,False,300,29,18,0.03254869045585628,0.9756599575198923,748313.1809,0.0,10,0,2,17,9,11,11
15,False,True,8.0,True,400,29,10,0.03224039651673284,0.9756494462696719,0.534,0.765656,11,1,3,18,10,11,11
9,False,True,4.0,False,400,22,12,0.032223764839884525,0.9756210152859527,0.5589,0.756208,13,3,5,21,11,13,13
6,False,True,12.0,False,300,22,12,0.032549614624228736,0.9756065553540034,0.2406,0.886662,14,4,6,22,12,14,14
6,False,False,,True,200,15,8,0.03216345720094328,0.9756054274261072,19.7773,5.1e-05,14,4,6,22,12,14,14
18,False,True,12.0,True,200,29,8,0.032380910699875455,0.9755978048545089,3804.7564,0.0,10,0,2,17,9,11,11
12,False,True,12.0,False,300,22,8,0.0324598991603187,0.9755845339404576,29.8212,0.0,12,2,4,19,11,12,12
15,True,True,12.0,False,400,29,8,0.03242629780922035,0.9755822868479616,2.0991,0.350096,11,1,3,18,10,11,11
6,False,True,18.0,True,400,29,18,0.032794849970242505,0.9755554819371061,1.435,0.487965,14,4,6,22,12,14,14
18,False,True,4.0,False,300,22,14,0.03213126279781433,0.9755477484869312,14265.6967,0.0,10,0,2,17,9,11,11
18,False,True,16.0,False,200,22,8,0.032554813649382425,0.9755464736619315,6367.418,0.0,10,0,2,17,9,11,11
6,False,True,18.0,False,200,22,16,0.032801880801330924,0.975544999577794,7562.9726,0.0,14,4,6,22,12,14,14
12,False,True,4.0,False,400,22,14,0.03221835320415368,0.9755220839374529,7.3296,0.02561,12,2,4,19,11,12,12
12,False,False,,True,200,15,10,0.0321183881847661,0.9755143230475323,2.004,0.367142,12,2,4,19,11,12,12
21,False,True,16.0,True,400,29,8,0.03254572092194953,0.9755078619416196,9.782,0.007514,10,0,2,16,9,10,10
6,False,True,12.0,False,400,22,12,0.03261974216428966,0.9755013316780446,0.4049,0.816735,14,4,6,22,12,14,14
12,False,True,4.0,True,300,29,14,0.03223313421539346,0.9754996190184876,355.8042,0.0,12,2,4,19,11,12,12
18,True,True,18.0,False,400,29,8,0.03265755649401544,0.9754968642971787,0.9795,0.612775,10,0,2,17,9,11,11
6,True,True,12.0,False,400,29,10,0.03262617480866773,0.9754916684036492,7.1175,0.028475,14,4,6,22,12,14,14
6,False,True,12.0,True,200,29,16,0.032633869518451875,0.9754801067211437,18574.5501,0.0,14,4,6,22,12,14,14
18,False,True,18.0,True,200,29,8,0.032676039184223446,0.9754691211301584,15395.6971,0.0,10,0,2,17,9,11,11
6,True,True,12.0,True,400,36,10,0.032644530792714475,0.9754640831228384,7.6402,0.021925,14,4,6,22,12,14,14
6,False,True,18.0,False,300,22,20,0.032884179975940786,0.9754221315520878,0.3042,0.858898,14,4,6,22,12,14,14
12,False,True,18.0,True,200,29,20,0.032799564644571816,0.9753893390533098,415266.8041,0.0,12,2,4,19,11,12,12
9,True,True,12.0,False,300,29,18,0.032663181160166165,0.9753834023339664,125165.1097,0.0,13,3,5,21,11,13,13
6,False,True,16.0,True,300,29,12,0.03284237376244492,0.9753782742400307,1.0554,0.589974,14,4,6,22,12,14,14
9,False,True,8.0,True,200,29,18,0.03253684819306142,0.9753622105186833,100943.2388,0.0,13,3,5,21,11,13,13
15,True,True,16.0,False,400,29,8,0.03273356815391828,0.9753300580664658,0.165,0.920804,11,1,3,18,10,11,11
6,False,True,4.0,False,400,22,14,0.032460922076860674,0.9753151895413696,1.0404,0.594409,14,4,6,22,12,14,14
6,True,True,12.0,True,300,36,16,0.03275225239812401,0.9753018869383459,26225.7357,0.0,14,4,6,22,12,14,14
18,True,True,8.0,False,400,29,8,0.03243606470733533,0.9752987249119477,6.1163,0.046975,10,0,2,17,9,11,11
18,False,True,16.0,True,400,29,8,0.03272075047994106,0.9752965516589612,19.8314,4.9e-05,10,0,2,17,9,11,11
6,False,True,18.0,True,300,29,20,0.03299918238036547,0.9752499237363478,219.6497,0.0,14,4,6,22,12,14,14
21,False,True,18.0,False,400,22,8,0.03279750239621599,0.9752335947441219,12.3661,0.002064,10,0,2,16,9,10,10
9,False,True,18.0,False,300,22,10,0.03298915722368213,0.9752113994129824,3.8009,0.149499,13,3,5,21,11,13,13
21,True,True,18.0,True,400,36,8,0.0328141674553126,0.9752084197499249,3.066,0.21589,10,0,2,16,9,10,10
12,True,True,16.0,False,300,29,12,0.032851414198818735,0.9752050959777764,113967.3078,0.0,12,2,4,19,11,12,12
15,True,True,16.0,True,300,36,18,0.03281761416093589,0.9752032114040573,580687.0497,0.0,11,1,3,18,10,11,11
21,True,True,18.0,False,400,29,8,0.032825058742529216,0.9751919599673603,0.5293,0.767472,10,0,2,16,9,10,10
15,True,True,12.0,True,300,36,14,0.03269091140683089,0.9751821411148686,308302.557,0.0,11,1,3,18,10,11,11
9,False,True,4.0,False,300,22,16,0.03252016082139398,0.9751704742057277,20474.2656,0.0,13,3,5,21,11,13,13
15,False,False,,True,200,15,8,0.03231107015750106,0.9751668262849822,10.7048,0.004737,11,1,3,18,10,11,11
12,True,False,,False,400,15,6,0.03242757599004405,0.9750946736286427,2.9466,0.229171,12,2,4,19,11,12,12
6,False,True,8.0,True,300,29,12,0.03275662231673383,0.9750822697419781,443.0965,0.0,14,4,6,22,12,14,14
18,True,True,4.0,True,300,36,20,0.032444217861892374,0.9750691041809899,129455.718,0.0,10,0,2,17,9,11,11
6,False,True,12.0,True,400,29,12,0.032914917464288825,0.9750559498519431,0.7246,0.696059,14,4,6,22,12,14,14
18,True,True,18.0,True,300,36,18,0.03296538591170187,0.9750327551673544,852759.4802,0.0,10,0,2,17,9,11,11
18,False,True,18.0,True,400,29,8,0.03297123417495319,0.9750238956944021,12.4439,0.001985,10,0,2,17,9,11,11
6,True,True,16.0,False,400,29,10,0.03308494927053215,0.9750132162968238,4.9909,0.08246,14,4,6,22,12,14,14
18,False,True,12.0,True,400,29,8,0.032786083206770344,0.9749833097401011,7.437,0.02427,10,0,2,17,9,11,11
6,False,True,16.0,True,400,29,20,0.033158653099180785,0.9749017654426442,12.9526,0.00154,14,4,6,22,12,14,14
18,False,True,4.0,False,400,22,12,0.03255544503254993,0.9748978720505461,2.3955,0.301878,10,0,2,17,9,11,11
6,False,False,,True,200,15,10,0.03262815354735133,0.9748954315938538,13.8547,0.000981,14,4,6,22,12,14,14
12,False,True,12.0,False,200,22,10,0.03291943611746881,0.9748883377682769,2368.1983,0.0,12,2,4,19,11,12,12
6,False,True,4.0,True,400,29,14,0.032742541288663135,0.9748850186338328,10.4393,0.005409,14,4,6,22,12,14,14
15,False,True,4.0,True,400,29,12,0.032623050977906465,0.9748484002912576,3.1503,0.206975,11,1,3,18,10,11,11
15,True,True,18.0,False,400,29,8,0.033127057567782045,0.9748412714707376,0.2704,0.873519,11,1,3,18,10,11,11
6,False,True,18.0,False,400,22,18,0.03328070903313316,0.974825820596781,5.3943,0.067398,14,4,6,22,12,14,14
6,False,True,8.0,True,400,29,20,0.03292581278254681,0.9748242010117484,636.7907,0.0,14,4,6,22,12,14,14
6,True,True,8.0,False,400,29,10,0.03293891324225431,0.9748041632282975,3.6744,0.159267,14,4,6,22,12,14,14
21,False,True,4.0,False,400,22,14,0.0325909564629491,0.9747884909039224,4.6709,0.096766,10,0,2,16,9,10,10
6,True,True,18.0,False,400,29,10,0.033307292676361275,0.9747855877591781,4.3127,0.115746,14,4,6,22,12,14,14
12,False,True,4.0,False,300,22,14,0.03272481791992802,0.9747464613461628,4073.0316,0.0,12,2,4,19,11,12,12
9,False,True,12.0,True,400,29,10,0.0330901545554772,0.9747356191450559,5.0986,0.078136,13,3,5,21,11,13,13
9,False,True,4.0,True,300,29,14,0.03281887855787071,0.9747122301807575,6114.8242,0.0,13,3,5,21,11,13,13
6,True,False,,True,400,22,20,0.03278854066882798,0.9747034908025363,2.9181,0.232454,14,4,6,22,12,14,14
6,False,True,18.0,True,400,29,20,0.03341962395162861,0.9746152260734032,9.0794,0.010677,14,4,6,22,12,14,14
12,False,True,8.0,False,300,22,10,0.03295523426134447,0.9746134916262102,127.1545,0.0,12,2,4,19,11,12,12
6,False,True,18.0,True,400,29,12,0.03342430686573419,0.974608111508338,12.0383,0.002432,14,4,6,22,12,14,14
21,True,True,8.0,False,400,29,8,0.03285143095536255,0.9746063574503256,7.4582,0.024014,10,0,2,16,9,10,10
15,True,True,8.0,True,300,36,14,0.03293563398390402,0.9745879238577475,332938.0282,0.0,11,1,3,18,10,11,11
12,False,True,12.0,True,200,29,10,0.03313374498313922,0.9745603145677453,2875.9958,0.0,12,2,4,19,11,12,12
9,False,True,18.0,False,300,22,8,0.03342145873836753,0.9745574655398965,3.2163,0.20026,13,3,5,21,11,13,13
21,False,True,12.0,True,400,29,8,0.03303378934355038,0.9745482680961454,5.0333,0.080728,10,0,2,16,9,10,10
6,True,False,,True,400,22,18,0.03290102778182295,0.9745296244279263,2.3872,0.303135,14,4,6,22,12,14,14
12,False,True,18.0,True,400,29,10,0.033378321314001994,0.9745131536433947,16.1209,0.000316,12,2,4,19,11,12,12
21,True,False,,True,300,22,14,0.03271126907078799,0.9744948353997103,166850.0038,0.0,10,0,2,16,9,10,10
6,True,True,8.0,True,400,36,10,0.033142347026459205,0.974491978504161,2.4967,0.286974,14,4,6,22,12,14,14
15,False,True,8.0,False,200,22,12,0.033006474683697655,0.9744784894817233,121529.681,0.0,11,1,3,18,10,11,11
6,False,True,8.0,True,400,29,12,0.033154714718073866,0.9744729373538107,15.0342,0.000544,14,4,6,22,12,14,14
6,False,True,18.0,False,400,22,16,0.033513256456310876,0.9744727846390104,4.748,0.093106,14,4,6,22,12,14,14
6,False,True,12.0,True,400,29,14,0.0333038876172824,0.9744629165970994,0.2652,0.875808,14,4,6,22,12,14,14
15,False,True,4.0,False,300,22,14,0.032901522378273214,0.9744171779395804,8911.9974,0.0,11,1,3,18,10,11,11
18,False,True,8.0,False,400,22,10,0.033021019005484986,0.9743997622685904,0.4701,0.790517,10,0,2,17,9,11,11
12,False,True,16.0,True,400,29,10,0.03340070076977659,0.9743690059955001,1.3032,0.521224,12,2,4,19,11,12,12
6,False,True,8.0,True,400,29,14,0.033224263608549985,0.9743657284085984,280.0953,0.0,14,4,6,22,12,14,14
15,False,True,4.0,False,400,22,14,0.032947987727406466,0.9743448679637969,6.4119,0.04052,11,1,3,18,10,11,11
15,True,True,18.0,True,300,36,16,0.033466703821642116,0.974322730186792,430947.8249,0.0,11,1,3,18,10,11,11
6,False,True,18.0,True,200,29,14,0.03361568616900808,0.9743165037246415,9270.3506,0.0,14,4,6,22,12,14,14
6,True,True,16.0,True,400,36,10,0.033564930807988294,0.9742829633535375,10.9366,0.004218,14,4,6,22,12,14,14
6,False,True,16.0,False,200,22,16,0.03357605854247598,0.974265908660685,9306.7783,0.0,14,4,6,22,12,14,14
21,False,True,4.0,False,400,22,12,0.03293114601101278,0.974259420557241,2.187,0.335049,10,0,2,16,9,10,10
15,False,True,8.0,True,200,29,12,0.033157066820576384,0.9742450742827672,164695.3957,0.0,11,1,3,18,10,11,11
12,False,True,16.0,False,400,22,10,0.033494172904166786,0.974225348169705,4.2033,0.122257,12,2,4,19,11,12,12
6,False,True,12.0,True,300,29,10,0.033462440929359134,0.9742191836476793,9.0973,0.010581,14,4,6,22,12,14,14
6,False,True,12.0,True,400,29,20,0.03346353902999733,0.974217491577728,24.3786,5e-06,14,4,6,22,12,14,14
18,False,True,12.0,False,200,22,8,0.03328560715574134,0.9742152013472457,2598.6108,0.0,10,0,2,17,9,11,11
6,False,True,16.0,False,200,22,14,0.033619255310698815,0.9741996504575264,4782.8993,0.0,14,4,6,22,12,14,14
12,False,True,18.0,False,400,22,10,0.03360921480699663,0.9741593251388592,5.8938,0.052503,12,2,4,19,11,12,12
21,False,True,16.0,False,400,22,8,0.03344460709548274,0.9741362732555415,5.6682,0.058771,10,0,2,16,9,10,10
6,False,True,18.0,False,400,22,20,0.03373476694825553,0.9741342181203535,3.7799,0.151081,14,4,6,22,12,14,14
9,False,True,8.0,False,300,22,10,0.033341170951121754,0.9741290441636615,308.3451,0.0,13,3,5,21,11,13,13
9,True,True,16.0,True,300,36,10,0.03362893722104807,0.9741289888144659,36015.0538,0.0,13,3,5,21,11,13,13
15,False,True,8.0,False,400,22,10,0.03327543756569339,0.9740608558433637,0.9244,0.629895,11,1,3,18,10,11,11
9,True,True,18.0,False,400,29,8,0.03375340074515444,0.9740495651452804,3.271,0.194858,13,3,5,21,11,13,13
6,False,True,16.0,True,200,29,12,0.033728943689222794,0.9740310200015888,8805.1287,0.0,14,4,6,22,12,14,14
6,False,True,8.0,False,400,22,12,0.0334504952504822,0.9740154405739853,0.925,0.629692,14,4,6,22,12,14,14
18,False,True,18.0,False,200,22,8,0.03365432630995178,0.9739782743207156,10417.2934,0.0,10,0,2,17,9,11,11
18,True,True,18.0,True,400,36,8,0.03365449321169144,0.9739780162212359,4.5702,0.101765,10,0,2,17,9,11,11
18,False,False,,True,300,15,8,0.03306645621467326,0.9739379453828884,12.1985,0.002245,10,0,2,17,9,11,11
18,True,True,12.0,False,200,29,14,0.033465302975375685,0.9739360460049316,305112.7903,0.0,10,0,2,17,9,11,11
15,False,True,4.0,False,400,22,12,0.033227019650438616,0.9739084884504686,4.3866,0.111547,11,1,3,18,10,11,11
6,False,True,12.0,True,400,29,18,0.03367097559485092,0.9738968553463242,11.7844,0.002761,14,4,6,22,12,14,14
6,False,True,16.0,False,200,22,18,0.03382027837771951,0.9738901866499653,26720.4052,0.0,14,4,6,22,12,14,14
9,True,True,16.0,False,400,29,8,0.03379359053373081,0.9738750303910565,0.4278,0.807431,13,3,5,21,11,13,13
21,False,True,18.0,True,200,29,8,0.03371222123485201,0.97383286549691,19761.1851,0.0,10,0,2,16,9,10,10
6,False,True,4.0,False,400,22,12,0.03342284095805102,0.9738305366154016,1.1826,0.5536,14,4,6,22,12,14,14
9,False,True,12.0,True,300,29,8,0.033686256602964204,0.973817170756678,474.3388,0.0,13,3,5,21,11,13,13
12,True,True,18.0,True,300,36,14,0.03383113975810707,0.9738169414264761,145567.5269,0.0,12,2,4,19,11,12,12
15,True,True,8.0,False,400,29,8,0.033436882208017424,0.9738085439211033,2.3648,0.30654,11,1,3,18,10,11,11
9,False,True,4.0,True,400,29,10,0.033408553708531886,0.9737953474355501,9.7289,0.007716,13,3,5,21,11,13,13
9,False,True,16.0,False,400,22,10,0.03385996710570647,0.9737723015052829,5.793,0.055215,13,3,5,21,11,13,13
21,False,False,,True,200,15,8,0.0331416109307851,0.9737677030494563,36.6721,0.0,10,0,2,16,9,10,10
6,False,True,8.0,True,400,29,18,0.03361604740263391,0.9737576001521787,956.7332,0.0,14,4,6,22,12,14,14
6,False,True,4.0,True,400,29,12,0.03347682951274938,0.9737459242624195,22.5383,1.3e-05,14,4,6,22,12,14,14
15,False,True,16.0,True,200,29,8,0.03377354023275869,0.9737375883745906,2909.1147,0.0,11,1,3,18,10,11,11
6,True,True,18.0,True,400,36,10,0.033996564292892585,0.973731199574806,12.9792,0.001519,14,4,6,22,12,14,14
9,False,True,8.0,True,200,29,16,0.033598732404844706,0.9737277926103312,168740.9961,0.0,13,3,5,21,11,13,13
6,True,True,12.0,False,300,29,18,0.03378180571151981,0.9737247322768164,19342.6107,0.0,14,4,6,22,12,14,14
21,False,True,4.0,True,400,29,12,0.033271457869648,0.9737246631802551,2.516,0.284226,10,0,2,16,9,10,10
9,False,True,12.0,True,200,29,20,0.03374778928891518,0.9737214301537163,174184.0901,0.0,13,3,5,21,11,13,13
21,True,True,16.0,True,400,36,8,0.033714843562322065,0.9737166205803935,2.9341,0.230603,10,0,2,16,9,10,10
9,True,True,4.0,False,400,29,8,0.03346856875274341,0.9737011149243647,4.6021,0.100152,13,3,5,21,11,13,13
9,False,True,8.0,False,200,22,16,0.033630115666876514,0.9736786900055743,54489.2537,0.0,13,3,5,21,11,13,13
21,False,True,12.0,False,400,22,8,0.03360721550803955,0.9736569769503415,5.6519,0.059253,10,0,2,16,9,10,10
9,False,False,,True,200,15,6,0.03341443393703095,0.9736133242932637,114.3121,0.0,13,3,5,21,11,13,13
18,False,True,16.0,False,400,22,8,0.03382193747805203,0.9736058285709891,6.4187,0.040383,10,0,2,17,9,11,11
15,False,True,4.0,True,300,29,12,0.033435006307173165,0.9735808231552583,6721.2637,0.0,11,1,3,18,10,11,11
6,False,True,12.0,False,200,22,14,0.03387857566818765,0.9735739825901449,9880.9232,0.0,14,4,6,22,12,14,14
6,False,True,16.0,False,400,22,12,0.03402728853251642,0.9735695779232497,3.3966,0.182995,14,4,6,22,12,14,14
18,False,True,12.0,False,400,22,8,0.03371254514780805,0.9735495015771481,6.8469,0.032599,10,0,2,17,9,11,11
12,True,True,12.0,False,400,29,8,0.03380560351894846,0.9735181651108549,0.3003,0.860571,12,2,4,19,11,12,12
6,False,True,12.0,False,200,22,18,0.033914422426260214,0.9735180305204869,3584.9053,0.0,14,4,6,22,12,14,14
15,True,True,16.0,True,300,36,20,0.03394373460052807,0.9734722341010303,787282.1001,0.0,11,1,3,18,10,11,11
18,False,True,18.0,False,400,22,8,0.03398927708479313,0.9734577248455499,14.5418,0.000695,10,0,2,17,9,11,11
12,False,True,12.0,True,300,29,8,0.03385323557003064,0.9734434867957191,569.9499,0.0,12,2,4,19,11,12,12
6,False,True,18.0,False,400,22,14,0.03418616870968303,0.9734373716704469,3.723,0.155442,14,4,6,22,12,14,14
6,True,False,,False,400,15,6,0.03362259147515113,0.9734001745543731,3.1818,0.203745,14,4,6,22,12,14,14
15,True,True,18.0,False,300,29,16,0.034082356637057214,0.9733693236026774,540219.0063,0.0,11,1,3,18,10,11,11
9,False,True,12.0,False,200,22,10,0.0339872910176831,0.9733471184806809,9618.7598,0.0,13,3,5,21,11,13,13
18,False,False,,True,200,15,6,0.03344280445918569,0.9733413150096695,282.8427,0.0,10,0,2,17,9,11,11
6,False,True,16.0,True,200,29,18,0.034186282705838504,0.9733220059904165,110570.6407,0.0,14,4,6,22,12,14,14
12,True,True,16.0,False,400,29,8,0.0341055946474078,0.9732757488973719,0.2868,0.866408,12,2,4,19,11,12,12
21,False,True,16.0,True,200,29,8,0.03401235629945917,0.973250704617128,14274.6529,0.0,10,0,2,16,9,10,10
12,False,True,4.0,True,400,29,12,0.03372838953085158,0.9731738113447754,5.7427,0.056622,12,2,4,19,11,12,12
6,False,True,16.0,True,300,29,10,0.03429518272120532,0.9731517703858303,4.5783,0.101353,14,4,6,22,12,14,14
21,False,True,18.0,False,200,22,8,0.03416871109676363,0.9731194207155139,17133.4215,0.0,10,0,2,16,9,10,10
9,False,True,16.0,False,200,22,20,0.0343078763211723,0.9730738171688856,163546.6551,0.0,13,3,5,21,11,13,13
18,True,True,16.0,True,300,36,16,0.03416145786689987,0.9730732547936369,837703.288,0.0,10,0,2,17,9,11,11
6,True,True,4.0,False,400,29,8,0.03391976016463764,0.9730465949218015,2.924,0.231772,14,4,6,22,12,14,14
6,False,True,18.0,False,200,22,14,0.0344452931526675,0.9730331665474771,2917.3502,0.0,14,4,6,22,12,14,14
15,True,True,18.0,True,200,36,8,0.03433197778645702,0.9729778058591803,5469.5508,0.0,11,1,3,18,10,11,11
6,False,True,16.0,False,300,22,20,0.034425201425627334,0.972947812348594,1455.7208,0.0,14,4,6,22,12,14,14
12,True,True,18.0,False,400,29,8,0.034390112537184644,0.9729445779690024,1.5469,0.461414,12,2,4,19,11,12,12
15,False,True,4.0,True,200,29,18,0.0338432853806063,0.972931667957272,550827.7405,0.0,11,1,3,18,10,11,11
6,False,True,12.0,False,200,22,16,0.03428915412999632,0.972929581265748,5067.0909,0.0,14,4,6,22,12,14,14
6,False,True,18.0,False,300,22,12,0.034519572941260665,0.9729167355176515,0.2578,0.879051,14,4,6,22,12,14,14
9,False,True,4.0,False,300,22,14,0.033976921217534595,0.9728961426844502,33793.8516,0.0,13,3,5,21,11,13,13
6,False,True,8.0,False,300,22,12,0.03417570303183939,0.9728765350946341,1855.0607,0.0,14,4,6,22,12,14,14
12,False,True,12.0,True,400,29,10,0.0342281755916103,0.9728519782338444,0.1453,0.929948,12,2,4,19,11,12,12
9,True,True,12.0,False,400,29,8,0.03430619656613083,0.9728445995403232,0.1442,0.930439,13,3,5,21,11,13,13
6,False,True,18.0,True,300,29,10,0.03458372971587469,0.9728159701000894,3.2265,0.199235,14,4,6,22,12,14,14
18,True,True,8.0,True,400,36,8,0.034043305573447466,0.9727901277918949,0.5936,0.743179,10,0,2,17,9,11,11
6,False,True,16.0,False,300,22,12,0.03452553370599411,0.9727898953085327,0.2714,0.873094,14,4,6,22,12,14,14
18,True,True,4.0,False,400,29,8,0.03391356450013977,0.9727598092978423,12.7002,0.001747,10,0,2,17,9,11,11
6,False,True,16.0,True,400,29,10,0.03455308018638889,0.9727464583765406,6.3438,0.041924,14,4,6,22,12,14,14
9,False,True,16.0,True,200,29,8,0.03451932576355003,0.9727408865192128,1184.5955,0.0,13,3,5,21,11,13,13
9,False,False,,False,200,8,8,0.033967340014508005,0.9727328630024111,6.9654,0.030724,13,3,5,21,11,13,13
21,True,True,12.0,True,400,36,8,0.03419586009271011,0.9727260768067792,0.1089,0.947017,10,0,2,16,9,10,10
9,False,False,,True,300,15,8,0.03400105592825202,0.9726787055261755,8.1177,0.017269,13,3,5,21,11,13,13
21,False,True,4.0,False,300,22,14,0.03393720697790994,0.9726626241162978,10271.2731,0.0,10,0,2,16,9,10,10
18,True,True,12.0,True,400,36,8,0.0342759052984777,0.9726581027774404,0.7561,0.685204,10,0,2,17,9,11,11
21,False,True,12.0,True,200,29,8,0.03424938876371392,0.9726406232157547,4735.3259,0.0,10,0,2,16,9,10,10
18,True,True,16.0,True,400,36,8,0.034451800138006736,0.9726136025549523,5.3896,0.067557,10,0,2,17,9,11,11
12,False,True,4.0,False,400,22,12,0.03410412786594813,0.9725727881867025,7.2171,0.027091,12,2,4,19,11,12,12
6,False,True,12.0,False,200,22,20,0.03451558891793009,0.9725708717008352,6483.8295,0.0,14,4,6,22,12,14,14
9,True,True,16.0,False,200,29,8,0.03464130427441787,0.9725478989273908,192.0516,0.0,13,3,5,21,11,13,13
12,True,True,18.0,False,300,29,14,0.0346418303468399,0.9725470651306696,227514.4193,0.0,12,2,4,19,11,12,12
6,False,True,12.0,True,200,29,18,0.03453483695506967,0.9725402707980231,27097.875,0.0,14,4,6,22,12,14,14
18,False,False,,True,400,15,14,0.03396363965097934,0.9725044891694824,2.339,0.310518,10,0,2,17,9,11,11
6,False,True,12.0,False,300,22,10,0.034599786490808415,0.9724368868571533,4.6009,0.100211,14,4,6,22,12,14,14
12,True,True,18.0,True,200,36,8,0.03472524123431767,0.972414703160947,1246.2991,0.0,12,2,4,19,11,12,12
21,True,True,18.0,False,200,29,8,0.03462379857570401,0.9723986162468683,15189.1994,0.0,10,0,2,16,9,10,10
15,False,False,,True,200,15,14,0.03406647020571103,0.9723952502120615,3742.7778,0.0,11,1,3,18,10,11,11
15,False,True,18.0,True,200,29,8,0.03470399245207114,0.9723890185263496,6064.1671,0.0,11,1,3,18,10,11,11
9,False,True,8.0,True,400,29,10,0.03446144206971992,0.9723612961863537,2.5842,0.27469,13,3,5,21,11,13,13
6,True,False,,True,400,22,8,0.034273496221607525,0.9723603056113842,0.573,0.750872,14,4,6,22,12,14,14
21,False,True,16.0,False,200,22,8,0.03458445700579111,0.9723432700237636,12250.2622,0.0,10,0,2,16,9,10,10
15,True,True,8.0,True,400,36,8,0.03439670668046616,0.9722832810221378,2.4401,0.295211,11,1,3,18,10,11,11
12,False,True,12.0,False,400,22,10,0.034585937102493435,0.9722814964039446,1.6633,0.43532,12,2,4,19,11,12,12
6,False,False,,True,200,15,12,0.03430494543216324,0.9722488343175597,157.4112,0.0,14,4,6,22,12,14,14
18,False,False,,True,400,15,8,0.034122845852576834,0.9722461119370505,8.5754,0.013736,10,0,2,17,9,11,11
9,False,True,18.0,False,400,22,10,0.0349292501512514,0.9722100290180535,13.8967,0.00096,13,3,5,21,11,13,13
15,False,True,16.0,False,200,22,8,0.034755112421618994,0.9721888578138854,2253.7098,0.0,11,1,3,18,10,11,11
15,True,True,12.0,False,300,29,14,0.03461088903652875,0.9721813683834791,507544.0567,0.0,11,1,3,18,10,11,11
21,True,True,18.0,True,200,36,8,0.03476777807173546,0.9721685839401746,15953.5213,0.0,10,0,2,16,9,10,10
12,False,True,8.0,True,400,29,10,0.03452011015156017,0.9721452982875143,2.5841,0.274703,12,2,4,19,11,12,12
21,True,True,8.0,True,400,36,8,0.03440921687621459,0.9721409696679646,0.3332,0.846537,10,0,2,16,9,10,10
6,False,True,18.0,True,300,29,8,0.03502497052014892,0.9721178833830209,47.6052,0.0,14,4,6,22,12,14,14
18,False,True,8.0,True,400,29,8,0.034478553841055734,0.972089916279748,5.6187,0.060244,10,0,2,17,9,11,11
6,False,True,12.0,True,400,29,10,0.034826132512246984,0.9720750807172913,2.1577,0.339985,14,4,6,22,12,14,14
21,False,True,4.0,False,200,22,20,0.03430710391407604,0.9720634516930675,308822.0164,0.0,10,0,2,16,9,10,10
18,False,True,4.0,True,400,29,10,0.0343945343243277,0.9719816772654696,5.7667,0.055948,10,0,2,17,9,11,11
6,False,True,16.0,True,200,29,10,0.03503885815464086,0.9719747625377715,2238.1546,0.0,14,4,6,22,12,14,14
6,False,True,18.0,False,400,22,12,0.03511951687360651,0.9719671503244844,9.3134,0.009498,14,4,6,22,12,14,14
15,False,True,8.0,False,300,22,8,0.03463054976725295,0.9719051404821178,7180.2206,0.0,11,1,3,18,10,11,11
9,False,True,18.0,True,200,29,8,0.035130673087585995,0.9718885977302163,917.7097,0.0,13,3,5,21,11,13,13
6,True,True,4.0,True,400,36,8,0.03465005855821933,0.9718734776221405,0.2322,0.890402,14,4,6,22,12,14,14
6,False,True,18.0,True,200,29,12,0.03519342321501308,0.9718490401953351,4201.9137,0.0,14,4,6,22,12,14,14
18,False,True,8.0,False,300,22,8,0.03462726213662647,0.9718486409869641,5955.6984,0.0,10,0,2,17,9,11,11
18,False,True,8.0,True,300,29,8,0.034639513806100516,0.9718287166764463,6757.3839,0.0,10,0,2,17,9,11,11
12,True,False,,True,300,22,16,0.03452933213309885,0.971761630124276,132613.7937,0.0,12,2,4,19,11,12,12
18,True,True,18.0,True,200,36,8,0.03507809937965791,0.971729961500268,12942.9035,0.0,10,0,2,17,9,11,11
9,False,True,8.0,False,400,22,10,0.03485293306178707,0.9717297634552355,0.863,0.649524,13,3,5,21,11,13,13
21,True,True,4.0,False,400,29,8,0.034511739110568776,0.9717291855965069,11.0054,0.004076,10,0,2,16,9,10,10
15,True,True,16.0,True,300,36,16,0.03504546389150434,0.9717222366124831,667611.3584,0.0,11,1,3,18,10,11,11
18,False,True,4.0,False,200,22,20,0.0345857881023526,0.9716692143297455,140444.0254,0.0,10,0,2,17,9,11,11
9,True,True,8.0,False,400,29,8,0.034916533574531006,0.9716264928320276,1.5896,0.451676,13,3,5,21,11,13,13
15,True,True,12.0,True,400,36,8,0.0349606672961897,0.9716162560513133,2.0829,0.352935,11,1,3,18,10,11,11
12,True,True,16.0,False,200,29,8,0.035175880126414295,0.9715721354925447,372.2143,0.0,12,2,4,19,11,12,12
18,False,False,,False,300,8,8,0.034538521441395985,0.9715658121860047,9.6628,0.007975,10,0,2,17,9,11,11
9,True,True,16.0,True,200,36,8,0.03526249477506736,0.9715545251225814,1767.1512,0.0,13,3,5,21,11,13,13
6,True,True,18.0,False,400,29,8,0.03542099572141231,0.9714837959643917,6.7447,0.03431,14,4,6,22,12,14,14
6,False,True,18.0,True,400,29,10,0.03542501822592754,0.9714773188414115,14.0681,0.000881,14,4,6,22,12,14,14
6,False,True,12.0,True,200,29,12,0.035199365513353106,0.9714733285359306,24511.8539,0.0,14,4,6,22,12,14,14
6,False,True,16.0,True,300,29,8,0.03536739260904991,0.9714467532627671,25.7053,3e-06,14,4,6,22,12,14,14
12,False,False,,True,200,15,12,0.03468951700400983,0.9714371765115155,94.0711,0.0,12,2,4,19,11,12,12
12,False,False,,True,200,15,8,0.03470920220383759,0.9714047503222613,11.9359,0.00256,12,2,4,19,11,12,12
18,True,False,,True,300,22,14,0.034697595378985056,0.9713629486350948,134645.9359,0.0,10,0,2,17,9,11,11
21,True,True,16.0,True,200,36,12,0.03520395368478114,0.9713435895775491,257676.2601,0.0,10,0,2,16,9,10,10
21,False,True,12.0,False,200,22,8,0.03506267573814086,0.9713258428755465,3197.8528,0.0,10,0,2,16,9,10,10
9,False,True,8.0,True,200,29,14,0.03511433393780384,0.9713041133678683,245046.8207,0.0,13,3,5,21,11,13,13
6,False,True,16.0,False,400,22,10,0.035465704569094814,0.9712877917461288,3.6099,0.164487,14,4,6,22,12,14,14
12,True,True,8.0,False,400,29,8,0.03504887142005234,0.9712854349187072,0.9334,0.627075,12,2,4,19,11,12,12
21,False,True,8.0,False,400,22,8,0.03493555079658288,0.9712821707744873,2.865,0.238708,10,0,2,16,9,10,10
6,False,True,8.0,False,200,22,20,0.03517010869782852,0.9712751562758725,2270.7268,0.0,14,4,6,22,12,14,14
15,True,True,18.0,True,400,36,8,0.03542483821209659,0.9712300759713877,2.5728,0.276257,11,1,3,18,10,11,11
9,False,True,12.0,False,400,22,10,0.03533078742535542,0.9711983278927646,4.9037,0.086132,13,3,5,21,11,13,13
9,True,True,4.0,True,400,36,8,0.03502974520234285,0.971190414308887,1.5291,0.465549,13,3,5,21,11,13,13
18,False,True,8.0,False,400,22,8,0.035047079104124426,0.9711618953412765,4.0139,0.1344,10,0,2,17,9,11,11
21,True,True,16.0,False,200,29,8,0.03531793411981617,0.9711577264904228,12676.2131,0.0,10,0,2,16,9,10,10
15,False,True,12.0,True,200,29,8,0.03524447819212144,0.9711535467157685,2298.7127,0.0,11,1,3,18,10,11,11
6,True,True,16.0,False,400,29,8,0.03555222694212505,0.9711475278648448,2.3516,0.308569,14,4,6,22,12,14,14
18,True,True,4.0,True,400,36,8,0.03490750370293886,0.971139699324972,6.7051,0.034995,10,0,2,17,9,11,11
15,False,True,8.0,True,300,29,8,0.03510813863054172,0.971124886383124,8351.7689,0.0,11,1,3,18,10,11,11
9,False,True,4.0,False,400,22,10,0.03508060344126547,0.9711066986884048,5.9314,0.051525,13,3,5,21,11,13,13
18,True,True,16.0,False,200,29,8,0.035398803644277,0.9710873274525957,8885.4864,0.0,10,0,2,17,9,11,11
6,False,True,4.0,True,400,29,10,0.035138390125894835,0.9710751035271363,13.0719,0.00145,14,4,6,22,12,14,14
15,False,True,12.0,False,400,22,8,0.03530159537513723,0.9710599738607376,9.1628,0.010241,11,1,3,18,10,11,11
12,False,True,8.0,False,400,22,10,0.035188549820536534,0.9710561096148589,0.1024,0.950105,12,2,4,19,11,12,12
12,False,True,8.0,False,300,22,20,0.03518903798488437,0.9710553065426407,289035.6357,0.0,12,2,4,19,11,12,12
6,False,True,18.0,False,200,22,12,0.03569139081631949,0.9710467629503854,2441.9744,0.0,14,4,6,22,12,14,14
6,False,True,16.0,False,300,22,10,0.03563527233780052,0.9710125791643184,6.0149,0.049417,14,4,6,22,12,14,14
18,False,False,,True,300,15,10,0.03488959879455717,0.9709848182946047,2.0177,0.364638,10,0,2,17,9,11,11
15,True,True,4.0,False,400,29,8,0.035073733594115794,0.970927628413716,11.2728,0.003566,11,1,3,18,10,11,11
15,False,True,18.0,True,400,29,8,0.03563085254658374,0.970894478044377,9.4355,0.008935,11,1,3,18,10,11,11
15,False,True,16.0,False,400,22,8,0.035577099489511245,0.9708577884399275,6.8245,0.032967,11,1,3,18,10,11,11
15,False,True,12.0,True,400,29,8,0.035434832910146076,0.9708411070195904,8.0816,0.017583,11,1,3,18,10,11,11
15,True,True,16.0,False,200,29,8,0.03559178511633933,0.9708337246472183,2669.7794,0.0,11,1,3,18,10,11,11
12,True,False,,True,300,22,14,0.035103535992432204,0.9708146439100039,165221.7653,0.0,12,2,4,19,11,12,12
15,True,True,16.0,True,400,36,8,0.03563854568399481,0.9707570368671621,2.9339,0.23063,11,1,3,18,10,11,11
9,False,True,18.0,False,200,22,20,0.03588548972338372,0.9706676186185847,271351.4008,0.0,13,3,5,21,11,13,13
15,False,True,18.0,False,200,22,8,0.03579117180525502,0.9706319710886178,5284.2252,0.0,11,1,3,18,10,11,11
6,False,True,4.0,False,400,22,10,0.03541507388289465,0.9706177941588914,3.1501,0.206997,14,4,6,22,12,14,14
9,True,True,12.0,False,300,29,14,0.03569735178719845,0.9705975807067219,167610.417,0.0,13,3,5,21,11,13,13
9,True,True,16.0,True,400,36,8,0.03592214223639834,0.9704803247740014,2.2128,0.330749,13,3,5,21,11,13,13
6,True,True,18.0,False,300,29,8,0.03605094447875458,0.9704604771057107,703.7908,0.0,14,4,6,22,12,14,14
6,False,True,16.0,False,300,22,8,0.03597393861739526,0.9704589865894543,1.994,0.368979,14,4,6,22,12,14,14
15,False,True,12.0,False,200,22,8,0.0356693489758406,0.9704538689940381,1313.7703,0.0,11,1,3,18,10,11,11
18,False,False,,True,300,15,6,0.03520960569466134,0.9704501237216175,3.282,0.193785,10,0,2,17,9,11,11
9,False,True,8.0,True,300,29,8,0.03563364553942902,0.9704490607437305,9649.7791,0.0,13,3,5,21,11,13,13
21,False,True,8.0,True,400,29,8,0.035440753794132376,0.9704455882344202,8.0305,0.018038,10,0,2,16,9,10,10
21,False,True,8.0,False,300,22,8,0.035441834211213843,0.9704437862649585,966.2054,0.0,10,0,2,16,9,10,10
15,False,True,16.0,True,400,29,8,0.03583928845957475,0.9704266728493871,13.03,0.001481,11,1,3,18,10,11,11
15,False,True,18.0,False,400,22,8,0.036007392093594374,0.9702760652079518,9.5852,0.008291,11,1,3,18,10,11,11
6,False,True,16.0,False,200,22,10,0.03609967043794265,0.9702521292736458,1317.4664,0.0,14,4,6,22,12,14,14
21,True,True,16.0,False,200,29,12,0.03588986931602095,0.9702160248667788,305942.4977,0.0,10,0,2,16,9,10,10
6,False,True,12.0,False,300,22,8,0.0359775814282121,0.9701980034757393,1.1708,0.556882,14,4,6,22,12,14,14
21,True,True,4.0,True,400,36,8,0.03544104322266095,0.9701861800689426,4.2796,0.117681,10,0,2,16,9,10,10
15,False,True,8.0,True,400,29,8,0.03570672230668892,0.9701318678171624,6.4703,0.039354,11,1,3,18,10,11,11
9,True,True,8.0,True,400,36,8,0.03583952425526151,0.9701066043555832,4.3947,0.111097,13,3,5,21,11,13,13
9,False,False,,True,300,15,10,0.03557316785025537,0.9700937784602823,0.9403,0.62492,13,3,5,21,11,13,13
15,False,True,4.0,False,300,22,12,0.035606830749900654,0.9700371511465036,11191.1481,0.0,11,1,3,18,10,11,11
6,False,True,18.0,False,200,22,18,0.03631493358912994,0.9700262768938558,98599.9352,0.0,14,4,6,22,12,14,14
18,False,False,,False,200,8,6,0.03546931539913031,0.9700125900980251,132.8571,0.0,10,0,2,17,9,11,11
12,True,True,4.0,False,400,29,8,0.03567446198423631,0.969988850597366,9.3026,0.009549,12,2,4,19,11,12,12
6,True,True,12.0,False,400,29,8,0.036104250770124295,0.9699877811862809,0.56,0.755775,14,4,6,22,12,14,14
9,True,True,12.0,True,400,36,8,0.03607344330644771,0.9699747753114776,3.9068,0.141793,13,3,5,21,11,13,13
6,False,True,12.0,True,200,29,10,0.036129391397237996,0.96994596956094,23958.2746,0.0,14,4,6,22,12,14,14
18,False,False,,True,400,15,10,0.03554625777831264,0.9698823476496459,3.5802,0.166941,10,0,2,17,9,11,11
9,True,True,18.0,True,400,36,8,0.03638044190568312,0.9698529022954284,3.0055,0.222517,13,3,5,21,11,13,13
12,False,True,8.0,True,200,29,12,0.03591451568306396,0.9698495224793449,172113.1669,0.0,12,2,4,19,11,12,12
15,True,True,18.0,False,200,29,8,0.03626766729116385,0.9698448002154847,11515.3014,0.0,11,1,3,18,10,11,11
15,False,True,8.0,False,400,22,8,0.03588207531403934,0.9698377872147265,4.4849,0.106197,11,1,3,18,10,11,11
18,True,True,16.0,True,200,36,12,0.03618710465821724,0.969785268364216,356036.5569,0.0,10,0,2,17,9,11,11
18,False,False,,True,400,15,12,0.03561482024877553,0.9697660523076169,1.9474,0.377689,10,0,2,17,9,11,11
15,True,True,4.0,True,400,36,8,0.0357822318402295,0.9697412269813905,7.3091,0.025873,11,1,3,18,10,11,11
12,True,True,18.0,True,400,36,8,0.03638416561945594,0.9697160891807508,2.6242,0.269247,12,2,4,19,11,12,12
12,True,True,8.0,True,400,36,8,0.036035802062320814,0.9696455371594488,4.4168,0.109876,12,2,4,19,11,12,12
6,False,True,18.0,False,300,22,10,0.0365703085372148,0.9696032304247068,3.095,0.212778,14,4,6,22,12,14,14
6,False,True,18.0,False,300,22,8,0.03659096774148463,0.9695688773949738,2.6271,0.268868,14,4,6,22,12,14,14
6,False,True,18.0,True,200,29,10,0.03659107276042132,0.9695687027153235,1177.577,0.0,14,4,6,22,12,14,14
6,False,True,12.0,False,200,22,12,0.0363817288987955,0.9695246924689893,18086.6863,0.0,14,4,6,22,12,14,14
12,True,True,16.0,True,400,36,8,0.03644749612875753,0.9694796374251943,4.5123,0.104755,12,2,4,19,11,12,12
15,False,True,4.0,True,400,29,10,0.0359559294122262,0.9694467438302039,3.9178,0.141012,11,1,3,18,10,11,11
12,True,True,12.0,True,400,36,8,0.036322784889199176,0.9694276400879144,9.9813,0.006801,12,2,4,19,11,12,12
6,True,True,8.0,False,400,29,8,0.036295727061317624,0.9694070572238567,0.0293,0.98546,14,4,6,22,12,14,14
6,False,False,,True,200,15,6,0.036057219054726884,0.9693414069182809,74.3007,0.0,14,4,6,22,12,14,14
12,False,True,16.0,True,200,29,8,0.036619666840978754,0.969190612157126,655.3267,0.0,12,2,4,19,11,12,12
6,False,True,8.0,True,400,29,10,0.036448685173619114,0.969148663234018,0.6036,0.739478,14,4,6,22,12,14,14
9,True,False,,True,400,22,6,0.03619635654926466,0.9691043398182411,1.7149,0.42424,13,3,5,21,11,13,13
12,True,True,12.0,False,200,29,16,0.03652090302154209,0.9690932242507432,277095.1258,0.0,12,2,4,19,11,12,12
9,True,True,18.0,True,200,36,8,0.0368500470497133,0.9690695910746252,5324.8718,0.0,13,3,5,21,11,13,13
9,False,False,,True,300,15,6,0.03618342279237453,0.9690588994841174,0.4417,0.801819,13,3,5,21,11,13,13
18,True,True,16.0,True,200,36,8,0.036625406877575976,0.9690489074138512,10900.3593,0.0,10,0,2,17,9,11,11
6,False,True,16.0,False,200,22,12,0.03682846615107118,0.9690388791687765,4351.9309,0.0,14,4,6,22,12,14,14
18,True,False,,True,400,22,6,0.0360874281384145,0.9690228537529931,37.9262,0.0,10,0,2,17,9,11,11
15,False,False,,False,200,8,8,0.036093987764637764,0.969011591273007,19.7386,5.2e-05,11,1,3,18,10,11,11
9,True,False,,True,300,22,16,0.03625726236454441,0.9690002791505645,96454.8646,0.0,13,3,5,21,11,13,13
6,False,True,18.0,False,200,22,10,0.03694029360575121,0.9689850654983806,274.1843,0.0,14,4,6,22,12,14,14
6,False,True,12.0,False,400,22,10,0.036702997842712574,0.9689840915205444,2.9822,0.225126,14,4,6,22,12,14,14
12,False,True,4.0,True,400,29,10,0.03631497040506763,0.9689015206295154,3.1073,0.211475,12,2,4,19,11,12,12
12,False,True,8.0,False,300,22,8,0.03648437906495063,0.9688851232520478,10041.6504,0.0,12,2,4,19,11,12,12
12,False,True,12.0,False,200,22,20,0.03664711486426146,0.968879234937994,272659.9278,0.0,12,2,4,19,11,12,12
9,False,True,16.0,False,200,22,8,0.03688373709826642,0.9688787555880741,425.9667,0.0,13,3,5,21,11,13,13
18,True,True,18.0,False,200,29,8,0.036826754731163036,0.9688411665090171,16752.7428,0.0,10,0,2,17,9,11,11
6,False,True,18.0,False,400,22,10,0.03703285292588484,0.9688294458496268,14.2137,0.000819,14,4,6,22,12,14,14
21,True,True,4.0,False,300,29,14,0.03625094817213207,0.9688079893307842,111416.605,0.0,10,0,2,16,9,10,10
21,False,True,8.0,True,300,29,8,0.03644363215969027,0.9687493015654305,2376.1157,0.0,10,0,2,16,9,10,10
9,False,True,18.0,False,200,22,8,0.03704960508458827,0.9687336824296282,232.4652,0.0,13,3,5,21,11,13,13
9,False,False,,True,400,15,8,0.03642091309839875,0.9686514020228024,3.19,0.20291,13,3,5,21,11,13,13
6,False,False,,True,300,15,8,0.03646652382767278,0.9686414121676697,12.8827,0.001594,14,4,6,22,12,14,14
6,True,True,12.0,True,200,36,12,0.03692355383319884,0.9686102093555568,23959.5214,0.0,14,4,6,22,12,14,14
9,False,True,12.0,True,200,29,8,0.036901051838180786,0.9685812748189306,7843.1003,0.0,13,3,5,21,11,13,13
6,False,True,8.0,False,400,22,10,0.03679984930748168,0.9685513263305211,1.5626,0.457818,14,4,6,22,12,14,14
12,True,True,16.0,True,200,36,10,0.03705427741660878,0.9684549667924143,67786.6842,0.0,12,2,4,19,11,12,12
9,False,True,18.0,True,200,29,20,0.03721520962194555,0.9684535490234668,670690.2978,0.0,13,3,5,21,11,13,13
9,True,False,,False,400,15,4,0.0365947977670528,0.9684204114312401,43.7332,0.0,13,3,5,21,11,13,13
9,False,False,,False,300,8,8,0.03656562420360006,0.9684017925383225,9.5626,0.008385,13,3,5,21,11,13,13
9,False,False,,False,200,8,6,0.036569297494652056,0.9683954436658349,25.8468,2e-06,13,3,5,21,11,13,13
12,False,True,18.0,True,200,29,8,0.03718303421108244,0.9683716328779819,1370.3777,0.0,12,2,4,19,11,12,12
18,False,True,16.0,True,300,29,6,0.037101115993885124,0.9682396693647107,68.5139,0.0,10,0,2,17,9,11,11
9,False,True,8.0,False,300,22,8,0.03699687522596743,0.968144761002439,18767.8674,0.0,13,3,5,21,11,13,13
18,False,True,16.0,True,200,29,6,0.03717612378106011,0.9681111190399245,3167.5005,0.0,10,0,2,17,9,11,11
12,True,True,4.0,True,400,36,8,0.03677762487183146,0.9681040808309288,6.1262,0.046743,12,2,4,19,11,12,12
6,False,False,,False,200,8,8,0.03678528780661292,0.9680907878674835,8.2954,0.015801,14,4,6,22,12,14,14
18,False,False,,False,300,8,6,0.036634486943501576,0.9680100492612249,5.7201,0.057266,10,0,2,17,9,11,11
15,True,True,16.0,True,200,36,8,0.03729575782636284,0.9679741767491596,8025.0832,0.0,11,1,3,18,10,11,11
18,False,True,4.0,True,400,29,8,0.03683389305651111,0.9678664644999737,20.4317,3.7e-05,10,0,2,17,9,11,11
21,True,True,18.0,True,200,36,10,0.03741195990998883,0.9677743006730924,82191.8158,0.0,10,0,2,16,9,10,10
18,True,True,8.0,True,300,36,14,0.03706221546101514,0.9677502903467853,539036.8432,0.0,10,0,2,17,9,11,11
12,False,True,4.0,True,300,29,12,0.036994765112521324,0.9677263330403089,23038.1092,0.0,12,2,4,19,11,12,12
21,False,True,4.0,True,400,29,10,0.03687503679773207,0.9677247544746523,20.7036,3.2e-05,10,0,2,16,9,10,10
21,True,False,,True,400,22,6,0.03679922166617671,0.9677217032455128,13.6532,0.001085,10,0,2,16,9,10,10
21,False,True,4.0,True,200,29,16,0.03688191509366363,0.9677127127567878,419109.3517,0.0,10,0,2,16,9,10,10
18,False,False,,True,300,15,14,0.0368108878860912,0.9677012340409237,617.6025,0.0,10,0,2,17,9,11,11
18,True,True,8.0,False,300,29,14,0.03709203886878155,0.9676983677511791,484744.5006,0.0,10,0,2,17,9,11,11
9,False,True,4.0,False,300,22,12,0.03710507702400096,0.9676756551838772,89689.3525,0.0,13,3,5,21,11,13,13
12,True,True,16.0,True,200,36,8,0.03752199170510217,0.9676535921758612,3160.7729,0.0,12,2,4,19,11,12,12
15,False,False,,True,300,15,8,0.03689533967671948,0.9676203188356176,12.8493,0.001621,11,1,3,18,10,11,11
12,True,True,12.0,True,200,36,14,0.03739308046969944,0.967599390911543,241958.0577,0.0,12,2,4,19,11,12,12
18,False,True,18.0,True,300,29,6,0.03756060709847476,0.9675869799338517,59.1293,0.0,10,0,2,17,9,11,11
18,False,True,4.0,True,200,29,16,0.0370627785285552,0.9674658687188692,488989.4195,0.0,10,0,2,17,9,11,11
9,False,True,4.0,True,400,29,8,0.03724239881263427,0.9674359547964648,9.6583,0.007993,13,3,5,21,11,13,13
21,False,False,,False,200,8,8,0.036932803685963723,0.9674228081142925,80.1497,0.0,10,0,2,16,9,10,10
6,True,True,16.0,True,400,36,8,0.03777821403620536,0.9674214120461115,4.4156,0.10994,14,4,6,22,12,14,14
9,False,True,12.0,False,200,22,8,0.03758835503302006,0.9673999918375382,4574.2899,0.0,13,3,5,21,11,13,13
6,True,True,18.0,True,400,36,8,0.03798989700359639,0.9671975399908354,4.0088,0.13474,14,4,6,22,12,14,14
12,False,True,8.0,False,200,22,12,0.03746740626787167,0.9671858298718177,161043.223,0.0,12,2,4,19,11,12,12
18,False,True,4.0,False,300,22,12,0.03726090236018352,0.9671171082970011,36440.5214,0.0,10,0,2,17,9,11,11
12,True,False,,True,300,22,20,0.037300296821630614,0.9670475400087054,211879.3063,0.0,12,2,4,19,11,12,12
18,False,True,8.0,True,200,29,10,0.037473393247313275,0.9670307477608874,145560.4334,0.0,10,0,2,17,9,11,11
6,False,True,12.0,True,300,29,8,0.03784844195774672,0.9670179654099844,401.2886,0.0,14,4,6,22,12,14,14
21,False,True,8.0,False,200,22,10,0.037439895112955625,0.9670173409139069,56613.9427,0.0,10,0,2,16,9,10,10
6,True,True,12.0,True,400,36,8,0.037856520001935616,0.9670038851069988,5.5471,0.062441,14,4,6,22,12,14,14
6,True,True,12.0,True,200,36,14,0.03786618721240276,0.9669870308839807,42036.2073,0.0,14,4,6,22,12,14,14
12,False,True,4.0,False,400,22,10,0.03743427120054128,0.9669549411730834,12.893,0.001586,12,2,4,19,11,12,12
12,False,True,8.0,False,400,22,8,0.03762606602508792,0.966907331193687,5.742,0.056643,12,2,4,19,11,12,12
9,False,False,,True,300,15,12,0.03742168486728152,0.966904942692991,2.0611,0.356813,13,3,5,21,11,13,13
18,False,True,16.0,False,200,22,6,0.037885875335830786,0.9668818765953348,3249.6826,0.0,10,0,2,17,9,11,11
12,False,True,8.0,True,300,29,8,0.03766791030682696,0.966833684964164,7336.8036,0.0,12,2,4,19,11,12,12
15,True,False,,True,400,22,6,0.037383468160898665,0.9668285994090918,7.1621,0.027847,11,1,3,18,10,11,11
21,False,True,8.0,True,200,29,10,0.03754873606123872,0.9668252954020123,70415.5756,0.0,10,0,2,16,9,10,10
15,False,True,4.0,False,400,22,10,0.03750428246418673,0.9667586858368622,14.7601,0.000624,11,1,3,18,10,11,11
21,True,True,16.0,True,200,36,8,0.0379545753715857,0.9666905715587523,15021.4835,0.0,10,0,2,16,9,10,10
6,True,True,8.0,True,400,36,8,0.037881620261060345,0.9666752157836319,2.3346,0.311204,14,4,6,22,12,14,14
9,False,False,,True,400,15,10,0.03758164838822607,0.9666214003117537,0.2043,0.902906,13,3,5,21,11,13,13
18,False,False,,True,300,15,12,0.037432692232308544,0.9666008456420436,30.0025,0.0,10,0,2,17,9,11,11
18,False,True,4.0,False,400,22,10,0.03758375310171858,0.9665448055274268,10.9013,0.004293,10,0,2,17,9,11,11
12,False,True,4.0,False,300,22,12,0.037667624476263914,0.9665416724239905,21485.1572,0.0,12,2,4,19,11,12,12
12,False,True,16.0,False,200,22,8,0.03817150678970238,0.9665240508837737,540.806,0.0,12,2,4,19,11,12,12
18,False,True,18.0,False,300,22,6,0.038175949216286906,0.966516258521745,250.6128,0.0,10,0,2,17,9,11,11
12,False,True,18.0,False,200,22,8,0.03827780505689499,0.9664817626940329,811.3762,0.0,12,2,4,19,11,12,12
12,False,True,12.0,False,200,22,8,0.0380589837616407,0.96643512287716,1174.3761,0.0,12,2,4,19,11,12,12
6,False,True,18.0,True,200,29,18,0.03842891465797387,0.9664350178693798,317828.1429,0.0,14,4,6,22,12,14,14
12,False,True,12.0,False,400,22,8,0.03812293301635623,0.9663222322023227,6.2829,0.04322,12,2,4,19,11,12,12
12,True,True,12.0,True,200,36,20,0.03813440255981061,0.9663019647834016,745313.5305,0.0,12,2,4,19,11,12,12
12,False,True,8.0,True,400,29,8,0.03799052743481744,0.9662631280712572,3.1169,0.210464,12,2,4,19,11,12,12
9,False,False,,True,400,15,14,0.03786469446604622,0.9661167253054354,0.2725,0.872626,13,3,5,21,11,13,13
18,False,True,18.0,True,200,29,6,0.03841222177600972,0.9661005113760858,3992.7106,0.0,10,0,2,17,9,11,11
9,False,True,4.0,True,300,29,10,0.038014101778570994,0.9660724481939249,51123.614,0.0,13,3,5,21,11,13,13
9,False,False,,False,400,8,8,0.037905691348432795,0.9660433133497682,9.4259,0.008978,13,3,5,21,11,13,13
9,False,False,,True,400,15,12,0.03791213117826193,0.96603177450949,0.4476,0.799473,13,3,5,21,11,13,13
15,False,False,,True,200,15,6,0.03779160327941388,0.9660280734991754,94.5337,0.0,11,1,3,18,10,11,11
9,False,True,4.0,True,300,29,12,0.03804212467198697,0.9660224089424042,94485.7575,0.0,13,3,5,21,11,13,13
15,False,True,16.0,True,300,29,6,0.03842587573772305,0.9660039093888008,0.4557,0.796255,11,1,3,18,10,11,11
9,False,True,8.0,True,200,29,12,0.03825900462426801,0.9659342376953123,328604.9638,0.0,13,3,5,21,11,13,13
12,False,True,12.0,True,200,29,8,0.03834572919352222,0.965927446047639,1869.9376,0.0,12,2,4,19,11,12,12
21,False,True,12.0,False,400,22,6,0.038228421940428504,0.9659142156785677,2.2342,0.327233,10,0,2,16,9,10,10
15,True,True,16.0,False,300,29,18,0.038482005604226543,0.9659045185657422,1073638.9948,0.0,11,1,3,18,10,11,11
6,False,True,4.0,True,400,29,8,0.038185904173259594,0.9658402841585355,2.9316,0.230889,14,4,6,22,12,14,14
9,False,False,,True,400,15,6,0.03802655650940344,0.9658264211894392,5.7623,0.05607,13,3,5,21,11,13,13
12,True,True,12.0,False,200,29,18,0.03840797495475235,0.9658167378418254,465207.1091,0.0,12,2,4,19,11,12,12
18,False,True,4.0,False,400,22,8,0.03799071766340348,0.9658163635357769,8.012,0.018206,10,0,2,17,9,11,11
9,False,True,8.0,False,200,22,14,0.03834847097844623,0.9657747299892225,254915.3916,0.0,13,3,5,21,11,13,13
6,False,True,18.0,True,200,29,8,0.038810800788251026,0.965764601309618,2884.8222,0.0,14,4,6,22,12,14,14
12,True,True,12.0,False,200,29,14,0.03844054239290709,0.9657587429455171,249302.6003,0.0,12,2,4,19,11,12,12
18,False,True,12.0,True,300,29,6,0.03835928162016864,0.9657554306912534,190.582,0.0,10,0,2,17,9,11,11
6,False,True,8.0,True,300,29,10,0.03840546313626139,0.9657471851627966,16483.817,0.0,14,4,6,22,12,14,14
9,False,True,4.0,False,400,22,8,0.038209169254162,0.9657233597263359,12.2185,0.002222,13,3,5,21,11,13,13
9,True,True,12.0,True,200,36,12,0.03855200810157551,0.9657070317451505,183824.9751,0.0,13,3,5,21,11,13,13
6,True,False,,True,400,22,6,0.03817665359405227,0.9657064745666897,2.166,0.33858,14,4,6,22,12,14,14
18,False,True,8.0,False,200,22,10,0.03822103312691673,0.9657020707614514,132192.8905,0.0,10,0,2,17,9,11,11
9,False,True,18.0,True,400,29,8,0.03880770399359874,0.9656959444886,10.9011,0.004294,13,3,5,21,11,13,13
6,False,True,12.0,False,200,22,10,0.03863223524538311,0.9656377886992766,22127.4573,0.0,14,4,6,22,12,14,14
12,False,True,16.0,False,400,22,8,0.03867812112134019,0.9656295649157085,1.0031,0.605598,12,2,4,19,11,12,12
12,True,False,,True,400,22,6,0.038100854622207705,0.96561787615351,1.3125,0.518803,12,2,4,19,11,12,12
6,False,True,4.0,False,400,22,8,0.03831394293269252,0.9656108225057765,6.2279,0.044425,14,4,6,22,12,14,14
21,True,True,18.0,True,300,36,20,0.03868221818907947,0.9655488145283135,1496313.7055,0.0,10,0,2,16,9,10,10
6,True,True,12.0,False,300,29,20,0.038686281128349376,0.9655415770723531,170485.5748,0.0,14,4,6,22,12,14,14
6,False,True,4.0,True,300,29,18,0.038387036748670354,0.9654794847354305,61948.0639,0.0,14,4,6,22,12,14,14
15,True,True,16.0,False,300,29,12,0.03873145928996165,0.9654610484116528,673454.3227,0.0,11,1,3,18,10,11,11
12,True,True,16.0,False,200,29,10,0.03881729888730999,0.9653817655507303,94585.866,0.0,12,2,4,19,11,12,12
9,False,True,12.0,False,300,22,6,0.03875668998164319,0.9653419258667558,40.4842,0.0,13,3,5,21,11,13,13
15,False,True,12.0,True,300,29,6,0.03868177500279386,0.9652525416972372,54.0955,0.0,11,1,3,18,10,11,11
15,False,True,4.0,True,400,29,8,0.03835122303198418,0.9652403896350866,40.6314,0.0,11,1,3,18,10,11,11
9,False,True,8.0,True,400,29,8,0.03865849411883834,0.9652191137929296,5.1413,0.076486,13,3,5,21,11,13,13
18,True,True,18.0,False,200,29,6,0.03892239051231228,0.9651940651498299,930.1333,0.0,10,0,2,17,9,11,11
12,False,True,18.0,True,400,29,8,0.03900781347977756,0.9651910972667006,12.3144,0.002118,12,2,4,19,11,12,12
21,False,True,16.0,False,200,22,6,0.038807502952251646,0.9651766694651555,3758.7682,0.0,10,0,2,16,9,10,10
9,False,True,8.0,False,400,22,8,0.038689750626561346,0.9651628483562783,5.1608,0.075745,13,3,5,21,11,13,13
18,False,True,12.0,True,200,29,6,0.03873029475439871,0.9650897963475902,4511.417,0.0,10,0,2,17,9,11,11
12,False,True,18.0,False,400,22,8,0.0390665366132053,0.9650862143592872,6.4304,0.040148,12,2,4,19,11,12,12
18,False,False,,True,400,15,6,0.03828553921293708,0.9650616106717514,84.0169,0.0,10,0,2,17,9,11,11
6,False,False,,True,300,15,10,0.03850017478652958,0.9650462989960005,2.8073,0.245696,14,4,6,22,12,14,14
15,False,False,,True,300,15,10,0.03837980206500727,0.9649623473209795,0.1557,0.925106,11,1,3,18,10,11,11
9,False,False,,True,300,15,4,0.03855906818886706,0.9648626080120735,2.5515,0.279225,13,3,5,21,11,13,13
6,False,False,,False,300,8,8,0.03861937024718303,0.9648295326085954,8.3662,0.015251,14,4,6,22,12,14,14
18,False,True,16.0,False,300,22,6,0.03905327349900963,0.9648094581384855,206.9045,0.0,10,0,2,17,9,11,11
12,False,True,12.0,True,400,29,8,0.03897477002312194,0.9648003934846017,6.367,0.041441,12,2,4,19,11,12,12
18,False,True,18.0,False,200,22,6,0.039148617162962036,0.9647882877618438,4682.8559,0.0,10,0,2,17,9,11,11
18,False,False,,False,400,8,8,0.03844512533923028,0.9647697353098195,16.2081,0.000302,10,0,2,17,9,11,11
21,False,True,18.0,False,300,22,6,0.03913100038276869,0.9647447879105491,182.0051,0.0,10,0,2,16,9,10,10
9,True,False,,True,300,22,20,0.03868360402185217,0.9647124405578117,141699.56,0.0,13,3,5,21,11,13,13
9,False,True,12.0,True,300,29,6,0.0391349800684941,0.9646620540404289,44.6862,0.0,13,3,5,21,11,13,13
6,False,False,,True,300,15,6,0.03879093258907873,0.9645163565911913,1.3974,0.49724,14,4,6,22,12,14,14
9,False,True,16.0,True,400,29,8,0.03938580676703446,0.964513218661956,12.1306,0.002322,13,3,5,21,11,13,13
18,True,True,18.0,True,300,36,12,0.03932233734600104,0.9644750937100985,742267.7663,0.0,10,0,2,17,9,11,11
9,False,False,,False,300,8,6,0.03877380847754778,0.9644701491310802,9.1861,0.010122,13,3,5,21,11,13,13
9,False,True,12.0,True,400,29,8,0.039242429120154104,0.9644677398316127,2.2831,0.319318,13,3,5,21,11,13,13
12,False,True,16.0,True,400,29,8,0.039336006397079674,0.964450391406471,9.1358,0.01038,12,2,4,19,11,12,12
15,False,True,4.0,False,400,22,8,0.03878578222251529,0.9644482017868508,16.229,0.000299,11,1,3,18,10,11,11
15,True,True,16.0,False,300,29,16,0.03933801030248229,0.9643707886321746,1059596.0375,0.0,11,1,3,18,10,11,11
21,False,False,,True,300,15,8,0.03862918579595578,0.9643614357420055,3.08,0.21438,10,0,2,16,9,10,10
9,False,True,12.0,False,400,22,8,0.039309805874861735,0.9643456218258883,6.1416,0.046385,13,3,5,21,11,13,13
6,False,False,,False,200,8,6,0.03889802153548629,0.9643201689320785,17.7792,0.000138,14,4,6,22,12,14,14
12,True,True,16.0,True,300,36,16,0.03942037503528894,0.9642977328735034,571536.236,0.0,12,2,4,19,11,12,12
9,True,True,16.0,False,300,29,12,0.039526783472675915,0.9642587227705474,380854.1222,0.0,13,3,5,21,11,13,13
15,False,True,12.0,False,300,22,6,0.03923255362339898,0.9642559789232767,67.0701,0.0,11,1,3,18,10,11,11
6,False,False,,True,400,15,8,0.038953986492322804,0.9642174255739179,0.3197,0.852277,14,4,6,22,12,14,14
18,False,True,12.0,False,300,22,6,0.03922462222921746,0.9641929685918665,263.9471,0.0,10,0,2,17,9,11,11
12,True,True,8.0,True,300,36,16,0.03916128588485383,0.9641517422281942,640798.1481,0.0,12,2,4,19,11,12,12
6,False,False,,False,400,8,8,0.038999808436196715,0.9641331932978808,6.4541,0.039675,14,4,6,22,12,14,14
18,False,True,12.0,False,400,22,6,0.03927389099157281,0.9641029600218587,4.4043,0.110563,10,0,2,17,9,11,11
21,True,True,18.0,True,200,36,6,0.03948574764950083,0.9641026688473098,1060.7295,0.0,10,0,2,16,9,10,10
21,False,True,16.0,False,400,22,6,0.039436361104395155,0.9640389324392384,9.5154,0.008585,10,0,2,16,9,10,10
18,True,True,18.0,True,200,36,6,0.039567040423038866,0.9640315746862917,649.4937,0.0,10,0,2,17,9,11,11
9,False,True,16.0,False,400,22,8,0.03965678528243035,0.9640232332485316,5.4695,0.064911,13,3,5,21,11,13,13
18,False,True,4.0,False,300,22,20,0.03899481121325149,0.9639855397724586,538157.2097,0.0,10,0,2,17,9,11,11
9,False,False,,True,200,15,4,0.039058897681471166,0.9639457531375228,68.8739,0.0,13,3,5,21,11,13,13
15,False,True,16.0,False,300,22,6,0.0395817298719425,0.9639279377856838,12.6576,0.001784,11,1,3,18,10,11,11
9,False,True,16.0,True,300,29,6,0.03971920072689092,0.9639098971340972,1.6139,0.446212,13,3,5,21,11,13,13
21,False,False,,True,400,15,14,0.03889197897720828,0.9638748902281276,7.0567,0.029354,10,0,2,16,9,10,10
15,False,True,16.0,True,200,29,6,0.03961129881625801,0.9638740234569746,1360.4664,0.0,11,1,3,18,10,11,11
15,False,True,18.0,False,300,22,6,0.03971309555136155,0.9638431618195735,64.8747,0.0,11,1,3,18,10,11,11
6,False,True,8.0,False,300,22,10,0.03946709835853332,0.9638273230742547,13452.8151,0.0,14,4,6,22,12,14,14
21,False,True,16.0,True,200,29,6,0.039558468277897905,0.9638158944965127,3507.2278,0.0,10,0,2,16,9,10,10
15,True,False,,False,400,15,4,0.039089118597127534,0.9637326030554597,23.399,8e-06,11,1,3,18,10,11,11
12,False,True,4.0,True,400,29,8,0.0392196454519745,0.963727700295386,34.5501,0.0,12,2,4,19,11,12,12
18,False,True,16.0,False,400,22,6,0.039673556432720226,0.9636827182618019,10.0108,0.006702,10,0,2,17,9,11,11
15,False,False,,True,400,15,8,0.03908496401626407,0.9636630078647516,12.1799,0.002266,11,1,3,18,10,11,11
18,True,False,,False,400,15,4,0.03909058803246351,0.9636525499026973,15.9192,0.000349,10,0,2,17,9,11,11
15,False,True,18.0,True,300,29,6,0.039869484696121664,0.9635578317221862,5.0659,0.079424,11,1,3,18,10,11,11
18,False,True,12.0,False,200,22,6,0.03958399743871943,0.9635338362617278,3875.5868,0.0,10,0,2,17,9,11,11
21,False,True,18.0,False,200,22,6,0.03981005547562812,0.9635105770270791,4516.8439,0.0,10,0,2,16,9,10,10
21,False,False,,False,300,8,8,0.03910001800976854,0.9634873792978292,13.1609,0.001387,10,0,2,16,9,10,10
6,True,True,16.0,True,200,36,8,0.03999970689349042,0.9634772871198657,7590.6442,0.0,14,4,6,22,12,14,14
15,False,False,,False,300,8,8,0.03920205389576186,0.963444966620642,11.286,0.003542,11,1,3,18,10,11,11
12,True,True,18.0,False,200,29,8,0.03998509163821058,0.9634250862941895,21360.0324,0.0,12,2,4,19,11,12,12
15,True,True,18.0,False,300,29,12,0.03997448419924612,0.9633656321906283,749395.9988,0.0,11,1,3,18,10,11,11
6,False,True,16.0,True,200,29,8,0.04010292483860031,0.9632885525720938,4200.3098,0.0,14,4,6,22,12,14,14
6,False,True,4.0,False,300,22,18,0.03958915207669296,0.9632835661614914,125734.2709,0.0,14,4,6,22,12,14,14
6,False,True,12.0,True,200,29,20,0.03993410993419993,0.96328280901839,151466.69,0.0,14,4,6,22,12,14,14
21,False,True,16.0,False,300,22,6,0.039952654719012236,0.9630911774516046,172.0436,0.0,10,0,2,16,9,10,10
9,False,True,18.0,False,400,22,8,0.04026436271377284,0.9630723876860321,12.8913,0.001587,13,3,5,21,11,13,13
21,False,True,16.0,True,300,29,6,0.03997189807435361,0.9630556143262103,95.2167,0.0,10,0,2,16,9,10,10
6,False,False,,True,200,15,4,0.03961760454775284,0.9629878605359746,102.9495,0.0,14,4,6,22,12,14,14
9,True,True,12.0,False,300,29,20,0.0400706833170988,0.9629520173001378,621162.852,0.0,13,3,5,21,11,13,13
15,True,True,18.0,False,200,29,6,0.04020288489289576,0.9629458034327423,552.1596,0.0,11,1,3,18,10,11,11
15,False,False,,True,400,15,14,0.039469164200387305,0.9629451208069311,1.0792,0.582973,11,1,3,18,10,11,11
6,True,False,,False,400,15,4,0.03969689419542864,0.9629208748661785,12.1339,0.002318,14,4,6,22,12,14,14
18,True,True,18.0,True,200,36,10,0.04020501763445809,0.9628623169440833,191009.06,0.0,10,0,2,17,9,11,11
9,False,False,,False,400,8,6,0.03964163114893386,0.9628619158831107,15.5307,0.000424,13,3,5,21,11,13,13
12,False,False,,False,200,8,8,0.03955723916912052,0.9628587448439453,9.8929,0.007108,12,2,4,19,11,12,12
12,False,True,4.0,False,400,22,8,0.03969239791842428,0.9628479795020343,15.0206,0.000547,12,2,4,19,11,12,12
21,False,True,4.0,False,400,22,10,0.03957389995833545,0.9628274518138686,9.4869,0.008708,10,0,2,16,9,10,10
21,False,True,12.0,True,200,29,6,0.039925229696069896,0.9628211975512315,3195.6385,0.0,10,0,2,16,9,10,10
18,False,False,,True,300,15,4,0.03950350985217416,0.9628032743188671,12.0511,0.002416,10,0,2,17,9,11,11
15,False,False,,True,300,15,6,0.03956570994770825,0.9627636187895103,1.3087,0.519782,11,1,3,18,10,11,11
12,False,False,,True,200,15,14,0.03962439133422768,0.9627325362030023,13766.5305,0.0,12,2,4,19,11,12,12
9,False,False,,True,200,15,14,0.039720137511633974,0.9627146735611805,64605.6427,0.0,13,3,5,21,11,13,13
12,True,False,,False,400,15,4,0.03967994592741636,0.9627088815414945,32.8043,0.0,12,2,4,19,11,12,12
21,False,True,18.0,True,300,29,6,0.04027843202095748,0.9626469093605844,101.5225,0.0,10,0,2,16,9,10,10
15,True,False,,True,400,22,4,0.03970936864617577,0.9625725193750565,25.4301,3e-06,11,1,3,18,10,11,11
21,False,True,18.0,True,200,29,6,0.04036288977627787,0.9624900976101933,3643.2441,0.0,10,0,2,16,9,10,10
12,False,True,16.0,True,300,29,6,0.0404465559611558,0.9624147549601673,3.3587,0.186494,12,2,4,19,11,12,12
9,False,True,16.0,False,300,22,6,0.04056494770801902,0.9623565898449047,2.0282,0.362721,13,3,5,21,11,13,13
9,False,True,18.0,True,300,29,6,0.040688977008441866,0.9622894288147311,4.5202,0.104341,13,3,5,21,11,13,13
6,False,False,,True,400,15,6,0.040002475059967124,0.962265248801257,0.8943,0.639452,14,4,6,22,12,14,14
9,False,False,,False,400,8,4,0.039971908018269206,0.9622405011396307,6.5203,0.038382,13,3,5,21,11,13,13
21,False,True,12.0,False,200,22,6,0.040239440479057975,0.9622337019151288,2386.0082,0.0,10,0,2,16,9,10,10
12,False,False,,True,200,15,6,0.03989373994268905,0.9622241596272901,61.6822,0.0,12,2,4,19,11,12,12
18,True,False,,True,400,22,4,0.039882459131196424,0.9621650295036404,29.9196,0.0,10,0,2,17,9,11,11
12,False,False,,True,300,15,8,0.03994717285962129,0.9621228993746292,22.8523,1.1e-05,12,2,4,19,11,12,12
18,True,True,18.0,True,300,36,6,0.04060662116882571,0.9621166828946459,273.9455,0.0,10,0,2,17,9,11,11
6,False,False,,True,300,15,12,0.040085405676815275,0.9621086279925959,6.9238,0.03137,14,4,6,22,12,14,14
15,False,True,4.0,True,200,29,16,0.040084228865064096,0.9620279950100984,721908.1931,0.0,11,1,3,18,10,11,11
21,False,True,4.0,False,200,22,18,0.04000148948628085,0.9620198254952191,667006.3051,0.0,10,0,2,16,9,10,10
21,False,True,18.0,False,400,22,6,0.04063034979635418,0.961991340530679,14.3477,0.000766,10,0,2,16,9,10,10
6,False,False,,True,400,15,10,0.040157457151268394,0.9619722899508504,2.2668,0.321933,14,4,6,22,12,14,14
18,False,True,18.0,False,400,22,6,0.04071341109808304,0.9619171648716712,9.345,0.009349,10,0,2,17,9,11,11
9,False,True,16.0,True,200,29,6,0.040815631812835755,0.9618898931831754,1554.0795,0.0,13,3,5,21,11,13,13
21,False,False,,True,400,15,8,0.03995581332314423,0.9618715595760811,34.6186,0.0,10,0,2,16,9,10,10
15,False,True,16.0,False,200,22,6,0.04072048562417196,0.9618225139210586,1107.6594,0.0,11,1,3,18,10,11,11
12,False,True,12.0,False,300,22,6,0.04059224229958675,0.961818167275044,52.9282,0.0,12,2,4,19,11,12,12
6,False,False,,False,300,8,6,0.040258534010870255,0.9617806165167242,6.4832,0.039102,14,4,6,22,12,14,14
6,False,False,,True,400,15,14,0.04026395252132517,0.9617703277135856,1.511,0.469773,14,4,6,22,12,14,14
21,False,True,12.0,True,300,29,6,0.040489184197957225,0.961763458548273,462.8392,0.0,10,0,2,16,9,10,10
21,True,True,18.0,False,200,29,6,0.040788969873774845,0.9616939911373287,1356.1485,0.0,10,0,2,16,9,10,10
15,False,False,,True,400,15,10,0.040137161488088914,0.9616802335417369,0.678,0.712484,11,1,3,18,10,11,11
6,False,True,4.0,True,300,29,14,0.040457055993757776,0.9616560680080037,87996.4386,0.0,14,4,6,22,12,14,14
18,False,False,,False,400,8,6,0.04012812012770241,0.9616177019369162,17.6192,0.000149,10,0,2,17,9,11,11
21,True,True,18.0,True,300,36,6,0.04083130857524205,0.961614427059013,151.3477,0.0,10,0,2,16,9,10,10
21,True,False,,True,200,22,18,0.040135680187987265,0.9616032382730181,1300358.1493,0.0,10,0,2,16,9,10,10
21,True,True,12.0,True,200,36,16,0.040595786647907486,0.9615618503907244,1172710.9572,0.0,10,0,2,16,9,10,10
15,False,True,12.0,False,400,22,6,0.0406911502263058,0.9615487744863844,6.6609,0.035778,11,1,3,18,10,11,11
18,False,False,,False,400,8,4,0.040171240915431006,0.9615351680840746,6.521,0.03837,10,0,2,17,9,11,11
15,True,True,4.0,False,300,29,14,0.04034545976224262,0.9615314514057384,360459.2293,0.0,11,1,3,18,10,11,11
21,False,True,12.0,True,400,29,6,0.04072588392629626,0.9613150902251445,6.0512,0.048528,10,0,2,16,9,10,10
15,False,False,,True,300,15,14,0.040385045720377724,0.9612054516840192,154.3383,0.0,11,1,3,18,10,11,11
15,False,True,16.0,False,400,22,6,0.04105705082204235,0.9611888125311905,8.321,0.0156,11,1,3,18,10,11,11
18,False,True,12.0,True,400,29,6,0.040837693061542425,0.9611873604296722,10.952,0.004186,10,0,2,17,9,11,11
6,False,False,,True,400,15,12,0.04057792306795852,0.9611717878854161,1.8099,0.404561,14,4,6,22,12,14,14
21,False,True,4.0,False,400,22,8,0.04046412840135314,0.9611362225773096,21.8002,1.8e-05,10,0,2,16,9,10,10
21,True,True,18.0,False,300,29,6,0.04110052433254098,0.9611065780884267,288.5596,0.0,10,0,2,16,9,10,10
21,False,True,12.0,False,300,22,6,0.04085256213173564,0.9610740564622241,274.1992,0.0,10,0,2,16,9,10,10
18,True,True,12.0,True,200,36,20,0.040919374529635955,0.9610319430369532,1672377.1078,0.0,10,0,2,17,9,11,11
12,False,True,12.0,True,300,29,6,0.04101483794967847,0.9610190260253081,58.4704,0.0,12,2,4,19,11,12,12
9,False,True,18.0,True,200,29,6,0.04137676315730884,0.9610037725077947,309.1959,0.0,13,3,5,21,11,13,13
18,False,True,16.0,True,400,29,6,0.04113181372342094,0.9609638670052573,8.9214,0.011554,10,0,2,17,9,11,11
15,False,False,,True,400,15,12,0.04051174710860815,0.960961646902053,0.6318,0.729121,11,1,3,18,10,11,11
12,True,True,18.0,False,200,29,6,0.041313605952150376,0.9609542899786575,204.0813,0.0,12,2,4,19,11,12,12
6,False,True,4.0,False,300,22,16,0.04087365118384337,0.9608623305197763,159504.0852,0.0,14,4,6,22,12,14,14
6,False,True,18.0,True,400,29,8,0.041499599379969374,0.960856650013622,8.4763,0.014434,14,4,6,22,12,14,14
6,True,True,18.0,True,300,36,8,0.04153144152729878,0.9607965585181388,23927.6695,0.0,14,4,6,22,12,14,14
6,False,True,12.0,False,400,22,8,0.04127072158450713,0.9607837958650531,3.6253,0.163218,14,4,6,22,12,14,14
21,False,True,18.0,False,300,22,4,0.04128228173826548,0.9607618234437112,18.2325,0.00011,10,0,2,16,9,10,10
18,False,True,18.0,False,300,22,4,0.04133015508024301,0.960754636015409,14.4261,0.000737,10,0,2,17,9,11,11
15,False,True,4.0,False,200,22,20,0.040754096835036877,0.9607482513541563,756186.3575,0.0,11,1,3,18,10,11,11
6,False,True,16.0,False,200,22,8,0.041483101487283826,0.9607181575724227,1290.7902,0.0,14,4,6,22,12,14,14
21,False,False,,True,200,15,6,0.040562774392877504,0.9607043574335364,95.2697,0.0,10,0,2,16,9,10,10
6,False,True,18.0,False,200,22,8,0.04158527354373137,0.9606948636117031,688.7343,0.0,14,4,6,22,12,14,14
21,False,False,,True,400,15,12,0.040579191837141156,0.960672541829816,3.9034,0.142032,10,0,2,16,9,10,10
21,True,True,8.0,True,300,36,12,0.04088918127116556,0.9606601002852995,472654.0567,0.0,10,0,2,16,9,10,10
6,False,False,,False,400,8,4,0.04085322335203475,0.9606431418578047,2.2079,0.331559,14,4,6,22,12,14,14
6,False,True,8.0,True,400,29,8,0.0411871298838229,0.9606057068757549,0.6867,0.709377,14,4,6,22,12,14,14
6,False,False,,False,400,8,6,0.04087421047150973,0.9606026946578407,9.3025,0.00955,14,4,6,22,12,14,14
15,True,True,18.0,True,200,36,6,0.04149843365071764,0.9605191609755022,352.534,0.0,11,1,3,18,10,11,11
15,True,True,4.0,True,300,36,20,0.040874748879443985,0.9605154986134125,918829.8236,0.0,11,1,3,18,10,11,11
18,False,False,,False,300,8,4,0.04070929121890953,0.9604978780043831,5.5992,0.060834,10,0,2,17,9,11,11
12,False,True,16.0,False,300,22,6,0.04148752333926058,0.960455206585233,0.7736,0.679231,12,2,4,19,11,12,12
18,True,True,18.0,False,300,29,6,0.04150038372510233,0.9604306864363865,502.5718,0.0,10,0,2,17,9,11,11
12,False,True,18.0,True,300,29,6,0.04161494015506613,0.9603826276168255,3.1641,0.205556,12,2,4,19,11,12,12
9,False,True,8.0,True,300,29,6,0.04128992947225828,0.9603229787482599,3272.3948,0.0,13,3,5,21,11,13,13
21,True,True,8.0,True,300,36,18,0.0410721885851883,0.9603071658171118,1269426.2121,0.0,10,0,2,16,9,10,10
21,True,True,16.0,False,200,29,6,0.04143506446453511,0.9603014225708919,728.8488,0.0,10,0,2,16,9,10,10
6,False,True,4.0,True,300,29,16,0.04116916559751949,0.9602943580001799,147506.6674,0.0,14,4,6,22,12,14,14
6,False,True,8.0,False,400,22,8,0.041359370605957055,0.9602755314416935,3.0285,0.219978,14,4,6,22,12,14,14
18,False,False,,True,400,15,4,0.040833823788093276,0.9602558288389309,20.2055,4.1e-05,10,0,2,17,9,11,11
9,True,True,12.0,False,200,29,12,0.04150792546502355,0.9602467056193632,258439.0256,0.0,13,3,5,21,11,13,13
6,False,True,12.0,True,400,29,8,0.04157967577612557,0.9601944501672689,1.0644,0.587312,14,4,6,22,12,14,14
12,True,True,16.0,False,300,29,16,0.04162552533711985,0.9601916894391731,797179.9798,0.0,12,2,4,19,11,12,12
18,False,True,8.0,True,300,29,6,0.041194070959856756,0.9601587935033342,3857.4052,0.0,10,0,2,17,9,11,11
15,False,False,,False,200,8,6,0.04095019229984938,0.9601120760602384,39.9409,0.0,11,1,3,18,10,11,11
21,False,False,,True,300,15,10,0.04086911544638904,0.9601085734742701,9.1653,0.010228,10,0,2,16,9,10,10
15,False,True,12.0,True,200,29,6,0.04145205765624454,0.9600972855249816,7576.925,0.0,11,1,3,18,10,11,11
9,False,False,,False,300,8,4,0.04115146743786401,0.9599790755665806,1.0654,0.587023,13,3,5,21,11,13,13
15,False,True,18.0,False,200,22,6,0.04180147711460442,0.9599404357380584,2891.3962,0.0,11,1,3,18,10,11,11
21,False,True,4.0,True,400,29,8,0.04111299546074496,0.959879820208222,78.0854,0.0,10,0,2,16,9,10,10
15,False,True,4.0,False,200,22,18,0.04120337887265526,0.9598780413084964,791037.959,0.0,11,1,3,18,10,11,11
18,False,True,18.0,True,400,29,6,0.041834467518418024,0.9597910453322065,7.0453,0.029521,10,0,2,17,9,11,11
12,False,True,16.0,True,200,29,6,0.04183821680196244,0.9597838378051848,634.8278,0.0,12,2,4,19,11,12,12
18,False,True,8.0,True,200,29,8,0.04140364700221926,0.9597523756856345,114303.7488,0.0,10,0,2,17,9,11,11
21,False,False,,True,300,15,6,0.04106686410458317,0.9597216034843126,13.0884,0.001438,10,0,2,16,9,10,10
6,False,False,,True,300,15,4,0.04133655414097662,0.9597063782067603,5.5015,0.06388,14,4,6,22,12,14,14
9,False,True,8.0,False,200,22,12,0.041612319769608684,0.9597009663312155,345386.7121,0.0,13,3,5,21,11,13,13
6,True,True,16.0,False,200,29,8,0.042020108052096015,0.9596945531005724,14837.7057,0.0,14,4,6,22,12,14,14
21,True,True,16.0,True,200,36,6,0.041769696525654466,0.9596576171450477,2632.5314,0.0,10,0,2,16,9,10,10
15,False,False,,True,300,15,12,0.04118630815088555,0.9596507681725921,28.1997,1e-06,11,1,3,18,10,11,11
15,False,True,8.0,True,200,29,10,0.04153218665139313,0.9595910387302902,224914.8779,0.0,11,1,3,18,10,11,11
6,False,True,16.0,False,400,22,8,0.0420758619210299,0.9595875245595826,4.2023,0.122317,14,4,6,22,12,14,14
15,False,True,18.0,True,200,29,6,0.04198730444151397,0.9595834766701984,1717.5958,0.0,11,1,3,18,10,11,11
15,False,True,8.0,False,200,22,10,0.04154524160185694,0.9595656309710827,211827.6389,0.0,11,1,3,18,10,11,11
15,False,True,12.0,False,200,22,6,0.04174802845385089,0.9595254345154586,6712.7806,0.0,11,1,3,18,10,11,11
12,False,False,,True,300,15,10,0.04136310831650942,0.9593901893492659,5.2382,0.072868,12,2,4,19,11,12,12
9,True,True,18.0,False,200,29,6,0.04223400527999499,0.9593711894461894,228.6645,0.0,13,3,5,21,11,13,13
21,False,True,16.0,True,400,29,6,0.041941975656219405,0.9593241465109726,9.9218,0.007007,10,0,2,16,9,10,10
6,False,True,16.0,False,300,22,6,0.042215441243778365,0.9593189571772723,0.9407,0.624781,14,4,6,22,12,14,14
18,True,True,16.0,False,200,29,6,0.04204606095404065,0.959209249163788,1780.1215,0.0,10,0,2,17,9,11,11
18,True,True,16.0,False,200,29,12,0.042081362616007055,0.9591407249898117,766958.828,0.0,10,0,2,17,9,11,11
18,False,True,8.0,False,400,22,6,0.041732580217377406,0.9591103371461983,5.5655,0.061868,10,0,2,17,9,11,11
9,True,False,,True,400,22,4,0.04164822918318353,0.9590964646931605,5.8584,0.053439,13,3,5,21,11,13,13
9,False,True,16.0,False,200,22,6,0.0423197206764296,0.9590293641699122,696.8988,0.0,13,3,5,21,11,13,13
21,False,False,,True,400,15,10,0.04142978391555311,0.959006554046437,3.803,0.149344,10,0,2,16,9,10,10
15,False,True,18.0,False,400,22,6,0.04233797382720553,0.9589055564313115,6.6989,0.035103,11,1,3,18,10,11,11
21,False,True,8.0,False,400,22,6,0.04181964159988893,0.9588493184879334,2.042,0.360239,10,0,2,16,9,10,10
21,True,True,12.0,True,300,36,12,0.04202029213584999,0.9588169331507271,781338.5049,0.0,10,0,2,16,9,10,10
15,False,False,,False,300,8,6,0.041676018265477684,0.9586855494479508,7.8306,0.019935,11,1,3,18,10,11,11
12,False,True,18.0,False,300,22,6,0.04251004503814117,0.9586600212584596,5.1729,0.075286,12,2,4,19,11,12,12
9,False,False,,True,400,15,4,0.041845108190669285,0.958618535806396,9.4021,0.009086,13,3,5,21,11,13,13
6,False,True,16.0,True,400,29,8,0.04260927373560535,0.9585563807722945,9.0899,0.010621,14,4,6,22,12,14,14
6,False,True,18.0,False,400,22,8,0.04271827752066862,0.9585239252884,20.5922,3.4e-05,14,4,6,22,12,14,14
6,False,True,16.0,True,300,29,6,0.0426488021958055,0.958479450931132,9.6551,0.008006,14,4,6,22,12,14,14
12,True,True,8.0,False,300,29,16,0.04215359252090759,0.9584641260743604,748837.2898,0.0,12,2,4,19,11,12,12
9,False,True,8.0,False,300,22,6,0.042260906590946876,0.9584349414313588,8038.6694,0.0,13,3,5,21,11,13,13
15,True,True,18.0,False,300,29,6,0.04268668271965365,0.9582258351413757,714.1354,0.0,11,1,3,18,10,11,11
15,False,True,12.0,True,400,29,6,0.042417609429715064,0.9582167101781418,13.4756,0.001185,11,1,3,18,10,11,11
21,False,False,,False,300,8,6,0.04195364708946733,0.9579633080617134,9.865,0.007208,10,0,2,16,9,10,10
9,True,True,18.0,False,300,29,6,0.0429747633561386,0.9579334828914374,71.8611,0.0,13,3,5,21,11,13,13
6,True,True,4.0,False,400,29,6,0.04238402398437348,0.9579164405045589,1.371,0.503832,14,4,6,22,12,14,14
12,True,False,,True,400,22,4,0.042157979943836986,0.9579057426689878,14.082,0.000875,12,2,4,19,11,12,12
18,False,True,8.0,False,200,22,8,0.042371915490010625,0.9578478966054342,114921.6437,0.0,10,0,2,17,9,11,11
9,False,True,18.0,False,300,22,6,0.04304338805618062,0.9577990269083055,0.837,0.658023,13,3,5,21,11,13,13
15,False,True,8.0,False,400,22,6,0.04244649592769535,0.9577922909295711,8.117,0.017275,11,1,3,18,10,11,11
15,False,True,8.0,True,300,29,6,0.04249133497957114,0.9577030702186397,2493.6825,0.0,11,1,3,18,10,11,11
18,False,True,8.0,False,300,22,6,0.04244648661448192,0.95769939750102,5681.2528,0.0,10,0,2,17,9,11,11
21,False,True,18.0,True,400,29,6,0.042863888496281075,0.9576976432804305,8.3493,0.01538,10,0,2,16,9,10,10
6,False,False,,False,300,8,4,0.04240449187686634,0.957597497184076,5.1645,0.075604,14,4,6,22,12,14,14
21,True,True,18.0,False,200,29,10,0.04302819406599444,0.9573727154964671,255796.0189,0.0,10,0,2,16,9,10,10
21,False,False,,True,300,15,14,0.04225574944238185,0.9573557276642481,466.4634,0.0,10,0,2,16,9,10,10
9,True,True,8.0,False,400,29,6,0.04280978550948257,0.9573482473675793,1.9987,0.368115,13,3,5,21,11,13,13
21,False,True,4.0,True,300,29,12,0.04240063929247879,0.9573273671276435,227705.6529,0.0,10,0,2,16,9,10,10
12,True,True,4.0,True,300,36,20,0.04259184727728256,0.9572219762078259,764362.5162,0.0,12,2,4,19,11,12,12
15,True,True,18.0,True,300,36,6,0.04320282507687596,0.9572095102108206,910.5857,0.0,11,1,3,18,10,11,11
21,True,False,,True,400,22,4,0.04237804524207674,0.9571929613885957,29.786,0.0,10,0,2,16,9,10,10
18,True,True,16.0,True,300,36,12,0.04310028901092433,0.9571380985876243,1048044.7456,0.0,10,0,2,17,9,11,11
12,False,True,16.0,False,400,22,6,0.04322827631244849,0.9570671094579686,8.6793,0.013041,12,2,4,19,11,12,12
12,False,True,12.0,False,400,22,6,0.04305677793636248,0.9570410418160132,9.7374,0.007683,12,2,4,19,11,12,12
12,False,True,18.0,True,200,29,6,0.04333802997603473,0.9570339479666072,263.5821,0.0,12,2,4,19,11,12,12
21,False,False,,False,200,8,6,0.04243136809454811,0.9570005242908092,58.4157,0.0,10,0,2,16,9,10,10
15,False,True,16.0,True,400,29,6,0.043296354309871145,0.9568397364482055,10.6147,0.004955,11,1,3,18,10,11,11
6,False,True,18.0,True,300,29,6,0.04358529129637868,0.9568232361605989,1.8656,0.393442,14,4,6,22,12,14,14
18,False,True,8.0,True,400,29,6,0.042892226631472345,0.9568063166624655,7.8873,0.019377,10,0,2,17,9,11,11
18,True,False,,True,200,22,18,0.042638665035032046,0.9567549165032091,1423522.1139,0.0,10,0,2,17,9,11,11
15,True,True,12.0,False,200,29,14,0.04316974140020619,0.9567218041717932,810984.967,0.0,11,1,3,18,10,11,11
18,False,False,,True,200,15,4,0.04264057499409937,0.9566609438804347,43.5947,0.0,10,0,2,17,9,11,11
6,False,False,,False,200,8,4,0.04287059124866655,0.9566602191617413,20.6611,3.3e-05,14,4,6,22,12,14,14
12,False,False,,True,300,15,6,0.0427884536238348,0.9565431930568702,3.5513,0.169377,12,2,4,19,11,12,12
9,False,False,,False,200,8,4,0.04288927228712663,0.9565275798860882,9.9849,0.006789,13,3,5,21,11,13,13
15,False,False,,False,400,8,4,0.04276221794627032,0.9565039331681047,7.7546,0.020707,11,1,3,18,10,11,11
6,True,True,8.0,False,400,29,6,0.043283521278953366,0.9564933720845945,3.8048,0.149208,14,4,6,22,12,14,14
15,False,True,8.0,False,300,22,6,0.0430976184030253,0.9564874399577135,5085.7162,0.0,11,1,3,18,10,11,11
9,True,True,18.0,True,300,36,6,0.04371470482499716,0.9564724053189281,29.5938,0.0,13,3,5,21,11,13,13
9,False,True,4.0,False,400,22,6,0.04307816341953291,0.9564310177744022,21.9401,1.7e-05,13,3,5,21,11,13,13
12,False,False,,False,300,8,8,0.04284817502369336,0.9564217999097813,11.8461,0.002677,12,2,4,19,11,12,12
6,False,True,8.0,False,300,22,8,0.04334916776380486,0.9563613022832907,49678.9189,0.0,14,4,6,22,12,14,14
18,True,True,16.0,True,200,36,6,0.04349069255688296,0.9563580934115709,6892.6373,0.0,10,0,2,17,9,11,11
21,True,True,16.0,True,300,36,12,0.04346422574077546,0.9563179710889088,1057796.6808,0.0,10,0,2,16,9,10,10
9,False,True,8.0,False,400,22,6,0.043336945537146856,0.9562913518590259,10.9789,0.00413,13,3,5,21,11,13,13
6,False,True,12.0,True,300,29,6,0.043581210452503814,0.9562699466646518,176.4954,0.0,14,4,6,22,12,14,14
15,False,True,18.0,False,300,22,4,0.04372151440795337,0.95617586456747,12.432,0.001997,11,1,3,18,10,11,11
21,False,True,8.0,True,400,29,6,0.04316580809887314,0.956157413208186,8.3491,0.015382,10,0,2,16,9,10,10
15,False,True,18.0,True,400,29,6,0.043741127215572016,0.9561365380651072,8.3879,0.015087,11,1,3,18,10,11,11
12,False,False,,True,400,15,8,0.042997500369979076,0.9561175316978305,3.1634,0.20562,12,2,4,19,11,12,12
18,False,True,16.0,False,300,22,4,0.04364696691608562,0.956043894493196,15.1504,0.000513,10,0,2,17,9,11,11
9,False,True,16.0,False,400,22,6,0.043869597185460484,0.9559734745858735,8.789,0.012345,13,3,5,21,11,13,13
12,False,True,16.0,False,200,22,6,0.04378858050689139,0.9559469455973307,281.1497,0.0,12,2,4,19,11,12,12
9,False,True,18.0,False,200,22,6,0.04399616730223468,0.9559100853537809,525.5053,0.0,13,3,5,21,11,13,13
6,False,True,12.0,False,300,22,6,0.043788225111605045,0.955853516615763,128.4904,0.0,14,4,6,22,12,14,14
21,True,False,,False,400,15,4,0.043049620909903795,0.9558254629527709,22.2196,1.5e-05,10,0,2,16,9,10,10
9,True,True,18.0,False,300,29,12,0.04405902242942888,0.955784017245771,710876.3592,0.0,13,3,5,21,11,13,13
9,False,False,,True,300,15,14,0.04326184016504774,0.9557690324216984,20111.5491,0.0,13,3,5,21,11,13,13
9,True,True,4.0,False,400,29,6,0.043419130421752807,0.9557385845028935,5.5943,0.060983,13,3,5,21,11,13,13
9,False,True,12.0,False,400,22,6,0.043798796178378153,0.955737553354608,9.6947,0.007849,13,3,5,21,11,13,13
21,False,True,16.0,False,300,22,4,0.04375501078769024,0.9557315315313402,21.392,2.3e-05,10,0,2,16,9,10,10
9,False,True,18.0,True,400,29,6,0.04410804545093246,0.9556855671729871,5.8566,0.053489,13,3,5,21,11,13,13
12,False,True,8.0,False,400,22,6,0.043601578005699845,0.9555615828922704,9.1455,0.010329,12,2,4,19,11,12,12
12,True,True,18.0,False,300,29,16,0.044083463221819996,0.9555431661153869,901605.437,0.0,12,2,4,19,11,12,12
6,True,True,12.0,False,200,29,12,0.04394335265770218,0.9555401690735899,139681.9377,0.0,14,4,6,22,12,14,14
6,False,True,4.0,False,400,22,6,0.043571902830112245,0.955524468632549,13.2289,0.001341,14,4,6,22,12,14,14
12,False,True,18.0,False,200,22,6,0.044097635607233135,0.9555145766799457,930.0416,0.0,12,2,4,19,11,12,12
6,False,True,8.0,True,200,29,20,0.043773368286378275,0.9555030559404489,217385.0009,0.0,14,4,6,22,12,14,14
21,True,True,12.0,False,300,29,12,0.04367824022639754,0.9555029914548125,1042470.8708,0.0,10,0,2,16,9,10,10
15,False,False,,True,300,15,4,0.04331043699354185,0.955381530057384,2.2358,0.326974,11,1,3,18,10,11,11
18,False,True,4.0,False,400,22,6,0.043404783051493846,0.9553790876879761,7.1236,0.028388,10,0,2,17,9,11,11
12,True,True,8.0,True,300,36,18,0.04370615528619328,0.9553481584164759,938906.5496,0.0,12,2,4,19,11,12,12
18,True,True,12.0,False,400,29,6,0.04380595628334554,0.9553401655529958,1.8111,0.404321,10,0,2,17,9,11,11
12,False,False,,True,300,15,12,0.04340691245825017,0.9552778760477879,11.1791,0.003737,12,2,4,19,11,12,12
9,False,True,16.0,True,400,29,6,0.04422291592023039,0.9552614536147613,9.3283,0.009427,13,3,5,21,11,13,13
12,False,True,8.0,True,300,29,6,0.04375196057179829,0.9552545165894076,2171.5768,0.0,12,2,4,19,11,12,12
21,True,True,12.0,False,400,29,6,0.04380362324182711,0.9552471580293815,1.7904,0.408519,10,0,2,16,9,10,10
21,False,False,,True,300,15,12,0.04329735002664757,0.9552274609457094,62.6684,0.0,10,0,2,16,9,10,10
12,False,True,18.0,False,400,22,6,0.044308778692737756,0.9550875571296978,5.6897,0.058142,12,2,4,19,11,12,12
12,False,False,,True,400,15,14,0.04353548817437532,0.955012540639342,0.0257,0.987235,12,2,4,19,11,12,12
18,True,True,4.0,True,400,36,6,0.043609821853511116,0.954956524681149,3.2702,0.194933,10,0,2,17,9,11,11
6,False,True,12.0,False,200,22,8,0.04423339884062394,0.9549513217850797,16130.418,0.0,14,4,6,22,12,14,14
12,True,True,18.0,False,300,29,6,0.04441054023503064,0.9548810243460559,359.8543,0.0,12,2,4,19,11,12,12
6,False,False,,True,400,15,4,0.043750847873705624,0.9548621662744493,4.5658,0.101991,14,4,6,22,12,14,14
15,True,True,16.0,False,400,29,6,0.044278727316905214,0.9548589465995397,5.493,0.064153,11,1,3,18,10,11,11
21,False,True,8.0,True,200,29,8,0.04383492617924013,0.9547876607065201,48969.0653,0.0,10,0,2,16,9,10,10
6,False,True,12.0,True,200,29,8,0.044323565327884826,0.954767477852762,23824.2781,0.0,14,4,6,22,12,14,14
18,True,True,18.0,False,200,29,10,0.04438745061380862,0.9547337314274772,394358.3082,0.0,10,0,2,17,9,11,11
9,False,True,18.0,False,400,22,6,0.044596135819225925,0.9546993923796716,5.7059,0.057675,13,3,5,21,11,13,13
18,True,True,4.0,False,400,29,6,0.04380340719502348,0.9545557383529808,1.2412,0.537619,10,0,2,17,9,11,11
15,True,True,8.0,False,400,29,6,0.04410778627546094,0.9544237471699079,0.2617,0.877341,11,1,3,18,10,11,11
15,False,True,8.0,True,400,29,6,0.04411072207324394,0.9544176798912597,9.5169,0.008579,11,1,3,18,10,11,11
15,True,True,12.0,False,400,29,6,0.044307908405433936,0.954409668299864,1.5799,0.453864,11,1,3,18,10,11,11
18,True,True,16.0,True,400,36,6,0.044451485887446796,0.9544085259514697,6.462,0.039519,10,0,2,17,9,11,11
18,False,True,4.0,True,400,29,6,0.04390452830912425,0.954345678043865,23.5845,8e-06,10,0,2,17,9,11,11
18,True,True,18.0,True,400,36,6,0.044580422385620135,0.9543392911243822,10.5895,0.005018,10,0,2,17,9,11,11
18,True,True,8.0,False,400,29,6,0.04410506929140919,0.9543290470569409,1.8155,0.403425,10,0,2,17,9,11,11
15,False,False,,False,400,8,8,0.04382998266563895,0.9543046361484736,13.6631,0.001079,11,1,3,18,10,11,11
12,False,True,8.0,False,300,22,6,0.0442242421320745,0.9542832904365409,4546.0098,0.0,12,2,4,19,11,12,12
18,False,True,18.0,True,300,29,4,0.04462616899095302,0.9542455327412906,30.1867,0.0,10,0,2,17,9,11,11
15,True,True,16.0,False,200,29,6,0.044623475482304914,0.9541532859244879,3532.4353,0.0,11,1,3,18,10,11,11
12,True,True,16.0,True,300,36,10,0.04467682680253336,0.9541415965629476,538349.6348,0.0,12,2,4,19,11,12,12
12,False,False,,False,200,8,6,0.04395744897897952,0.9541362468415072,21.7911,1.9e-05,12,2,4,19,11,12,12
15,False,False,,False,400,8,6,0.043922632931266345,0.9541112451387722,15.1322,0.000518,11,1,3,18,10,11,11
12,False,False,,True,400,15,12,0.04400726047082623,0.954032244611497,0.6611,0.718539,12,2,4,19,11,12,12
21,False,False,,False,400,8,4,0.043900616640337606,0.9539711280260559,2.4866,0.288425,10,0,2,16,9,10,10
15,True,True,12.0,True,200,36,14,0.044532345834244896,0.9539466316887439,893908.0332,0.0,11,1,3,18,10,11,11
21,True,True,4.0,False,400,29,6,0.04405343068471832,0.9539357398801093,6.2257,0.044475,10,0,2,16,9,10,10
6,True,True,12.0,False,400,29,6,0.044744999755396836,0.9539032348008856,3.5899,0.166138,14,4,6,22,12,14,14
6,False,True,8.0,False,400,22,6,0.044576883453117444,0.9538544679815635,2.6737,0.262666,14,4,6,22,12,14,14
21,True,True,8.0,False,400,29,6,0.044288766583899866,0.9538466116480517,4.3829,0.111752,10,0,2,16,9,10,10
6,False,True,4.0,False,300,22,14,0.04438680466683219,0.9538453080598701,285176.9267,0.0,14,4,6,22,12,14,14
12,False,True,12.0,True,400,29,6,0.04464742087090612,0.9538083539546183,15.7263,0.000385,12,2,4,19,11,12,12
9,False,True,12.0,True,400,29,6,0.04474416198339318,0.9538061855612976,14.6707,0.000652,13,3,5,21,11,13,13
18,True,True,16.0,False,400,29,6,0.04475690310138367,0.9537798739884852,7.2627,0.02648,10,0,2,17,9,11,11
15,True,True,18.0,False,400,29,6,0.04493285598926008,0.953713854982441,9.6261,0.008123,11,1,3,18,10,11,11
21,True,True,18.0,True,400,36,6,0.0448380857771377,0.9537112389174801,10.416,0.005473,10,0,2,16,9,10,10
21,True,True,16.0,True,400,36,6,0.044746475212867745,0.9537026036724459,6.8936,0.031847,10,0,2,16,9,10,10
6,False,True,8.0,True,300,29,8,0.04465060220747661,0.9537017159844844,84566.1207,0.0,14,4,6,22,12,14,14
21,False,True,8.0,False,200,22,8,0.04437265390298293,0.9536716078720953,37871.2384,0.0,10,0,2,16,9,10,10
9,True,True,12.0,False,400,29,6,0.04482852649665632,0.953631825712759,4.1986,0.122544,13,3,5,21,11,13,13
21,True,True,4.0,True,400,36,6,0.044205786864393276,0.9536165678858829,4.5886,0.100832,10,0,2,16,9,10,10
6,True,True,18.0,True,300,36,6,0.0451845738132522,0.9535965187529623,3.981,0.136629,14,4,6,22,12,14,14
6,False,True,18.0,True,200,29,6,0.04518960902520151,0.9535861760911999,612.7241,0.0,14,4,6,22,12,14,14
12,False,False,,True,400,15,10,0.044240173391862966,0.9535443788981242,0.182,0.913029,12,2,4,19,11,12,12
15,True,True,4.0,False,400,29,6,0.04434501182118849,0.95352643238423,1.3151,0.518116,11,1,3,18,10,11,11
9,True,True,16.0,False,400,29,6,0.04510463400192678,0.9534596714311685,5.8489,0.053694,13,3,5,21,11,13,13
12,False,True,18.0,True,400,29,6,0.04511966065475972,0.9534286563539194,10.6567,0.004852,12,2,4,19,11,12,12
18,False,True,4.0,True,300,29,10,0.04434810329486109,0.9534185110184615,391716.6458,0.0,10,0,2,17,9,11,11
15,False,False,,True,400,15,4,0.04425738623594437,0.9534091037015062,3.7241,0.155353,11,1,3,18,10,11,11
6,False,True,18.0,False,200,22,20,0.04527766007339129,0.9534051270649261,548854.6144,0.0,14,4,6,22,12,14,14
21,False,True,18.0,True,300,29,4,0.0449952561412122,0.9533861593706827,50.7301,0.0,10,0,2,16,9,10,10
15,True,False,,True,200,22,20,0.04432627685574822,0.9533633722644062,1332586.2823,0.0,11,1,3,18,10,11,11
12,True,True,8.0,True,300,36,20,0.044683583643077125,0.9533286719270035,1141181.1892,0.0,12,2,4,19,11,12,12
21,True,True,18.0,False,300,29,4,0.04502992508596974,0.9533142995618743,3.348,0.187498,10,0,2,16,9,10,10
18,True,True,18.0,True,300,36,20,0.045078631026385055,0.9533130257020777,1864943.1965,0.0,10,0,2,17,9,11,11
12,True,True,12.0,False,300,29,14,0.044888432909029705,0.9533083120499144,947525.9366,0.0,12,2,4,19,11,12,12
6,False,True,16.0,False,200,22,20,0.04525764836687349,0.9532444275235463,452975.0829,0.0,14,4,6,22,12,14,14
6,False,True,8.0,False,200,22,18,0.044905919216503665,0.9531707249138225,234931.5762,0.0,14,4,6,22,12,14,14
12,False,False,,False,400,8,4,0.0444496009384188,0.9531035074388055,9.7235,0.007737,12,2,4,19,11,12,12
9,False,True,4.0,False,300,22,10,0.0446949139769423,0.9530993061760187,248357.7781,0.0,13,3,5,21,11,13,13
18,True,True,18.0,False,300,29,12,0.045193945643950205,0.953073862426187,1220978.8034,0.0,10,0,2,17,9,11,11
12,True,True,16.0,False,400,29,6,0.04519610131892342,0.9530693857242112,5.5832,0.061324,12,2,4,19,11,12,12
15,True,False,,True,300,22,10,0.04447085473655809,0.9530586491336392,987988.3572,0.0,11,1,3,18,10,11,11
6,False,True,18.0,False,300,22,6,0.04546777013768269,0.9530130241642705,2.8173,0.244478,14,4,6,22,12,14,14
15,False,True,4.0,False,400,22,6,0.04461716610084864,0.9529542466343787,9.1635,0.010237,11,1,3,18,10,11,11
21,True,True,16.0,False,400,29,6,0.04510926479486556,0.9529488324739877,6.5774,0.037303,10,0,2,16,9,10,10
18,True,True,12.0,True,400,36,6,0.04497527257462335,0.9529241266087508,4.0888,0.129456,10,0,2,17,9,11,11
15,False,False,,True,400,15,6,0.04448932603830133,0.9529194860146334,20.5164,3.5e-05,11,1,3,18,10,11,11
6,True,True,4.0,True,300,36,14,0.044837698330388163,0.952902840604715,312212.1181,0.0,14,4,6,22,12,14,14
12,False,True,16.0,True,400,29,6,0.0452832432081645,0.9528882389066781,11.4193,0.003314,12,2,4,19,11,12,12
18,False,True,8.0,True,200,29,6,0.04479662059061515,0.9528856112521721,77300.1898,0.0,10,0,2,17,9,11,11
18,True,True,18.0,False,300,29,4,0.04528817303908255,0.9528779805575723,6.5571,0.037682,10,0,2,17,9,11,11
12,True,True,18.0,False,400,29,6,0.04539538659827384,0.9528577228454651,9.8323,0.007327,12,2,4,19,11,12,12
18,False,True,16.0,True,300,29,4,0.04521389700962079,0.9528311867426993,25.5113,3e-06,10,0,2,17,9,11,11
15,True,True,16.0,True,200,36,12,0.04527594125814189,0.9528027814093027,817076.0486,0.0,11,1,3,18,10,11,11
12,True,True,18.0,True,200,36,6,0.04545553170348008,0.9527327209124042,2613.7848,0.0,12,2,4,19,11,12,12
12,True,True,8.0,False,400,29,6,0.044987887973821035,0.9526908248104228,0.0231,0.988532,12,2,4,19,11,12,12
6,True,True,18.0,False,300,29,6,0.04563036132460458,0.9526763756880627,70.8704,0.0,14,4,6,22,12,14,14
18,True,True,18.0,False,400,29,6,0.04540096164114649,0.9526429768231877,13.5049,0.001168,10,0,2,17,9,11,11
21,True,True,4.0,False,200,29,6,0.044734931774725685,0.9524994991750741,2742.6274,0.0,10,0,2,16,9,10,10
15,False,False,,False,300,8,4,0.04469204666540662,0.9524894531612291,5.1003,0.07807,11,1,3,18,10,11,11
6,False,False,,True,300,15,14,0.044892886315706454,0.9524749238146815,12463.3935,0.0,14,4,6,22,12,14,14
12,True,True,12.0,False,400,29,6,0.045309450805938435,0.9524283426066519,2.8102,0.245341,12,2,4,19,11,12,12
21,False,True,16.0,True,300,29,4,0.045375701908144606,0.9523913771632354,47.0141,0.0,10,0,2,16,9,10,10
12,True,True,18.0,True,300,36,6,0.045625404445033206,0.952378773859665,1316.0994,0.0,12,2,4,19,11,12,12
15,False,True,16.0,False,300,22,4,0.04549189682874808,0.9523514684203348,17.2312,0.000181,11,1,3,18,10,11,11
9,False,True,4.0,True,400,29,6,0.04505414322841694,0.9523423606185094,21.2732,2.4e-05,13,3,5,21,11,13,13
9,True,True,18.0,False,400,29,6,0.045747427791920814,0.9523302439951365,9.1695,0.010207,13,3,5,21,11,13,13
9,True,True,8.0,True,300,36,20,0.04525887922640318,0.9523285493163973,1017380.9091,0.0,13,3,5,21,11,13,13
15,True,True,18.0,False,300,29,4,0.045628922343480545,0.952268686278979,10.2205,0.006035,11,1,3,18,10,11,11
15,True,True,18.0,True,400,36,6,0.045646770328357934,0.9522313382840786,10.4522,0.005374,11,1,3,18,10,11,11
21,True,True,18.0,False,400,29,6,0.045580872468886806,0.952164898728598,14.1993,0.000825,10,0,2,16,9,10,10
6,False,True,18.0,True,400,29,6,0.04588513868845721,0.9521464369355301,6.1082,0.047165,14,4,6,22,12,14,14
9,False,True,16.0,True,200,29,20,0.04577874737475879,0.9520581345252953,1215729.8946,0.0,13,3,5,21,11,13,13
12,False,False,,True,300,15,14,0.044958262718785974,0.952024040228517,598.4581,0.0,12,2,4,19,11,12,12
12,False,False,,False,300,8,6,0.045012409317736285,0.9519084085639847,8.8059,0.012241,12,2,4,19,11,12,12
6,False,True,18.0,False,400,22,6,0.04601686926282928,0.9518712791736774,6.6243,0.036437,14,4,6,22,12,14,14
9,False,True,8.0,True,400,29,6,0.04548217999521387,0.9518569807582399,11.3696,0.003397,13,3,5,21,11,13,13
9,False,True,8.0,True,200,29,10,0.045494464934886396,0.9518309699574562,461520.4936,0.0,13,3,5,21,11,13,13
6,False,True,8.0,True,300,29,6,0.04555208038369963,0.9518133554109328,8217.3856,0.0,14,4,6,22,12,14,14
18,True,True,12.0,True,200,36,14,0.04562288784305256,0.9515586406559625,1155941.8277,0.0,10,0,2,17,9,11,11
21,False,False,,True,400,15,4,0.045063159507097765,0.9515010465705823,24.4405,5e-06,10,0,2,16,9,10,10
15,True,True,16.0,True,400,36,6,0.0459013503201379,0.9514898794778813,6.2697,0.043507,11,1,3,18,10,11,11
21,True,True,12.0,True,400,36,6,0.045615504158164046,0.9514682995441561,3.0083,0.222206,10,0,2,16,9,10,10
6,True,False,,True,400,22,4,0.045417292543563866,0.9514645678040933,1.9966,0.368506,14,4,6,22,12,14,14
18,True,True,8.0,True,400,36,6,0.04548435863401508,0.9514278635493416,2.269,0.321586,10,0,2,17,9,11,11
12,False,False,,True,300,15,4,0.04528140025512911,0.951331907311672,4.1808,0.123639,12,2,4,19,11,12,12
12,True,True,4.0,False,400,29,6,0.04543227230334855,0.9513260398774616,5.0296,0.080878,12,2,4,19,11,12,12
6,False,True,16.0,True,400,29,6,0.04617705790717055,0.9513254517531019,6.9119,0.031558,14,4,6,22,12,14,14
18,True,True,18.0,True,300,36,4,0.04602893546025369,0.9513238575656997,25.4976,3e-06,10,0,2,17,9,11,11
15,False,True,4.0,True,300,29,10,0.045387885008684375,0.9513148676651493,338669.0316,0.0,11,1,3,18,10,11,11
12,False,True,12.0,False,200,22,6,0.04583804962229515,0.9513118865454077,12425.2721,0.0,12,2,4,19,11,12,12
12,False,True,8.0,True,400,29,6,0.04565618763873595,0.9512748196562819,10.9176,0.004259,12,2,4,19,11,12,12
12,False,True,12.0,True,200,29,6,0.045926865832405586,0.9511230267162922,13553.6704,0.0,12,2,4,19,11,12,12
6,True,True,8.0,True,400,36,6,0.04591556318527292,0.9510412766405092,3.6767,0.159076,14,4,6,22,12,14,14
15,True,True,4.0,True,400,36,6,0.045523773780303346,0.9510229101774413,3.7616,0.152465,11,1,3,18,10,11,11
21,False,False,,False,400,8,8,0.045325920488603136,0.9509338077670756,17.5878,0.000152,10,0,2,16,9,10,10
21,True,True,18.0,True,300,36,4,0.04617477045243999,0.9509102386966206,18.6862,8.8e-05,10,0,2,16,9,10,10
12,False,False,,False,400,8,6,0.045483021007407226,0.950897541631592,8.6613,0.013159,12,2,4,19,11,12,12
6,False,True,12.0,False,400,22,6,0.046192309858743535,0.9508729382926951,5.2779,0.071435,14,4,6,22,12,14,14
6,True,True,12.0,True,400,36,6,0.04622266608627508,0.9508083473557628,3.581,0.166873,14,4,6,22,12,14,14
21,False,True,4.0,False,400,22,6,0.04556700666001711,0.9507160361216768,17.0716,0.000196,10,0,2,16,9,10,10
6,False,True,16.0,True,200,29,6,0.046478517818524426,0.9506878484808061,5188.7695,0.0,14,4,6,22,12,14,14
9,False,True,4.0,True,200,29,20,0.045853919215803084,0.950635359450592,929309.2997,0.0,13,3,5,21,11,13,13
18,True,True,16.0,False,300,29,4,0.046260673004419245,0.9506218332913541,4.0088,0.134742,10,0,2,17,9,11,11
6,False,True,18.0,False,200,22,6,0.04663938796250878,0.9505602953367164,313.2844,0.0,14,4,6,22,12,14,14
21,True,True,18.0,True,300,36,12,0.04634395589774772,0.9505498475824818,1177337.7669,0.0,10,0,2,16,9,10,10
9,True,True,4.0,True,400,36,6,0.04591183914348042,0.9505105717664725,11.0471,0.003992,13,3,5,21,11,13,13
12,False,True,4.0,False,400,22,6,0.045819838602717516,0.9504920578522253,12.3114,0.002121,12,2,4,19,11,12,12
6,True,True,4.0,True,400,36,6,0.045974093970374705,0.9504852659243704,4.9779,0.082996,14,4,6,22,12,14,14
6,False,True,4.0,True,300,29,12,0.046027667206567154,0.9503698004576877,288271.6306,0.0,14,4,6,22,12,14,14
6,False,True,4.0,True,400,29,6,0.046027855707878935,0.950369393946672,10.5004,0.005246,14,4,6,22,12,14,14
18,True,True,4.0,False,200,29,6,0.0457816745791714,0.9503583036275138,47230.6714,0.0,10,0,2,17,9,11,11
6,False,True,8.0,False,300,22,6,0.0462476819342904,0.9503304537497934,20537.7546,0.0,14,4,6,22,12,14,14
18,True,True,16.0,True,300,36,4,0.04645697815435653,0.9502018759453049,20.8292,3e-05,10,0,2,17,9,11,11
21,True,True,18.0,False,300,29,12,0.04652337135057181,0.9501662249490629,1254110.8009,0.0,10,0,2,16,9,10,10
21,True,True,16.0,False,300,29,4,0.04643352109005391,0.9501457551517564,1.4988,0.472649,10,0,2,16,9,10,10
6,False,True,16.0,False,400,22,6,0.04674587987631292,0.9501188923617823,4.3065,0.116106,14,4,6,22,12,14,14
9,True,False,,True,300,22,14,0.04600449929572378,0.9500922051537963,603945.0297,0.0,13,3,5,21,11,13,13
21,True,True,8.0,True,400,36,6,0.04610026723881233,0.9499938631604055,3.353,0.187024,10,0,2,16,9,10,10
6,True,True,16.0,True,400,36,6,0.04684285755362469,0.9499117138171915,4.9618,0.083669,14,4,6,22,12,14,14
6,True,True,16.0,False,400,29,6,0.04685327133048731,0.9498894407859063,6.5201,0.038387,14,4,6,22,12,14,14
15,True,True,16.0,False,300,29,4,0.04668329651741189,0.949823026572488,7.5591,0.022833,11,1,3,18,10,11,11
21,False,False,,False,400,8,6,0.04586778899123608,0.9497536287740959,25.0039,4e-06,10,0,2,16,9,10,10
9,True,True,16.0,True,400,36,6,0.046876123989477034,0.9497321272043768,6.9213,0.03141,13,3,5,21,11,13,13
12,False,True,4.0,True,300,29,10,0.046196234945454225,0.9496753309577888,307960.2949,0.0,12,2,4,19,11,12,12
9,True,True,12.0,True,400,36,6,0.04671480057462318,0.9496476126290443,5.9636,0.050701,13,3,5,21,11,13,13
15,True,True,4.0,True,300,36,14,0.04616872154827042,0.9496253362212951,827890.0646,0.0,11,1,3,18,10,11,11
12,False,False,,False,400,8,8,0.04607565768229677,0.9496096104122735,8.2105,0.016486,12,2,4,19,11,12,12
9,True,True,18.0,False,200,29,8,0.04707093056394717,0.9495321112968428,150713.2788,0.0,13,3,5,21,11,13,13
15,True,True,8.0,True,400,36,6,0.0464233763938829,0.9495127704191044,1.7286,0.421343,11,1,3,18,10,11,11
21,True,True,4.0,True,300,36,14,0.04618774505807422,0.9493641447211592,679072.3479,0.0,10,0,2,16,9,10,10
9,True,True,8.0,True,400,36,6,0.04664767246111711,0.9493580131656495,4.7103,0.094881,13,3,5,21,11,13,13
21,True,True,16.0,True,300,36,4,0.04682631814440169,0.949298719302523,27.2768,1e-06,10,0,2,16,9,10,10
15,True,True,16.0,True,200,36,6,0.04694647738911754,0.9492556783143271,21078.3532,0.0,11,1,3,18,10,11,11
12,False,True,18.0,False,300,22,4,0.047110016886869215,0.9492292430282792,6.1856,0.045375,12,2,4,19,11,12,12
15,True,True,12.0,True,400,36,6,0.04681753540324234,0.9490988788029221,3.3846,0.184097,11,1,3,18,10,11,11
15,False,True,4.0,True,400,29,6,0.04641704688888831,0.949081983635319,26.6577,2e-06,11,1,3,18,10,11,11
21,False,False,,True,300,15,4,0.04619027132203553,0.9490446114695856,3.3222,0.189928,10,0,2,16,9,10,10
15,True,True,18.0,True,300,36,4,0.047149744051260094,0.949033871693109,37.9596,0.0,11,1,3,18,10,11,11
12,False,False,,True,400,15,6,0.04639059068425602,0.9489184067345289,3.3208,0.190063,12,2,4,19,11,12,12
18,False,False,,False,200,8,4,0.046302103357243156,0.9488983663680602,12.5932,0.001843,10,0,2,17,9,11,11
18,False,True,8.0,False,200,22,6,0.04666017738890189,0.948884121748684,111229.9749,0.0,10,0,2,17,9,11,11
21,False,False,,True,400,15,6,0.046308406748934064,0.9487836329447701,240.2708,0.0,10,0,2,16,9,10,10
12,True,True,8.0,True,400,36,6,0.04681248888709303,0.9487755115219677,0.4044,0.816912,12,2,4,19,11,12,12
21,False,True,4.0,True,400,29,6,0.04646694752296717,0.9487501123073021,63.0143,0.0,10,0,2,16,9,10,10
9,False,True,12.0,True,200,29,6,0.047130300880894975,0.9487479202852508,53150.0313,0.0,13,3,5,21,11,13,13
15,False,True,18.0,True,300,29,4,0.04729973730422607,0.9487090879628476,21.8803,1.8e-05,11,1,3,18,10,11,11
15,True,True,16.0,True,300,36,4,0.04721346275536115,0.9486768695990818,16.9896,0.000205,11,1,3,18,10,11,11
12,True,True,16.0,False,200,29,6,0.04735644769819094,0.9484756493813363,11158.6878,0.0,12,2,4,19,11,12,12
12,False,True,8.0,True,200,29,10,0.046982140123994535,0.9484035575791475,372239.1887,0.0,12,2,4,19,11,12,12
12,True,True,18.0,True,400,36,6,0.047492995047723564,0.9484004118272673,12.4193,0.00201,12,2,4,19,11,12,12
9,True,True,18.0,True,400,36,6,0.04760093998094873,0.948389195823364,11.4385,0.003282,13,3,5,21,11,13,13
6,False,True,12.0,True,400,29,6,0.04734611008140073,0.9483880774174832,7.3158,0.025786,14,4,6,22,12,14,14
12,True,True,18.0,True,300,36,16,0.04749903087988972,0.9483872955247713,1105971.4736,0.0,12,2,4,19,11,12,12
12,False,False,,True,400,15,4,0.04664789475802809,0.9483501901252922,2.0173,0.364707,12,2,4,19,11,12,12
6,True,True,18.0,False,400,29,6,0.04772526309132982,0.9482313494016498,11.2939,0.003528,14,4,6,22,12,14,14
18,False,True,4.0,False,300,22,10,0.04675735120879623,0.9482198782907382,392317.7284,0.0,10,0,2,17,9,11,11
12,True,True,4.0,True,400,36,6,0.046865422330121934,0.9482067892271181,4.8738,0.087431,12,2,4,19,11,12,12
12,False,False,,False,300,8,4,0.046731002440212034,0.9481659880406277,8.1724,0.016803,12,2,4,19,11,12,12
6,False,True,8.0,True,400,29,6,0.047251007590840464,0.9481519530925512,2.962,0.227409,14,4,6,22,12,14,14
21,False,False,,False,300,8,4,0.0465955584640542,0.9481464931140294,4.103,0.128544,10,0,2,16,9,10,10
21,False,True,18.0,True,200,29,4,0.04751868397584343,0.9480111466417948,424.0284,0.0,10,0,2,16,9,10,10
12,True,True,8.0,False,300,29,20,0.047188671465916245,0.9479489293000221,1218577.8517,0.0,12,2,4,19,11,12,12
21,False,True,18.0,False,200,22,4,0.047580698898987424,0.9478753605343581,280.5353,0.0,10,0,2,16,9,10,10
18,False,True,18.0,False,200,22,4,0.047637672751623804,0.947861880273809,380.4694,0.0,10,0,2,17,9,11,11
15,False,True,4.0,False,300,22,10,0.04700097417327827,0.9477928263876854,349694.4476,0.0,11,1,3,18,10,11,11
21,False,True,8.0,False,300,22,6,0.04711146938572299,0.9477760497691647,12112.5392,0.0,10,0,2,16,9,10,10
18,False,True,18.0,True,200,29,4,0.047713735516987876,0.9476952501511615,394.4888,0.0,10,0,2,17,9,11,11
12,True,True,16.0,True,400,36,6,0.04778338003184238,0.9475424472981375,7.086,0.028927,12,2,4,19,11,12,12
12,False,True,8.0,False,200,22,10,0.0473745231217244,0.9475381176638066,363125.12,0.0,12,2,4,19,11,12,12
12,False,True,4.0,False,300,22,10,0.047195555136886704,0.9474745281730722,323602.8644,0.0,12,2,4,19,11,12,12
15,True,True,18.0,True,300,36,18,0.047900976947168605,0.9473968554949627,1724756.7904,0.0,11,1,3,18,10,11,11
9,False,True,18.0,False,300,22,4,0.04812045013902563,0.9472565017992799,3.8497,0.145899,13,3,5,21,11,13,13
21,True,True,18.0,False,200,29,4,0.04788129539811294,0.9472146733975889,57.4573,0.0,10,0,2,16,9,10,10
6,False,True,8.0,True,200,29,18,0.0477663070018611,0.9470149211861475,421541.201,0.0,14,4,6,22,12,14,14
9,False,True,12.0,False,200,22,6,0.04794349805830988,0.9469640314862677,57996.4647,0.0,13,3,5,21,11,13,13
15,False,True,8.0,True,200,29,8,0.047583186190114146,0.9469585813735809,208406.9337,0.0,11,1,3,18,10,11,11
6,True,True,12.0,False,300,29,14,0.04800736304063753,0.946936348342161,483653.1848,0.0,14,4,6,22,12,14,14
6,False,True,8.0,False,200,22,16,0.04781498652157512,0.9469068700241214,355410.7985,0.0,14,4,6,22,12,14,14
6,True,True,18.0,True,400,36,6,0.048342335509429436,0.9468839906364178,10.59,0.005017,14,4,6,22,12,14,14
21,False,True,8.0,True,300,29,6,0.04753365596588626,0.9468358522643003,15232.5526,0.0,10,0,2,16,9,10,10
12,True,True,12.0,True,400,36,6,0.04789911254635658,0.9468350242243396,4.4227,0.109551,12,2,4,19,11,12,12
15,False,False,,True,200,15,4,0.047284858544746594,0.9468168899722745,21.5437,2.1e-05,11,1,3,18,10,11,11
15,False,True,16.0,True,300,29,4,0.048096838136915274,0.9467383662188289,23.4914,8e-06,11,1,3,18,10,11,11
6,False,True,16.0,False,200,22,6,0.04839362456530593,0.9465403989937299,3098.6539,0.0,14,4,6,22,12,14,14
15,True,True,18.0,False,300,29,18,0.04835084526778783,0.946404157062948,1691828.1554,0.0,11,1,3,18,10,11,11
6,False,True,8.0,True,200,29,16,0.04806235109718186,0.9463561083328388,641577.3152,0.0,14,4,6,22,12,14,14
6,False,True,4.0,False,300,22,12,0.04792804328845951,0.9461869645324308,376982.5217,0.0,14,4,6,22,12,14,14
21,True,True,16.0,False,200,29,4,0.04826218156039233,0.9461416796821128,57.1501,0.0,10,0,2,16,9,10,10
21,True,True,4.0,False,300,29,16,0.04763803776312139,0.9461342937123016,765793.4472,0.0,10,0,2,16,9,10,10
15,False,True,18.0,False,200,22,4,0.04849631132258809,0.9460811801352288,387.8508,0.0,11,1,3,18,10,11,11
9,True,True,8.0,True,300,36,18,0.04828004397272277,0.9457517051392619,1188640.3802,0.0,13,3,5,21,11,13,13
21,False,True,8.0,True,200,29,6,0.04802293349032148,0.9457357518551065,42537.0557,0.0,10,0,2,16,9,10,10
12,True,True,16.0,False,300,29,4,0.04863917476665986,0.9456466035701143,5.9975,0.049849,12,2,4,19,11,12,12
12,False,True,4.0,True,200,29,20,0.04803753365729986,0.9455836800468513,1287039.4483,0.0,12,2,4,19,11,12,12
21,False,True,16.0,True,200,29,4,0.04862465459153529,0.9453296360211648,184.0115,0.0,10,0,2,16,9,10,10
18,False,True,12.0,True,300,29,4,0.04849322018750056,0.945271590537386,101.2488,0.0,10,0,2,17,9,11,11
12,False,True,4.0,True,400,29,6,0.04820070068710276,0.9452133850714222,25.987,2e-06,12,2,4,19,11,12,12
15,True,False,,True,300,22,12,0.04811821540713746,0.9450429194423645,1492335.8553,0.0,11,1,3,18,10,11,11
12,True,True,18.0,False,300,29,4,0.04903956758912696,0.9449850930212607,6.7896,0.033548,12,2,4,19,11,12,12
12,False,True,16.0,False,300,22,4,0.0489649907312747,0.9449159777689882,8.0808,0.017591,12,2,4,19,11,12,12
18,False,True,8.0,True,200,29,4,0.04843951895883799,0.9449112777559168,1879.3974,0.0,10,0,2,17,9,11,11
18,False,True,16.0,True,200,29,4,0.04898092236577468,0.9446439635578373,135.3166,0.0,10,0,2,17,9,11,11
18,False,True,12.0,False,300,22,4,0.04879151440029036,0.9445962228097733,88.2784,0.0,10,0,2,17,9,11,11
6,False,True,18.0,True,200,29,20,0.049390033466161234,0.9445567317068929,1049157.7638,0.0,14,4,6,22,12,14,14
12,True,True,16.0,True,300,36,4,0.04916454375111005,0.9444660815590338,7.9583,0.018702,12,2,4,19,11,12,12
18,False,True,16.0,False,200,22,4,0.04907344802252522,0.9444346293515237,269.3077,0.0,10,0,2,17,9,11,11
9,False,True,8.0,False,200,22,10,0.04891067293007175,0.9443252783963366,515872.9261,0.0,13,3,5,21,11,13,13
18,True,True,12.0,False,300,29,12,0.04899391675130407,0.9441356052547691,1351878.0958,0.0,10,0,2,17,9,11,11
21,True,False,,True,300,22,10,0.04841558689637198,0.9441267742502513,1256496.682,0.0,10,0,2,16,9,10,10
21,False,True,16.0,False,200,22,4,0.04915874091382987,0.9441220572304783,227.3477,0.0,10,0,2,16,9,10,10
15,True,True,16.0,False,200,29,12,0.04941821589520858,0.9437716221126117,1113326.0616,0.0,11,1,3,18,10,11,11
21,True,False,,True,300,22,12,0.04858292987210941,0.9437398678404053,1531688.8735,0.0,10,0,2,16,9,10,10
21,False,True,4.0,False,300,22,12,0.048733313319214745,0.9436289000585849,423829.5371,0.0,10,0,2,16,9,10,10
21,True,True,18.0,True,200,36,4,0.04948112826884678,0.9436283667418874,175.4278,0.0,10,0,2,16,9,10,10
18,True,True,18.0,False,200,29,4,0.04953805120536832,0.9436190840443736,97.7146,0.0,10,0,2,17,9,11,11
21,False,True,8.0,False,200,22,6,0.049013688580611614,0.9434736174692873,57680.505,0.0,10,0,2,16,9,10,10
9,False,True,4.0,False,400,22,4,0.049082796311219236,0.9434384046882391,4.5705,0.101748,13,3,5,21,11,13,13
18,True,True,4.0,False,400,29,4,0.04890893278321786,0.9433448180444677,32.4032,0.0,10,0,2,17,9,11,11
21,False,True,12.0,True,300,29,4,0.04948109109617998,0.9428943492136482,160.7235,0.0,10,0,2,16,9,10,10
21,True,True,4.0,True,200,36,6,0.04907001288557928,0.9428472707924764,32585.1325,0.0,10,0,2,16,9,10,10
12,False,False,,True,200,15,4,0.04908537747012649,0.9428114743715617,23.1196,1e-05,12,2,4,19,11,12,12
15,False,True,16.0,False,200,22,4,0.04984681807313205,0.9427920597292481,247.4038,0.0,11,1,3,18,10,11,11
18,True,True,12.0,True,300,36,12,0.0496330232877111,0.9426686407813002,1226386.4449,0.0,10,0,2,17,9,11,11
15,True,True,18.0,True,200,36,10,0.05002822977260299,0.9426209655567389,724719.254,0.0,11,1,3,18,10,11,11
15,False,True,18.0,True,200,29,4,0.050065225947816844,0.9425360698994292,212.3921,0.0,11,1,3,18,10,11,11
9,True,True,8.0,False,300,29,20,0.04970318448507245,0.9425064391018924,1167710.6443,0.0,13,3,5,21,11,13,13
9,True,True,16.0,False,300,29,14,0.050190949923408536,0.9423714158965715,1097938.5784,0.0,13,3,5,21,11,13,13
21,False,True,12.0,False,300,22,4,0.04971170643543339,0.9423608068853812,142.8279,0.0,10,0,2,16,9,10,10
18,False,True,4.0,False,200,22,18,0.04934760344605349,0.9423239648151973,1246432.2838,0.0,10,0,2,17,9,11,11
18,False,True,8.0,True,300,29,4,0.049573766347675616,0.9423011859051467,180.6638,0.0,10,0,2,17,9,11,11
18,True,True,8.0,True,300,36,12,0.04963032515087632,0.9421694534301824,1080221.6518,0.0,10,0,2,17,9,11,11
18,False,True,4.0,False,400,22,4,0.04942285572256567,0.942147925374031,3.9695,0.137414,10,0,2,17,9,11,11
21,True,True,12.0,False,200,29,14,0.04981019599961773,0.9421321894044877,1448633.1714,0.0,10,0,2,16,9,10,10
12,True,False,,True,300,22,10,0.049436984310041045,0.9421148441238213,1089292.6528,0.0,12,2,4,19,11,12,12
18,True,True,16.0,False,200,29,4,0.05011366209794163,0.9420540150879959,322.809,0.0,10,0,2,17,9,11,11
21,True,True,16.0,True,200,36,4,0.050079938427397046,0.9420082146600499,438.868,0.0,10,0,2,16,9,10,10
12,True,True,18.0,True,300,36,4,0.05036299920520566,0.941975649319783,115.2875,0.0,12,2,4,19,11,12,12
18,True,True,8.0,False,400,29,4,0.049722747291865176,0.9419538675154623,22.1634,1.5e-05,10,0,2,17,9,11,11
6,False,True,8.0,True,200,29,14,0.05000912373505806,0.9419223890418998,813030.2405,0.0,14,4,6,22,12,14,14
12,True,True,8.0,False,300,29,18,0.04989320520170762,0.941811525011058,1276731.9571,0.0,12,2,4,19,11,12,12
15,True,True,4.0,False,400,29,4,0.04962140740373266,0.9418091610030755,4.9124,0.085759,11,1,3,18,10,11,11
12,True,True,16.0,True,300,36,18,0.050339679661486225,0.9417795997507791,1423706.0029,0.0,12,2,4,19,11,12,12
6,True,True,12.0,False,200,29,14,0.050294064269828555,0.9417608678128763,387629.7975,0.0,14,4,6,22,12,14,14
6,True,True,18.0,False,200,29,6,0.05064377568374467,0.9417062041806881,12080.8706,0.0,14,4,6,22,12,14,14
9,False,True,16.0,False,300,22,4,0.05051466316451201,0.9416256521616838,6.3263,0.042292,13,3,5,21,11,13,13
21,True,True,12.0,False,200,29,4,0.05004529954984619,0.9415846294123145,5.8387,0.053969,10,0,2,16,9,10,10
18,False,True,8.0,False,300,22,4,0.04994388137589982,0.9414364173730237,188.26,0.0,10,0,2,17,9,11,11
15,True,True,8.0,True,300,36,12,0.05010183684046855,0.9411948463248851,1209456.755,0.0,11,1,3,18,10,11,11
18,False,True,12.0,False,400,22,4,0.05033593101750075,0.9410332774841885,8.4334,0.014748,10,0,2,17,9,11,11
18,True,True,12.0,False,400,29,4,0.050342195285913806,0.9410185998432052,4.1866,0.123277,10,0,2,17,9,11,11
6,False,True,16.0,True,200,29,20,0.050848816850602475,0.9409783813573556,1003521.6338,0.0,14,4,6,22,12,14,14
6,False,True,4.0,False,400,22,4,0.05019470268927728,0.9409766486721779,4.6586,0.097362,14,4,6,22,12,14,14
21,True,True,4.0,False,400,29,4,0.04987980976604953,0.9409453354463023,7.8929,0.019323,10,0,2,16,9,10,10
18,True,True,12.0,False,300,29,4,0.05037953978696245,0.9409310610333553,39.1681,0.0,10,0,2,17,9,11,11
18,True,True,18.0,True,200,36,4,0.0507076009470473,0.9409254503591084,346.3802,0.0,10,0,2,17,9,11,11
9,True,True,16.0,True,200,36,10,0.05082611978025915,0.9409035993984375,673202.0419,0.0,13,3,5,21,11,13,13
15,False,True,12.0,False,300,22,4,0.05046850555326911,0.9408504911040594,76.1846,0.0,11,1,3,18,10,11,11
12,False,True,18.0,False,200,22,4,0.05085668130262529,0.9408325092200283,199.4004,0.0,12,2,4,19,11,12,12
9,True,True,4.0,False,400,29,4,0.05020435743545507,0.9408239623715049,0.8126,0.666098,13,3,5,21,11,13,13
21,True,True,12.0,False,300,29,4,0.05040390214571854,0.9407444723765752,52.1091,0.0,10,0,2,16,9,10,10
18,False,True,8.0,False,400,22,4,0.050265813655871946,0.9406789964083719,0.5542,0.75799,10,0,2,17,9,11,11
18,False,True,4.0,True,300,29,4,0.05005892678988395,0.940649233109621,2157.6601,0.0,10,0,2,17,9,11,11
18,False,True,12.0,True,200,29,4,0.05050959283770575,0.9406256985277682,302.0732,0.0,10,0,2,17,9,11,11
18,True,True,16.0,False,300,29,12,0.05074793169905504,0.9405779320416605,1647032.5494,0.0,10,0,2,17,9,11,11
21,False,False,,True,200,15,4,0.04992711412135694,0.9404664173872597,9.6222,0.008139,10,0,2,16,9,10,10
18,True,True,12.0,True,400,36,4,0.05060757330617313,0.9403951219551461,7.2247,0.026988,10,0,2,17,9,11,11
12,False,True,18.0,True,300,29,4,0.051065376563849824,0.9403459139418406,10.6691,0.004822,12,2,4,19,11,12,12
9,True,True,16.0,False,300,29,4,0.05107739261139014,0.9403178365744692,1.5842,0.452898,13,3,5,21,11,13,13
18,False,True,16.0,False,400,22,4,0.05090846935381721,0.9402013819888511,16.2566,0.000295,10,0,2,17,9,11,11
21,False,True,16.0,False,400,22,4,0.050854591758552566,0.9402002661182532,14.6272,0.000666,10,0,2,16,9,10,10
9,True,True,4.0,True,300,36,14,0.05047251370337494,0.9401901208015023,950901.096,0.0,13,3,5,21,11,13,13
9,True,True,16.0,True,300,36,4,0.05113208005113769,0.9401899674009102,7.4277,0.024383,13,3,5,21,11,13,13
18,True,False,,True,300,22,12,0.05015406051333433,0.9401668673979724,1310370.0212,0.0,10,0,2,17,9,11,11
21,False,True,18.0,False,400,22,4,0.0509806544353297,0.9401599093871276,17.1494,0.000189,10,0,2,16,9,10,10
18,True,True,12.0,True,300,36,4,0.050728162586766795,0.9401107268561312,27.1675,1e-06,10,0,2,17,9,11,11
15,True,True,8.0,False,400,29,4,0.05058769192645002,0.940048807965509,17.3212,0.000173,11,1,3,18,10,11,11
15,True,True,16.0,False,200,29,4,0.05103260797935386,0.9400378831427292,454.1428,0.0,11,1,3,18,10,11,11
15,True,True,16.0,False,400,29,4,0.05108559616454419,0.9399132987486651,7.7715,0.020533,11,1,3,18,10,11,11
15,True,True,12.0,False,400,29,4,0.0508682231153192,0.9399098361138868,7.0403,0.029595,11,1,3,18,10,11,11
21,True,True,12.0,True,200,36,4,0.05075863426532261,0.939907481404497,269.4878,0.0,10,0,2,16,9,10,10
18,False,True,12.0,False,200,22,4,0.050821209647432454,0.9398908240965462,750.5224,0.0,10,0,2,17,9,11,11
9,False,True,18.0,False,200,22,4,0.0513948583608637,0.9398343080984706,209.7848,0.0,13,3,5,21,11,13,13
15,False,True,12.0,True,300,29,4,0.05090754068540153,0.9398169092472938,70.8669,0.0,11,1,3,18,10,11,11
21,True,True,8.0,False,400,29,4,0.0505756975740176,0.9398133484616568,17.0996,0.000194,10,0,2,16,9,10,10
15,True,True,4.0,False,300,29,12,0.050469983374555695,0.9398018996796389,911870.5026,0.0,11,1,3,18,10,11,11
21,True,True,16.0,False,300,29,12,0.05105368138469177,0.9397311320414893,1618972.9725,0.0,10,0,2,16,9,10,10
18,False,True,8.0,False,200,22,4,0.050683071294626875,0.9396900588335049,7101.0406,0.0,10,0,2,17,9,11,11
9,False,True,18.0,True,300,29,4,0.05146095539258087,0.9396794548324525,8.8834,0.011776,13,3,5,21,11,13,13
18,False,True,18.0,False,400,22,4,0.05130064780589862,0.9395355662377902,19.9411,4.7e-05,10,0,2,17,9,11,11
12,True,True,4.0,False,400,29,4,0.05063722015734573,0.9395345239001983,1.9875,0.370194,12,2,4,19,11,12,12
21,True,True,16.0,False,300,29,6,0.05114846267709333,0.939507145698161,48657.6317,0.0,10,0,2,16,9,10,10
18,True,True,18.0,True,300,36,8,0.05131319888383929,0.939505976488432,580339.3687,0.0,10,0,2,17,9,11,11
12,True,True,18.0,True,300,36,10,0.05143085811471412,0.9394889540636855,986581.4864,0.0,12,2,4,19,11,12,12
21,True,True,8.0,True,300,36,10,0.050715841249528555,0.9394793356759839,602814.79,0.0,10,0,2,16,9,10,10
15,True,True,12.0,True,400,36,4,0.05106751416228346,0.9394380724250784,9.9771,0.006815,11,1,3,18,10,11,11
21,True,True,12.0,False,400,29,4,0.05096456641545941,0.9394188912395369,2.8291,0.243033,10,0,2,16,9,10,10
18,True,True,16.0,False,400,29,4,0.051241881109711736,0.9394155461379751,3.0677,0.215702,10,0,2,17,9,11,11
15,True,True,16.0,True,400,36,4,0.05129785492297667,0.9394129453960275,13.7159,0.001051,11,1,3,18,10,11,11
15,False,True,16.0,True,200,29,4,0.051302575519885533,0.9394017940438797,64.9781,0.0,11,1,3,18,10,11,11
21,True,True,8.0,False,300,29,12,0.05074867624060087,0.9394009444392641,1138300.5862,0.0,10,0,2,16,9,10,10
6,False,True,4.0,True,300,29,10,0.05086179277388488,0.9393973771236781,416475.5515,0.0,14,4,6,22,12,14,14
18,False,True,8.0,True,400,29,4,0.050833027189975726,0.9393326530971585,1.0385,0.594974,10,0,2,17,9,11,11
15,False,False,,False,200,8,4,0.05058128508453815,0.9391431793204477,7.7747,0.020499,11,1,3,18,10,11,11
21,False,True,18.0,True,400,29,4,0.05155202208363078,0.9388110726969611,17.104,0.000193,10,0,2,16,9,10,10
18,False,True,12.0,True,400,29,4,0.05130460918987671,0.9387418967549614,6.4634,0.03949,10,0,2,17,9,11,11
15,True,True,18.0,False,200,29,4,0.05169215490944683,0.9387406705875968,326.7408,0.0,11,1,3,18,10,11,11
21,False,True,4.0,False,200,22,16,0.050826557701738884,0.9386822761789715,1146607.3174,0.0,10,0,2,16,9,10,10
15,False,True,12.0,False,400,22,4,0.05140587581042479,0.938632874793536,8.8487,0.011982,11,1,3,18,10,11,11
9,True,True,16.0,False,200,29,10,0.05181152180641075,0.9385898984002657,662635.0956,0.0,13,3,5,21,11,13,13
21,False,True,16.0,True,400,29,4,0.05154001838878756,0.9385774213596852,12.4656,0.001964,10,0,2,16,9,10,10
9,True,True,16.0,False,400,29,4,0.05185814970535767,0.9384793163372664,16.7047,0.000236,13,3,5,21,11,13,13
21,False,True,12.0,False,400,22,4,0.051362605621548825,0.9384689048716799,2.8828,0.236596,10,0,2,16,9,10,10
6,False,True,18.0,False,300,22,4,0.052049828024129594,0.938424381860404,1.2535,0.534333,14,4,6,22,12,14,14
12,True,True,12.0,True,300,36,14,0.05155774186628781,0.9384031558953293,1274239.8646,0.0,12,2,4,19,11,12,12
18,True,True,18.0,False,400,29,4,0.05178468446193411,0.9383891840785095,0.2208,0.895455,10,0,2,17,9,11,11
15,True,True,18.0,True,200,36,4,0.051845287962114045,0.9383771832059755,265.3045,0.0,11,1,3,18,10,11,11
12,True,True,18.0,False,300,29,10,0.051903583017540056,0.9383714716555208,990406.7978,0.0,12,2,4,19,11,12,12
21,True,True,12.0,True,300,36,4,0.05141681322198959,0.9383389576822199,54.2298,0.0,10,0,2,16,9,10,10
21,False,True,8.0,True,200,29,4,0.051205148737998016,0.938305892902266,1134.7031,0.0,10,0,2,16,9,10,10
6,True,True,18.0,True,200,36,8,0.05211529590766612,0.9382693857433092,295753.2625,0.0,14,4,6,22,12,14,14
9,True,True,18.0,False,400,29,4,0.052076768189825325,0.9382271529832857,15.9888,0.000337,13,3,5,21,11,13,13
15,False,True,8.0,True,300,29,4,0.05135479954213634,0.9382168325956226,85.7436,0.0,11,1,3,18,10,11,11
15,True,True,18.0,False,400,29,4,0.05193215051380679,0.9381705222213959,4.3903,0.111339,11,1,3,18,10,11,11
18,True,True,8.0,True,400,36,4,0.05131943434700964,0.9381660802902122,17.4492,0.000163,10,0,2,17,9,11,11
21,False,True,12.0,True,200,29,4,0.05149874649701101,0.9381422859671229,228.6296,0.0,10,0,2,16,9,10,10
18,False,True,16.0,True,400,29,4,0.05178255686497293,0.9381302943464331,13.3376,0.00127,10,0,2,17,9,11,11
9,True,True,16.0,True,400,36,4,0.05201233392953229,0.9381129469211354,11.4815,0.003212,13,3,5,21,11,13,13
15,False,True,8.0,False,400,22,4,0.05142741529616339,0.9380419861066034,1.5812,0.453561,11,1,3,18,10,11,11
9,True,True,12.0,False,400,29,4,0.05183678604387613,0.9380006406416578,17.2011,0.000184,13,3,5,21,11,13,13
12,True,True,8.0,False,300,29,14,0.05150946887025389,0.937980492964056,1390887.3721,0.0,12,2,4,19,11,12,12
15,True,True,8.0,True,400,36,4,0.051455336703695606,0.9379746903046763,14.6888,0.000646,11,1,3,18,10,11,11
21,True,True,12.0,True,400,36,4,0.05158407238630805,0.9379371377913167,5.8469,0.053748,10,0,2,16,9,10,10
18,False,True,18.0,True,400,29,4,0.05197869378824355,0.937926674211803,17.4623,0.000161,10,0,2,17,9,11,11
9,True,True,4.0,True,300,36,20,0.0514546581306593,0.9378397932757284,1278343.4941,0.0,13,3,5,21,11,13,13
12,True,True,8.0,False,400,29,4,0.051586435305827426,0.9377950130216114,17.176,0.000186,12,2,4,19,11,12,12
12,True,True,16.0,False,400,29,4,0.05205197210232266,0.9377515318753947,11.0338,0.004018,12,2,4,19,11,12,12
18,True,True,16.0,True,400,36,4,0.05194896497164097,0.9377320071943972,7.849,0.019752,10,0,2,17,9,11,11
12,True,True,16.0,True,400,36,4,0.05207524010486767,0.9376958674621628,14.9998,0.000553,12,2,4,19,11,12,12
18,True,True,16.0,False,300,29,6,0.05197437307273579,0.9376710820783607,69086.7024,0.0,10,0,2,17,9,11,11
9,False,True,8.0,False,400,22,4,0.05175322852064807,0.937665902909312,2.8665,0.238527,13,3,5,21,11,13,13
12,True,True,16.0,False,300,29,20,0.05211263747412973,0.9376063490159854,1605478.3746,0.0,12,2,4,19,11,12,12
15,False,True,8.0,True,200,29,4,0.05162175355293161,0.937572837005393,6432.9568,0.0,11,1,3,18,10,11,11
12,False,True,16.0,False,200,22,4,0.052127267782209684,0.9375713108172948,205.4522,0.0,12,2,4,19,11,12,12
15,True,True,12.0,True,300,36,12,0.051869451185516974,0.9375210734600105,1321684.728,0.0,11,1,3,18,10,11,11
12,False,True,16.0,True,300,29,4,0.05215127520654834,0.9375137940041545,12.0215,0.002452,12,2,4,19,11,12,12
15,True,True,18.0,True,400,36,4,0.05222281354631822,0.9374764690583401,12.4764,0.001953,11,1,3,18,10,11,11
15,False,True,4.0,True,300,29,4,0.05144911272276907,0.9374435288494821,909.0153,0.0,11,1,3,18,10,11,11
15,True,True,12.0,False,300,29,4,0.05192804348194,0.9373798399851653,150.68,0.0,11,1,3,18,10,11,11
12,True,True,12.0,False,400,29,4,0.051993072096665024,0.9373585727120426,8.297,0.015788,12,2,4,19,11,12,12
9,True,True,18.0,True,400,36,4,0.05246060309953185,0.9373131962964687,16.1551,0.00031,13,3,5,21,11,13,13
18,True,True,4.0,True,200,36,6,0.05149273511441667,0.9372006444282622,174741.6654,0.0,10,0,2,17,9,11,11
21,False,True,12.0,True,400,29,4,0.051907778058474796,0.9371557672896377,1.1445,0.564258,10,0,2,16,9,10,10
15,False,True,12.0,False,200,22,4,0.05203826096016416,0.9371137348039639,2350.6724,0.0,11,1,3,18,10,11,11
15,False,True,16.0,False,400,22,4,0.052275555681192167,0.9370814441084703,16.8798,0.000216,11,1,3,18,10,11,11
21,True,True,18.0,False,400,29,4,0.052293398987476175,0.9370384845779056,1.5277,0.465859,10,0,2,16,9,10,10
15,False,True,8.0,False,200,22,8,0.05184644616729635,0.9370282042179867,375117.2346,0.0,11,1,3,18,10,11,11
15,False,True,8.0,True,200,29,6,0.05184940656956569,0.9370210127060044,155916.3087,0.0,11,1,3,18,10,11,11
21,False,True,8.0,True,300,29,4,0.05174814106956902,0.9369905155982093,258.6963,0.0,10,0,2,16,9,10,10
12,True,True,8.0,True,300,36,14,0.05192821836886825,0.9369680110642837,1425549.2511,0.0,12,2,4,19,11,12,12
9,True,True,4.0,False,300,29,18,0.05182163571894206,0.9369499710632292,662391.7028,0.0,13,3,5,21,11,13,13
15,True,True,12.0,True,300,36,4,0.052117704321938296,0.9369215796598015,73.0473,0.0,11,1,3,18,10,11,11
15,False,True,18.0,False,400,22,4,0.05246681849599454,0.9368908364187344,21.8115,1.8e-05,11,1,3,18,10,11,11
12,True,True,18.0,False,400,29,4,0.0525403393235721,0.9368500711837311,8.3651,0.01526,12,2,4,19,11,12,12
21,True,True,16.0,True,400,36,4,0.05226465785180364,0.9368381081054801,4.808,0.090357,10,0,2,16,9,10,10
12,True,True,12.0,True,400,36,4,0.052215936169732344,0.9368204070146419,8.7348,0.012684,12,2,4,19,11,12,12
9,False,True,16.0,True,300,29,4,0.0525606758816099,0.936801175392272,12.0937,0.002365,13,3,5,21,11,13,13
18,True,True,12.0,False,200,29,4,0.05211986359780165,0.9367795884163089,1677.5107,0.0,10,0,2,17,9,11,11
21,False,True,4.0,True,300,29,10,0.05162990275413209,0.9367286291483027,668490.726,0.0,10,0,2,16,9,10,10
12,True,True,8.0,True,400,36,4,0.05204640395989491,0.936680770316085,11.1576,0.003777,12,2,4,19,11,12,12
6,False,True,4.0,False,300,22,10,0.05199348511113746,0.9366705158153387,479051.4134,0.0,14,4,6,22,12,14,14
9,True,True,8.0,False,400,29,4,0.05216582608595105,0.9366680359885245,20.5217,3.5e-05,13,3,5,21,11,13,13
18,True,True,16.0,True,200,36,4,0.052422942735032514,0.936590568325842,2630.682,0.0,10,0,2,17,9,11,11
9,False,True,16.0,False,200,22,4,0.052654922551968,0.9365743282751635,1040.5272,0.0,13,3,5,21,11,13,13
15,True,True,18.0,False,200,29,10,0.052600887973913574,0.9365678962004845,817810.8158,0.0,11,1,3,18,10,11,11
18,True,True,18.0,True,400,36,4,0.05256472311116826,0.9365191031510172,5.1837,0.074882,10,0,2,17,9,11,11
21,True,True,16.0,False,400,29,4,0.05241213080290301,0.9364811628050788,1.0829,0.581907,10,0,2,16,9,10,10
15,True,True,18.0,True,300,36,10,0.052643084761054976,0.9364660840565906,1148689.8223,0.0,11,1,3,18,10,11,11
15,False,True,4.0,False,400,22,4,0.051875045850428556,0.9364034655789998,0.8437,0.655834,11,1,3,18,10,11,11
9,True,True,12.0,True,400,36,4,0.05250886789249971,0.9363825322889504,5.7844,0.055453,13,3,5,21,11,13,13
15,False,True,12.0,True,200,29,4,0.05236599220699768,0.9363191389497323,813.1974,0.0,11,1,3,18,10,11,11
15,False,True,8.0,False,300,22,4,0.05217560042788179,0.9362260959967177,75.7096,0.0,11,1,3,18,10,11,11
12,True,True,18.0,True,400,36,4,0.052859029332744056,0.9360816601772503,16.1124,0.000317,12,2,4,19,11,12,12
21,False,True,12.0,False,200,22,4,0.05236594043653386,0.9360414860069475,411.1291,0.0,10,0,2,16,9,10,10
18,False,True,4.0,False,300,22,8,0.05196841926825828,0.9360350183104796,494974.0998,0.0,10,0,2,17,9,11,11
12,True,True,4.0,True,400,36,4,0.052115788986519695,0.9359518782118547,0.907,0.635403,12,2,4,19,11,12,12
18,False,True,4.0,False,300,22,4,0.05201994224672973,0.9359081220096133,11071.1673,0.0,10,0,2,17,9,11,11
9,True,True,16.0,True,300,36,14,0.052936880352331524,0.9358932430834962,1305354.355,0.0,13,3,5,21,11,13,13
15,False,True,18.0,True,400,29,4,0.05291368510208,0.935811240745676,18.2985,0.000106,11,1,3,18,10,11,11
21,False,True,4.0,False,400,22,4,0.05200869388556528,0.9357968221754895,34.9374,0.0,10,0,2,16,9,10,10
12,False,True,18.0,True,200,29,4,0.052991776455193484,0.9357602153785045,98.2683,0.0,12,2,4,19,11,12,12
15,False,True,8.0,True,400,29,4,0.052390584046693583,0.9356994670547403,1.9411,0.378876,11,1,3,18,10,11,11
12,False,False,,False,200,8,4,0.05205389095552513,0.9356851848250657,6.1475,0.046248,12,2,4,19,11,12,12
15,True,False,,True,200,22,16,0.052074033622060534,0.9356354009377084,1944752.6276,0.0,11,1,3,18,10,11,11
21,True,True,18.0,True,400,36,4,0.052874758636148114,0.9356307830541536,1.9688,0.373671,10,0,2,16,9,10,10
21,True,True,8.0,True,400,36,4,0.05231173775301103,0.9356105503055063,12.836,0.001632,10,0,2,16,9,10,10
15,False,True,12.0,True,400,29,4,0.05269567334712976,0.9355147823336752,7.6488,0.021831,11,1,3,18,10,11,11
18,False,True,4.0,True,200,29,4,0.05218689417129267,0.9354960710715616,22921.6138,0.0,10,0,2,17,9,11,11
21,False,True,8.0,True,400,29,4,0.052380027046348886,0.9354423287833037,8.4215,0.014835,10,0,2,16,9,10,10
18,False,True,4.0,True,300,29,8,0.05221274927042247,0.9354321405145288,478965.2336,0.0,10,0,2,17,9,11,11
15,False,True,16.0,True,400,29,4,0.05300134735173545,0.9353221983583285,13.7269,0.001045,11,1,3,18,10,11,11
21,False,True,8.0,False,400,22,4,0.052465834264362056,0.9352306430776993,6.139,0.046444,10,0,2,16,9,10,10
6,False,True,8.0,True,200,29,12,0.05281854436469968,0.935213710108876,882378.58,0.0,14,4,6,22,12,14,14
6,True,True,4.0,False,400,29,4,0.05259529599685566,0.935195987103788,0.063,0.969004,14,4,6,22,12,14,14
18,False,True,4.0,True,400,29,4,0.05231276880998634,0.9351845292228826,4.3151,0.11561,10,0,2,17,9,11,11
15,True,True,4.0,True,400,36,4,0.05237090983492499,0.9351818396444656,3.7858,0.150635,11,1,3,18,10,11,11
9,True,True,4.0,False,300,29,14,0.05256397616719635,0.9351306605795964,896988.9917,0.0,13,3,5,21,11,13,13
6,True,True,4.0,True,300,36,16,0.05263220770354512,0.9351049954650642,482783.0631,0.0,14,4,6,22,12,14,14
9,False,True,12.0,False,400,22,4,0.053104578034168154,0.9349308710693349,5.5601,0.062034,13,3,5,21,11,13,13
12,False,True,8.0,False,400,22,4,0.05276760601913582,0.9349137950878765,2.6993,0.259337,12,2,4,19,11,12,12
18,True,True,4.0,False,200,29,4,0.05245483600768376,0.9348320089520457,0.0261,0.987031,10,0,2,17,9,11,11
9,True,True,4.0,True,400,36,4,0.05270409594467964,0.9347843552588233,0.2908,0.864692,13,3,5,21,11,13,13
15,True,True,4.0,False,300,29,20,0.05253515073629955,0.9347746484651794,1356080.3296,0.0,11,1,3,18,10,11,11
15,True,True,8.0,False,300,29,12,0.05277164412717777,0.9347606924628978,1336721.7788,0.0,11,1,3,18,10,11,11
18,True,True,16.0,True,300,36,6,0.05317545145429937,0.9347570725286508,129514.8825,0.0,10,0,2,17,9,11,11
9,True,True,12.0,False,200,29,20,0.053178663405106213,0.9347491905682075,1342977.3269,0.0,13,3,5,21,11,13,13
6,True,True,16.0,False,400,29,4,0.05348380201647378,0.9347028905946576,18.3483,0.000104,14,4,6,22,12,14,14
18,True,True,4.0,True,400,36,4,0.05252223040203051,0.9346644446612025,19.1129,7.1e-05,10,0,2,17,9,11,11
15,True,True,18.0,False,300,29,20,0.05339463487720015,0.9346390725188846,2019762.0502,0.0,11,1,3,18,10,11,11
9,False,True,4.0,True,400,29,4,0.05278282241053738,0.9345893786928828,7.7291,0.020973,13,3,5,21,11,13,13
12,True,True,16.0,True,200,36,6,0.053362540950386235,0.9345774762082364,87823.003,0.0,12,2,4,19,11,12,12
9,True,True,8.0,True,400,36,4,0.05305795135345334,0.9344833425390784,6.3633,0.041517,13,3,5,21,11,13,13
21,True,True,16.0,True,300,36,6,0.05325193858033658,0.9344293103350001,95281.3553,0.0,10,0,2,16,9,10,10
12,False,True,12.0,False,400,22,4,0.05324406388454041,0.9343079102001318,8.833,0.012077,12,2,4,19,11,12,12
6,True,True,18.0,True,400,36,4,0.053848727524767305,0.9340945889988214,9.0585,0.010789,14,4,6,22,12,14,14
21,True,True,8.0,False,200,29,4,0.05296871026957321,0.9339830864750647,79.1639,0.0,10,0,2,16,9,10,10
21,True,True,4.0,True,400,36,4,0.0528023478978889,0.9338223869803886,23.7589,7e-06,10,0,2,16,9,10,10
12,False,True,12.0,False,300,22,4,0.05347539340314655,0.9337358452387982,52.4169,0.0,12,2,4,19,11,12,12
9,False,True,12.0,False,300,22,4,0.053654189582296063,0.9335770213182968,33.8157,0.0,13,3,5,21,11,13,13
12,False,True,4.0,False,400,22,4,0.053077416125332545,0.9335664730003248,2.5139,0.284522,12,2,4,19,11,12,12
6,True,True,16.0,True,400,36,4,0.053983282634893194,0.9334775875305362,5.9915,0.05,14,4,6,22,12,14,14
21,True,False,,False,300,15,10,0.05282911548234928,0.9334757445499319,1694021.7846,0.0,10,0,2,16,9,10,10
6,False,True,16.0,False,300,22,4,0.05402040027704278,0.933386077572377,3.4662,0.176734,14,4,6,22,12,14,14
6,True,True,18.0,False,400,29,4,0.054138103362726536,0.9333843520786113,16.4044,0.000274,14,4,6,22,12,14,14
9,False,True,12.0,True,300,29,4,0.05376264774855247,0.9333082111535619,23.6124,7e-06,13,3,5,21,11,13,13
21,True,True,12.0,False,200,29,6,0.05347590721645467,0.9333013763476421,107870.0275,0.0,10,0,2,16,9,10,10
6,False,True,18.0,True,300,29,4,0.054187459116699935,0.9332628345506813,4.3207,0.115282,14,4,6,22,12,14,14
18,True,True,8.0,False,300,29,12,0.053329794291868474,0.9332266949303724,1350907.6467,0.0,10,0,2,17,9,11,11
21,False,True,4.0,False,300,22,10,0.053044606694248375,0.9332137440915729,620042.1127,0.0,10,0,2,16,9,10,10
12,True,True,4.0,True,300,36,18,0.05325001317963373,0.9331337136521489,1497872.3985,0.0,12,2,4,19,11,12,12
6,True,True,12.0,False,400,29,4,0.053957742529171904,0.932966951102174,14.2172,0.000818,14,4,6,22,12,14,14
9,False,True,8.0,True,400,29,4,0.05370629181361733,0.9328724011911242,8.9031,0.01166,13,3,5,21,11,13,13
15,True,True,16.0,True,200,36,4,0.05399775294191315,0.9328675023778427,4609.4986,0.0,11,1,3,18,10,11,11
21,True,True,4.0,True,300,36,12,0.05320342875982882,0.9328132128668444,971942.1444,0.0,10,0,2,16,9,10,10
21,False,True,8.0,False,300,22,4,0.05344593899635284,0.9327881511084699,907.3021,0.0,10,0,2,16,9,10,10
15,True,True,4.0,False,200,29,4,0.053359785692396515,0.9327109159939106,62.7195,0.0,11,1,3,18,10,11,11
9,False,True,18.0,True,200,29,4,0.05435561985758926,0.9327025708758214,111.5876,0.0,13,3,5,21,11,13,13
15,False,True,8.0,False,200,22,6,0.053604166381882236,0.9326860329751806,218783.0499,0.0,11,1,3,18,10,11,11
15,False,True,4.0,False,200,22,16,0.053386544277214135,0.9326434115200394,1400223.3195,0.0,11,1,3,18,10,11,11
6,False,False,,True,200,15,14,0.05346868278090758,0.9325834172321976,219314.7006,0.0,14,4,6,22,12,14,14
12,False,True,8.0,True,200,29,8,0.0537257795027086,0.9325286162454305,378742.8564,0.0,12,2,4,19,11,12,12
6,False,True,8.0,False,200,22,14,0.053910712774559374,0.932506740681396,795178.2088,0.0,14,4,6,22,12,14,14
9,False,True,8.0,True,300,29,4,0.053858128214705155,0.9324923034232533,67.52,0.0,13,3,5,21,11,13,13
9,True,True,18.0,True,200,36,6,0.054485407061528046,0.9323808093776288,125413.578,0.0,13,3,5,21,11,13,13
6,False,True,4.0,True,400,29,4,0.05374576497279205,0.9323299355813269,4.5654,0.102011,14,4,6,22,12,14,14
21,False,True,8.0,False,200,22,4,0.05369744931181089,0.9321540805366354,2787.1983,0.0,10,0,2,16,9,10,10
18,True,False,,True,300,22,10,0.05342648747021317,0.9321042192482293,1568689.4198,0.0,10,0,2,17,9,11,11
6,True,True,8.0,False,400,29,4,0.0540805053942074,0.9320809290674864,9.5134,0.008594,14,4,6,22,12,14,14
12,False,True,12.0,True,300,29,4,0.05414522999254274,0.9320653891783424,43.1879,0.0,12,2,4,19,11,12,12
12,False,True,16.0,True,200,29,4,0.054380949121297976,0.9320565089452614,53.696,0.0,12,2,4,19,11,12,12
12,False,True,8.0,True,300,29,4,0.05391941025649338,0.9320413984636324,65.3594,0.0,12,2,4,19,11,12,12
18,True,True,12.0,True,200,36,4,0.05403931184097091,0.9320373354079969,7342.527,0.0,10,0,2,17,9,11,11
12,False,True,18.0,False,400,22,4,0.05453865245122461,0.9319550459654651,20.4006,3.7e-05,12,2,4,19,11,12,12
18,True,True,4.0,True,200,36,4,0.05360874693637075,0.9319333184572238,114.7348,0.0,10,0,2,17,9,11,11
12,True,True,16.0,False,300,29,18,0.05443434038042553,0.9319230295051179,1679889.6667,0.0,12,2,4,19,11,12,12
12,False,True,16.0,False,400,22,4,0.05446591188101023,0.9318440383614669,16.1089,0.000318,12,2,4,19,11,12,12
18,True,True,18.0,False,200,29,2,0.05446879468721088,0.9318368233669223,4.709,0.094942,10,0,2,17,9,11,11
9,False,True,4.0,False,300,22,4,0.05389113485755933,0.9318136074444681,551.5096,0.0,13,3,5,21,11,13,13
21,False,False,,False,200,8,4,0.0534788871796226,0.9316947926487491,5.2991,0.070683,10,0,2,16,9,10,10
21,True,True,4.0,False,200,29,4,0.05366668420423668,0.9316380949971769,5.5726,0.06165,10,0,2,16,9,10,10
9,False,True,16.0,False,400,22,4,0.054674870893804205,0.9316147165815888,12.0147,0.002461,13,3,5,21,11,13,13
9,False,True,18.0,False,400,22,4,0.054802540789344135,0.9315913600266099,15.9033,0.000352,13,3,5,21,11,13,13
9,True,True,18.0,False,300,29,4,0.054828605894022865,0.9315262717161515,4910.5555,0.0,13,3,5,21,11,13,13
6,False,True,18.0,False,200,22,4,0.05490944208875271,0.9314726015754217,252.6316,0.0,14,4,6,22,12,14,14
12,True,True,18.0,True,200,36,4,0.054765460639641175,0.9313879163153821,771.0226,0.0,12,2,4,19,11,12,12
9,False,True,18.0,True,400,29,4,0.05493436122260691,0.9312618679324767,16.9918,0.000204,13,3,5,21,11,13,13
12,False,True,8.0,True,400,29,4,0.05426780642050931,0.931160342533044,5.0391,0.080495,12,2,4,19,11,12,12
6,False,True,8.0,False,400,22,4,0.05445694446912274,0.9311321074641946,1.7778,0.411104,14,4,6,22,12,14,14
9,False,True,12.0,True,400,29,4,0.054653189938343893,0.9310805029852963,11.2859,0.003542,13,3,5,21,11,13,13
18,True,True,8.0,False,200,29,4,0.05418113607540777,0.9310777780120987,2291.9433,0.0,10,0,2,17,9,11,11
15,True,False,,False,300,15,14,0.05388839054346555,0.9310720986251051,1756905.6192,0.0,11,1,3,18,10,11,11
15,True,True,18.0,False,200,29,2,0.054856696177398155,0.9310106171037098,5.5906,0.061098,11,1,3,18,10,11,11
12,True,True,16.0,True,300,36,20,0.05481330981174257,0.9309718322767279,1711484.2478,0.0,12,2,4,19,11,12,12
9,True,True,16.0,True,300,36,12,0.05493850142282681,0.9309536482403193,1305226.7832,0.0,13,3,5,21,11,13,13
21,True,True,12.0,False,200,29,2,0.054415578350557256,0.9309367440949898,13.6985,0.00106,10,0,2,16,9,10,10
12,False,True,18.0,True,400,29,4,0.05498614837522996,0.9308338315450282,19.7174,5.2e-05,12,2,4,19,11,12,12
21,True,True,12.0,True,200,36,6,0.05448244705920739,0.9307669027222623,173576.5055,0.0,10,0,2,16,9,10,10
6,True,True,12.0,True,400,36,4,0.054846092811859794,0.9307415418999937,2.3989,0.301366,14,4,6,22,12,14,14
9,False,True,16.0,True,400,29,4,0.05502429693738866,0.9307378253594142,14.6762,0.00065,13,3,5,21,11,13,13
12,True,True,16.0,False,200,29,4,0.05493341671463339,0.9306689918600339,2219.3623,0.0,12,2,4,19,11,12,12
6,False,True,16.0,True,300,29,4,0.055117666981456606,0.9306524592866825,8.1212,0.017239,14,4,6,22,12,14,14
21,True,True,18.0,True,300,36,8,0.05488880551767346,0.9306336265359274,657388.8619,0.0,10,0,2,16,9,10,10
21,False,True,4.0,True,400,29,4,0.054061639583225865,0.9306281852463727,34.3918,0.0,10,0,2,16,9,10,10
18,True,True,16.0,False,200,29,2,0.05483526770294058,0.9306205257706431,2.5223,0.283323,10,0,2,17,9,11,11
9,False,True,8.0,False,300,22,4,0.05461744828631153,0.9305753673729086,40.412,0.0,13,3,5,21,11,13,13
6,True,True,4.0,True,400,36,4,0.05446994685917939,0.9304940480555934,1.052,0.590961,14,4,6,22,12,14,14
12,True,True,18.0,False,200,29,4,0.055137265615384214,0.9304531333664396,1430.2826,0.0,12,2,4,19,11,12,12
21,True,True,18.0,False,200,29,2,0.05504116350206807,0.9302480036910276,1.3421,0.511166,10,0,2,16,9,10,10
12,False,True,12.0,True,400,29,4,0.0548912211984383,0.9301805421809201,10.5151,0.005208,12,2,4,19,11,12,12
21,True,True,16.0,False,200,29,2,0.05497192064146895,0.9301251757698767,3.3752,0.184964,10,0,2,16,9,10,10
12,False,True,16.0,True,400,29,4,0.05515522804640882,0.9301079690147723,15.7061,0.000389,12,2,4,19,11,12,12
21,True,False,,False,200,15,4,0.054177509336285734,0.9300365180852156,20851.251,0.0,10,0,2,16,9,10,10
15,True,True,4.0,True,300,36,12,0.054453462110531904,0.9299242979812042,1196851.2741,0.0,11,1,3,18,10,11,11
15,False,True,8.0,False,200,22,4,0.05473547641988109,0.929814742484881,23608.4449,0.0,11,1,3,18,10,11,11
9,False,True,8.0,True,200,29,8,0.05491924017950283,0.9298060280080809,759154.7762,0.0,13,3,5,21,11,13,13
21,True,True,8.0,True,200,36,4,0.05465619816668817,0.9297097225374714,607.9919,0.0,10,0,2,16,9,10,10
12,False,True,8.0,False,300,22,4,0.05484314130644413,0.9296929604800777,47.0992,0.0,12,2,4,19,11,12,12
21,True,False,,False,300,15,14,0.054402649075079766,0.9294538302214925,1818743.7744,0.0,10,0,2,16,9,10,10
21,True,True,4.0,True,300,36,16,0.05455536340992475,0.9293553079748899,1634048.935,0.0,10,0,2,16,9,10,10
21,True,True,12.0,True,200,36,14,0.05505269886725849,0.9293100330182934,1717197.7131,0.0,10,0,2,16,9,10,10
12,True,True,12.0,True,300,36,4,0.055248779003565784,0.9292679809342927,254.6522,0.0,12,2,4,19,11,12,12
9,True,True,4.0,False,300,29,20,0.05492283322622156,0.9291778803094177,1066252.1345,0.0,13,3,5,21,11,13,13
9,False,True,16.0,True,200,29,4,0.055661815865712325,0.929123565906628,377.7609,0.0,13,3,5,21,11,13,13
9,True,True,18.0,True,300,36,4,0.05579120527340806,0.9291008455503084,9491.4138,0.0,13,3,5,21,11,13,13
18,False,True,4.0,False,200,22,16,0.05472867441716166,0.9290596830796055,1502035.3682,0.0,10,0,2,17,9,11,11
21,True,True,4.0,False,300,29,12,0.05468738291891192,0.9290129855476975,1059184.5596,0.0,10,0,2,16,9,10,10
15,False,True,4.0,False,300,22,4,0.05481636794270827,0.9289871445958371,7052.7003,0.0,11,1,3,18,10,11,11
15,False,True,4.0,True,400,29,4,0.0548175962848199,0.9289839620041641,6.1489,0.046214,11,1,3,18,10,11,11
9,True,True,18.0,False,300,29,14,0.0558583236900716,0.928930155515721,1401574.9744,0.0,13,3,5,21,11,13,13
6,False,True,8.0,False,200,22,12,0.05539225552392174,0.9287461471302062,816554.0647,0.0,14,4,6,22,12,14,14
6,False,True,4.0,True,300,29,4,0.05516782841931483,0.9287015857547907,787.9727,0.0,14,4,6,22,12,14,14
6,False,True,8.0,True,200,29,10,0.05543090084997037,0.9286466895830245,758967.3103,0.0,14,4,6,22,12,14,14
15,True,True,16.0,False,200,29,2,0.055698636921887694,0.928571658833235,0.1837,0.912236,11,1,3,18,10,11,11
12,False,True,12.0,False,200,22,4,0.05555883266741182,0.9284718634753666,8021.4124,0.0,12,2,4,19,11,12,12
12,False,True,4.0,True,300,29,4,0.055077338049252786,0.9284658124694201,2441.7598,0.0,12,2,4,19,11,12,12
12,True,True,12.0,False,300,29,4,0.05560206836028054,0.9283604942580225,757.6488,0.0,12,2,4,19,11,12,12
12,True,True,12.0,True,200,36,12,0.05563280358180823,0.9282812718583755,1197054.6232,0.0,12,2,4,19,11,12,12
18,True,True,12.0,False,200,29,2,0.05551648827283591,0.9282710040783166,7.1207,0.028429,10,0,2,17,9,11,11
6,True,True,8.0,True,400,36,4,0.05558039272880821,0.9282613043966013,3.8608,0.145089,14,4,6,22,12,14,14
12,True,True,16.0,False,300,29,10,0.055882511966176406,0.9282526060175099,1229152.7224,0.0,12,2,4,19,11,12,12
9,False,True,4.0,True,300,29,4,0.05528216290274101,0.9282481490648999,8664.3055,0.0,13,3,5,21,11,13,13
21,True,True,4.0,True,200,36,4,0.055000636833521924,0.9281974172553599,2.0181,0.364566,10,0,2,16,9,10,10
15,True,True,16.0,False,300,29,6,0.05586598647118457,0.9281417934422438,116874.7479,0.0,11,1,3,18,10,11,11
6,False,True,18.0,True,400,29,4,0.05624252803703125,0.9281048077378525,16.1198,0.000316,14,4,6,22,12,14,14
9,True,True,8.0,True,300,36,16,0.055590683774197985,0.9280791502605981,1604266.9144,0.0,13,3,5,21,11,13,13
6,False,True,4.0,False,300,22,4,0.05549425221056664,0.9278553551487841,185.7337,0.0,14,4,6,22,12,14,14
6,False,True,12.0,False,400,22,4,0.05600376487426569,0.9277869185696135,5.3454,0.069064,14,4,6,22,12,14,14
21,True,False,,False,300,15,12,0.055073858408776245,0.9277023216579628,1928715.2223,0.0,10,0,2,16,9,10,10
18,True,True,8.0,True,200,36,4,0.055560859128021764,0.9275228744109926,8374.3604,0.0,10,0,2,17,9,11,11
15,True,True,16.0,True,300,36,6,0.05614344653029641,0.9274262491802837,141339.8025,0.0,11,1,3,18,10,11,11
6,True,True,16.0,True,300,36,4,0.0564229928420519,0.9273289142924026,108.2173,0.0,14,4,6,22,12,14,14
6,False,True,12.0,True,300,29,4,0.05623308466597736,0.927194322950663,13.465,0.001192,14,4,6,22,12,14,14
9,True,True,4.0,True,300,36,18,0.05570177811097547,0.927154760774505,1230370.0316,0.0,13,3,5,21,11,13,13
15,True,True,12.0,False,200,29,4,0.05604405332527615,0.9270594004541617,11954.3573,0.0,11,1,3,18,10,11,11
12,False,True,4.0,False,300,22,4,0.05561890203591734,0.9270521347571544,622.2623,0.0,12,2,4,19,11,12,12
18,True,False,,False,200,15,4,0.055392343831681005,0.9270157707701219,40648.763,0.0,10,0,2,17,9,11,11
12,True,True,18.0,True,200,36,10,0.05656261538393238,0.9268109544270887,983432.3461,0.0,12,2,4,19,11,12,12
6,False,True,16.0,False,400,22,4,0.05672299868799518,0.9265540631077325,9.7226,0.00774,14,4,6,22,12,14,14
6,True,True,16.0,False,300,29,4,0.056724822442859014,0.926549340172025,169.2168,0.0,14,4,6,22,12,14,14
12,False,True,8.0,True,200,29,4,0.05607983547046008,0.9264864106468116,27440.0444,0.0,12,2,4,19,11,12,12
6,False,True,8.0,True,300,29,4,0.056388840904852244,0.9261591667750944,22.1816,1.5e-05,14,4,6,22,12,14,14
6,False,True,16.0,True,400,29,4,0.056893045642339546,0.9261130434642699,14.254,0.000803,14,4,6,22,12,14,14
21,True,True,8.0,False,200,29,2,0.056041999050270845,0.9261001331495062,16.3365,0.000284,10,0,2,16,9,10,10
15,True,True,4.0,False,200,29,6,0.055983890839433205,0.9259299530904863,347786.4768,0.0,11,1,3,18,10,11,11
6,False,True,16.0,False,200,22,4,0.056970838965275494,0.9259108450570511,3664.5179,0.0,14,4,6,22,12,14,14
6,False,True,8.0,True,400,29,4,0.05649364713652254,0.9258844254853074,5.9069,0.05216,14,4,6,22,12,14,14
6,False,True,18.0,False,400,22,4,0.057199898467362585,0.9256363499811585,12.8172,0.001647,14,4,6,22,12,14,14
12,False,True,12.0,True,200,29,4,0.0566991453602233,0.9255055854109293,2522.5302,0.0,12,2,4,19,11,12,12
12,False,True,4.0,True,400,29,4,0.056225974068588994,0.9254510140173587,6.4559,0.039638,12,2,4,19,11,12,12
6,False,True,12.0,True,200,29,6,0.05692671347502453,0.9253871458412949,140901.8535,0.0,14,4,6,22,12,14,14
6,False,True,12.0,False,300,22,4,0.05700543088786897,0.9251806560841033,18.7652,8.4e-05,14,4,6,22,12,14,14
21,True,True,18.0,True,200,36,2,0.057039677340900985,0.9250907324832363,13.3177,0.001283,10,0,2,16,9,10,10
12,False,True,4.0,False,200,22,18,0.056411374522073836,0.9249585653396974,1603031.5092,0.0,12,2,4,19,11,12,12
18,False,True,4.0,True,300,29,6,0.056320575964134915,0.9248727588467798,447810.9054,0.0,10,0,2,17,9,11,11
6,False,True,12.0,True,400,29,4,0.0571803671407526,0.9247207455666517,9.657,0.007999,14,4,6,22,12,14,14
12,True,True,18.0,False,200,29,2,0.05746353448456167,0.9244609029585864,2.8205,0.244081,12,2,4,19,11,12,12
15,True,True,4.0,True,200,36,4,0.05654516443179284,0.9244373107895523,1079.223,0.0,11,1,3,18,10,11,11
9,True,True,4.0,False,300,29,16,0.0567457084224892,0.9243987283906363,898775.5576,0.0,13,3,5,21,11,13,13
21,True,True,4.0,True,300,36,6,0.056510876329796234,0.9242000857830674,158050.8864,0.0,10,0,2,16,9,10,10
6,True,True,16.0,False,300,29,12,0.057644841676715006,0.9241474277750928,1019963.7581,0.0,14,4,6,22,12,14,14
18,True,True,18.0,True,300,36,10,0.057515403062688174,0.9239984189582278,1378420.695,0.0,10,0,2,17,9,11,11
18,True,True,18.0,True,200,36,2,0.05753211099765154,0.9239542563915043,10.1407,0.00628,10,0,2,17,9,11,11
15,False,True,4.0,False,300,22,8,0.05677493725587605,0.9238219609655927,641597.9135,0.0,11,1,3,18,10,11,11
21,False,True,4.0,True,300,29,4,0.056655240041975675,0.9238123114290371,11614.9214,0.0,10,0,2,16,9,10,10
9,True,True,16.0,True,300,36,6,0.05771382927523841,0.9238014162250247,120474.7222,0.0,13,3,5,21,11,13,13
18,True,True,18.0,False,300,29,10,0.05771446924326776,0.923471411385094,1521519.2626,0.0,10,0,2,17,9,11,11
6,False,True,8.0,False,300,22,4,0.0574184369573304,0.9234380501362157,72.166,0.0,14,4,6,22,12,14,14
21,False,True,4.0,False,300,22,4,0.056797331613489634,0.9234296741389657,15453.8824,0.0,10,0,2,16,9,10,10
21,True,True,16.0,True,200,36,2,0.057582121196193554,0.9233319839254397,8.1731,0.016797,10,0,2,16,9,10,10
12,True,True,4.0,False,200,29,4,0.057072181750068084,0.9231901857802594,2592.489,0.0,12,2,4,19,11,12,12
9,False,True,12.0,True,200,29,4,0.05771556234359193,0.9231406103540953,14544.2328,0.0,13,3,5,21,11,13,13
12,True,True,16.0,True,200,36,12,0.0578588605452728,0.9230880106421606,1411621.2933,0.0,12,2,4,19,11,12,12
15,False,True,18.0,False,200,22,2,0.05792152666249069,0.9230864309449742,6.9293,0.031284,11,1,3,18,10,11,11
9,True,True,18.0,True,300,36,8,0.05811725588612383,0.9230657421748731,915226.3469,0.0,13,3,5,21,11,13,13
12,False,True,4.0,False,200,22,20,0.05713767652832812,0.9230137941259373,1476344.3663,0.0,12,2,4,19,11,12,12
21,True,True,8.0,True,300,36,4,0.057203796149724546,0.9230043623989267,1461.359,0.0,10,0,2,16,9,10,10
18,False,True,4.0,True,200,29,6,0.05729924962079231,0.9222391256820696,494824.486,0.0,10,0,2,17,9,11,11
18,False,True,16.0,False,200,22,2,0.058060878875142205,0.9222181480365154,3.3503,0.187277,10,0,2,17,9,11,11
6,True,True,16.0,True,300,36,6,0.05837454206121352,0.9222149053570536,79696.4514,0.0,14,4,6,22,12,14,14
21,False,True,4.0,True,200,29,4,0.057251119836615794,0.9222012531067977,25611.8997,0.0,10,0,2,16,9,10,10
21,True,True,18.0,False,200,29,20,0.05813945277050018,0.922174250908311,2744580.9098,0.0,10,0,2,16,9,10,10
18,True,True,8.0,True,300,36,4,0.057621322962009086,0.9220475971690033,3799.3778,0.0,10,0,2,17,9,11,11
18,False,True,18.0,False,300,22,2,0.0582648548730506,0.9220048442402748,89.1461,0.0,10,0,2,17,9,11,11
15,False,True,4.0,True,200,29,4,0.05745959496568828,0.921973597508636,54494.9378,0.0,11,1,3,18,10,11,11
9,False,True,12.0,False,200,22,4,0.05815520315159458,0.9219652177821066,43291.825,0.0,13,3,5,21,11,13,13
15,True,True,8.0,False,200,29,4,0.057722359266344996,0.9219458066794182,11945.5561,0.0,11,1,3,18,10,11,11
18,False,False,,False,200,8,2,0.05724725644435023,0.9218835137622982,90.525,0.0,10,0,2,17,9,11,11
15,True,True,12.0,False,200,29,2,0.058042804932018875,0.9217639281621368,0.83,0.660347,11,1,3,18,10,11,11
6,False,True,18.0,True,200,29,4,0.058751694951396746,0.9215467421183426,168.0811,0.0,14,4,6,22,12,14,14
12,True,True,8.0,True,300,36,12,0.05794503910609439,0.9215149955948319,1468686.2486,0.0,12,2,4,19,11,12,12
21,False,True,18.0,False,300,22,2,0.05843460358616824,0.9213820646100963,190.2919,0.0,10,0,2,16,9,10,10
9,False,False,,False,200,8,2,0.057745144352752575,0.9211961554335901,98.3727,0.0,13,3,5,21,11,13,13
15,False,False,,False,200,8,2,0.05755946075132931,0.9211933302758999,120.0058,0.0,11,1,3,18,10,11,11
6,False,True,8.0,False,200,22,10,0.05826912282208555,0.9211526295738219,722608.5512,0.0,14,4,6,22,12,14,14
21,True,True,4.0,False,300,29,6,0.05763910673961349,0.9211432065417964,144073.9652,0.0,10,0,2,16,9,10,10
6,True,True,16.0,False,300,29,10,0.0588136606981741,0.9210402372575875,929204.8036,0.0,14,4,6,22,12,14,14
12,True,False,,True,300,22,12,0.057748191155395645,0.9210158340220143,1826097.5816,0.0,12,2,4,19,11,12,12
12,True,True,16.0,True,300,36,6,0.05864857070024375,0.9209741534624675,144073.0369,0.0,12,2,4,19,11,12,12
21,True,True,8.0,False,200,29,6,0.057988331471618526,0.920877929315988,143180.2112,0.0,10,0,2,16,9,10,10
15,True,True,12.0,False,300,29,12,0.058379300570595954,0.9208541717142454,1876825.8944,0.0,11,1,3,18,10,11,11
9,True,True,12.0,True,300,36,14,0.05859057854973749,0.9207924388642487,1569055.7265,0.0,13,3,5,21,11,13,13
21,True,True,4.0,False,300,29,4,0.05778674404141076,0.9207387202443933,7841.8683,0.0,10,0,2,16,9,10,10
15,True,True,16.0,True,300,36,10,0.05870368205834761,0.9206563610611544,1428534.269,0.0,11,1,3,18,10,11,11
18,True,True,16.0,True,200,36,2,0.05866315800846448,0.9205960795599275,2.9964,0.223532,10,0,2,17,9,11,11
15,True,True,18.0,True,200,36,2,0.058857688896325186,0.9205800929674979,6.5746,0.037354,11,1,3,18,10,11,11
15,True,False,,False,300,15,10,0.057887864600798894,0.9204610801826912,1989072.9828,0.0,11,1,3,18,10,11,11
21,True,True,16.0,True,300,36,10,0.05868238579915356,0.9203740858663995,1427699.0222,0.0,10,0,2,16,9,10,10
18,True,True,16.0,True,300,36,10,0.05878397071830828,0.9202686890412807,1432811.0704,0.0,10,0,2,17,9,11,11
18,False,True,18.0,False,200,22,2,0.058945847870434755,0.9201709925600599,1.3304,0.514175,10,0,2,17,9,11,11
6,False,True,12.0,False,200,22,6,0.05891705823458537,0.9200785161848394,135607.3635,0.0,14,4,6,22,12,14,14
12,False,True,4.0,False,300,22,8,0.05824884598852543,0.9199903416530706,590508.7706,0.0,12,2,4,19,11,12,12
9,False,True,8.0,True,200,29,4,0.05878565907924784,0.9195745385578493,138594.5773,0.0,13,3,5,21,11,13,13
21,True,True,16.0,False,200,29,14,0.05901519326921141,0.9194683543034483,2103811.2467,0.0,10,0,2,16,9,10,10
21,True,True,18.0,True,200,36,12,0.05918346766577253,0.9193541088201354,1759042.1799,0.0,10,0,2,16,9,10,10
15,True,True,12.0,True,200,36,4,0.05893196454581806,0.9193485664368523,40032.2785,0.0,11,1,3,18,10,11,11
12,True,True,4.0,True,300,36,14,0.05851398989563086,0.9192602892233883,1510767.6023,0.0,12,2,4,19,11,12,12
12,True,True,16.0,True,200,36,4,0.059287406307308235,0.9192431827674578,20168.2522,0.0,12,2,4,19,11,12,12
15,False,True,18.0,False,300,22,2,0.05942446586465565,0.9190431619141459,50.2866,0.0,11,1,3,18,10,11,11
18,False,True,4.0,False,300,22,6,0.05846662884734398,0.9190383458763166,564188.7162,0.0,10,0,2,17,9,11,11
15,False,True,4.0,True,300,29,8,0.05872447285428577,0.9185005426631536,615505.8225,0.0,11,1,3,18,10,11,11
12,True,True,16.0,False,200,29,2,0.059577609003817845,0.9184506635796859,66.0165,0.0,12,2,4,19,11,12,12
21,True,True,4.0,True,300,36,4,0.05865987743514341,0.918325415753081,2103.1073,0.0,10,0,2,16,9,10,10
12,False,True,8.0,False,200,22,8,0.05912537222319285,0.9182849704505934,641274.9896,0.0,12,2,4,19,11,12,12
9,True,True,4.0,False,300,29,12,0.0590302270355353,0.9181889506601288,1266756.0914,0.0,13,3,5,21,11,13,13
15,True,False,,False,300,15,12,0.05877160477511568,0.9180139942247957,2103107.0617,0.0,11,1,3,18,10,11,11
21,False,True,4.0,True,300,29,8,0.05877486061549812,0.9180049102209393,564874.3151,0.0,10,0,2,16,9,10,10
21,True,True,8.0,True,200,36,6,0.05904750164569005,0.9179611671855731,251696.6399,0.0,10,0,2,16,9,10,10
18,True,True,8.0,False,200,29,2,0.05911994616471379,0.9179400749752018,7.1454,0.02808,10,0,2,17,9,11,11
15,True,True,16.0,True,200,36,2,0.05971470782191186,0.9178998305459083,0.2124,0.899242,11,1,3,18,10,11,11
9,True,True,8.0,True,300,36,14,0.0594404033079532,0.9177730326848501,1729016.8434,0.0,13,3,5,21,11,13,13
6,False,False,,False,200,8,2,0.05905429031851617,0.9177623532953637,62.014,0.0,14,4,6,22,12,14,14
18,True,True,8.0,True,300,36,10,0.059282109348927615,0.9174892846761418,1219530.7316,0.0,10,0,2,17,9,11,11
21,True,True,12.0,True,200,36,2,0.059523321344416104,0.9173629390300176,6.4396,0.039962,10,0,2,16,9,10,10
18,True,True,12.0,False,200,29,6,0.05960748843122618,0.917310108074019,319518.2913,0.0,10,0,2,17,9,11,11
18,True,True,8.0,False,300,29,4,0.059505101124865185,0.9168673832022697,11511.6518,0.0,10,0,2,17,9,11,11
6,False,True,16.0,True,200,29,4,0.060366884348920354,0.9168146334679632,1404.6451,0.0,14,4,6,22,12,14,14
9,True,True,8.0,False,300,29,14,0.059870809152715046,0.9165779163087763,1631073.2716,0.0,13,3,5,21,11,13,13
9,True,True,18.0,True,300,36,12,0.060528648936729795,0.9165490031968129,1602249.9741,0.0,13,3,5,21,11,13,13
15,True,True,8.0,True,200,36,4,0.059742212262885085,0.9163875991983507,34706.024,0.0,11,1,3,18,10,11,11
9,True,True,18.0,False,200,29,2,0.06063569460472603,0.9162535739422222,1.6443,0.439481,13,3,5,21,11,13,13
15,False,True,16.0,False,200,22,2,0.06031090678826974,0.9162522502576114,0.7548,0.685632,11,1,3,18,10,11,11
12,True,True,16.0,False,200,29,12,0.06045659452015676,0.9160266166380973,1550711.1602,0.0,12,2,4,19,11,12,12
12,False,True,8.0,False,200,22,4,0.05997402284134405,0.9159223570992002,83457.5145,0.0,12,2,4,19,11,12,12
12,True,True,4.0,False,300,29,14,0.059716791515892285,0.9159068354118775,1433237.8973,0.0,12,2,4,19,11,12,12
12,False,True,8.0,True,200,29,6,0.05999162973811333,0.915872983600287,298340.7316,0.0,12,2,4,19,11,12,12
12,False,False,,False,200,8,2,0.0595611709602035,0.9157963175823183,108.1232,0.0,12,2,4,19,11,12,12
15,True,True,18.0,False,300,29,10,0.06062222299695919,0.9157467466568647,1595353.6975,0.0,11,1,3,18,10,11,11
21,True,True,4.0,True,300,36,8,0.059665340356120505,0.9155015242801589,718204.1151,0.0,10,0,2,16,9,10,10
21,False,True,12.0,False,200,22,2,0.06019601356017829,0.9154845685790548,15.721,0.000386,10,0,2,16,9,10,10
21,True,True,8.0,False,300,29,4,0.05997989241262281,0.9153498398877753,17573.3471,0.0,10,0,2,16,9,10,10
18,False,True,4.0,False,200,22,4,0.059810812381703014,0.915272836289451,125449.7408,0.0,10,0,2,17,9,11,11
18,True,True,12.0,True,200,36,2,0.06036039765933404,0.9152079837162119,4.5437,0.103122,10,0,2,17,9,11,11
12,False,True,4.0,True,200,29,18,0.0599935447149688,0.9151255817518507,2027287.432,0.0,12,2,4,19,11,12,12
9,True,True,12.0,True,200,36,16,0.0608190457616252,0.9146526045902987,1734049.2374,0.0,13,3,5,21,11,13,13
21,True,True,12.0,False,200,29,12,0.060501761181610034,0.9146238465855131,1758617.1056,0.0,10,0,2,16,9,10,10
12,True,False,,True,300,22,8,0.06006384779266811,0.9145544269699705,1545320.8454,0.0,12,2,4,19,11,12,12
12,True,True,16.0,False,300,29,6,0.061026235295483025,0.9144367149871918,205825.8243,0.0,12,2,4,19,11,12,12
12,True,False,,False,300,15,14,0.06012557248291507,0.9143787202282023,1832790.3239,0.0,12,2,4,19,11,12,12
21,True,True,4.0,True,300,36,10,0.060147453238850734,0.9141304639634306,1117539.7515,0.0,10,0,2,16,9,10,10
18,True,True,16.0,False,300,29,10,0.061006406568149874,0.9141259476058492,1734110.3621,0.0,10,0,2,17,9,11,11
9,True,True,18.0,False,300,29,16,0.061410131344151186,0.9141007007643878,1697870.6923,0.0,13,3,5,21,11,13,13
21,False,True,16.0,False,300,22,2,0.06095594402687148,0.914084597334365,156.2562,0.0,10,0,2,16,9,10,10
21,True,True,8.0,False,300,29,10,0.060434837215232566,0.9140608344726195,1245441.9552,0.0,10,0,2,16,9,10,10
12,True,True,18.0,True,200,36,2,0.061305063238060245,0.914023490743066,2.3846,0.30352,12,2,4,19,11,12,12
21,False,True,4.0,False,300,22,8,0.06021048468197949,0.9139503959310679,627099.891,0.0,10,0,2,16,9,10,10
21,True,True,4.0,False,300,29,20,0.06023388926405571,0.9138834857755799,1713086.334,0.0,10,0,2,16,9,10,10
21,False,True,16.0,False,200,22,2,0.06103540329313732,0.9138604608864721,2.4766,0.28987,10,0,2,16,9,10,10
21,True,True,18.0,True,300,36,10,0.061170803479895494,0.913847119979706,1535221.9943,0.0,10,0,2,16,9,10,10
18,True,True,8.0,False,200,29,6,0.06059130070177289,0.9138046957367746,326783.9337,0.0,10,0,2,17,9,11,11
21,True,True,18.0,False,200,29,12,0.0612018944566097,0.9137595207412578,1867370.7688,0.0,10,0,2,16,9,10,10
21,True,True,4.0,False,200,29,2,0.06028794861084104,0.9137288388931288,15.5156,0.000427,10,0,2,16,9,10,10
12,True,True,8.0,False,300,29,12,0.060824320287799445,0.9135213910511156,1594673.6167,0.0,12,2,4,19,11,12,12
15,True,True,12.0,False,200,29,12,0.061041979211651595,0.9134698479660771,1701685.8961,0.0,11,1,3,18,10,11,11
21,True,True,18.0,False,300,29,8,0.06131826660830814,0.9134312455571272,1131583.5231,0.0,10,0,2,16,9,10,10
21,True,True,4.0,False,300,29,10,0.06044329842332335,0.9132836595033436,1162773.344,0.0,10,0,2,16,9,10,10
9,True,True,8.0,False,300,29,16,0.061056404348931836,0.9132412616902329,1763895.0306,0.0,13,3,5,21,11,13,13
18,False,True,16.0,False,300,22,2,0.061341488383739325,0.9131800188461991,67.8648,0.0,10,0,2,17,9,11,11
21,False,True,18.0,False,200,22,2,0.06141848214662049,0.9131480469528737,4.867,0.087728,10,0,2,16,9,10,10
15,False,True,4.0,True,300,29,6,0.06064663480130406,0.9130779664821622,401668.3296,0.0,11,1,3,18,10,11,11
9,True,True,4.0,False,200,29,4,0.060887157753559656,0.91296088654224,29588.5286,0.0,13,3,5,21,11,13,13
12,False,True,18.0,False,300,22,2,0.061765667345040555,0.9127267005917882,12.8303,0.001637,12,2,4,19,11,12,12
18,True,True,4.0,False,300,29,20,0.06072573286265731,0.9126608833053034,1570805.391,0.0,10,0,2,17,9,11,11
21,True,True,16.0,True,200,36,14,0.061471052802059084,0.912626404192461,2166386.1937,0.0,10,0,2,16,9,10,10
12,True,True,12.0,False,200,29,12,0.06143425503644439,0.9125435431236921,1433877.7333,0.0,12,2,4,19,11,12,12
12,False,True,18.0,False,200,22,2,0.06184240302779832,0.912509714795024,2.7807,0.248988,12,2,4,19,11,12,12
18,True,True,16.0,False,400,29,2,0.06158998591357199,0.9124751696084326,2.0167,0.364812,10,0,2,17,9,11,11
18,True,True,18.0,False,300,29,8,0.06172444412073036,0.9124676342205851,1270905.555,0.0,10,0,2,17,9,11,11
21,True,True,18.0,False,300,29,10,0.0616758942409156,0.9124185078233937,1645307.4039,0.0,10,0,2,16,9,10,10
15,True,True,12.0,True,200,36,12,0.061413841250477434,0.9124123695008891,1765130.6484,0.0,11,1,3,18,10,11,11
12,False,True,4.0,True,200,29,16,0.060966512913134686,0.9123502915966947,1841257.369,0.0,12,2,4,19,11,12,12
9,False,True,18.0,False,300,22,2,0.06207516181121488,0.912230163573013,12.4025,0.002027,13,3,5,21,11,13,13
18,True,True,12.0,True,200,36,6,0.06142757278112769,0.9121832241183432,466781.9441,0.0,10,0,2,17,9,11,11
9,True,True,18.0,False,300,29,8,0.06217922620066685,0.911935637705673,1211399.5058,0.0,13,3,5,21,11,13,13
15,True,True,16.0,False,300,29,10,0.06185956539637025,0.911896094765582,1690999.5596,0.0,11,1,3,18,10,11,11
9,True,True,18.0,True,200,36,4,0.06219450418974644,0.911892355994345,30020.7575,0.0,13,3,5,21,11,13,13
15,True,True,8.0,True,300,36,10,0.06133127804896373,0.9118804801223073,1424750.8848,0.0,11,1,3,18,10,11,11
9,True,True,12.0,True,300,36,4,0.06180085463401872,0.9118748173430464,8215.2174,0.0,13,3,5,21,11,13,13
18,True,True,18.0,False,400,29,2,0.06194993690647042,0.9118269165687629,0.8307,0.660114,10,0,2,17,9,11,11
18,True,True,18.0,True,200,36,12,0.06195553340095277,0.9118109849152729,1899489.5402,0.0,10,0,2,17,9,11,11
12,True,True,4.0,True,200,36,4,0.06115649743401638,0.9118031704716852,14920.8837,0.0,12,2,4,19,11,12,12
21,False,False,,False,200,8,2,0.06077191299821105,0.911794654458005,45.2639,0.0,10,0,2,16,9,10,10
6,True,True,4.0,False,300,29,18,0.06137710982946499,0.9117487305929812,649937.8646,0.0,14,4,6,22,12,14,14
15,True,True,12.0,True,200,36,2,0.061662579742488524,0.9117014374249616,1.7051,0.426328,11,1,3,18,10,11,11
15,True,True,4.0,False,300,29,18,0.06126450001840282,0.9112978288382075,1987917.0068,0.0,11,1,3,18,10,11,11
9,True,True,18.0,True,300,36,14,0.062469309159872165,0.9111120327230564,1717102.7837,0.0,13,3,5,21,11,13,13
21,True,True,12.0,True,200,36,12,0.06180135331631518,0.9109166540588439,1828098.688,0.0,10,0,2,16,9,10,10
18,True,False,,False,400,15,2,0.06131142869856997,0.9105845812848854,13.7389,0.001039,10,0,2,17,9,11,11
15,True,True,8.0,False,200,29,2,0.06180773219966931,0.9105060430337635,5.3421,0.06918,11,1,3,18,10,11,11
9,True,True,16.0,False,200,29,6,0.06255334946343175,0.9104865579554003,296149.1595,0.0,13,3,5,21,11,13,13
18,True,True,4.0,True,300,36,6,0.061504044759211195,0.9104077133257351,553994.4513,0.0,10,0,2,17,9,11,11
18,True,True,4.0,False,200,29,2,0.06151694272714165,0.9103701327207352,18.0853,0.000118,10,0,2,17,9,11,11
21,True,True,16.0,False,400,29,2,0.062278528533021994,0.9103158714711006,1.4907,0.474559,10,0,2,16,9,10,10
12,True,True,16.0,True,200,36,2,0.06259506580850692,0.909980936120098,22.8781,1.1e-05,12,2,4,19,11,12,12
12,False,True,8.0,False,200,22,6,0.06213322072058235,0.9097594156890333,407056.7769,0.0,12,2,4,19,11,12,12
9,False,True,4.0,True,300,29,6,0.06203278528757428,0.9096546886150576,613140.846,0.0,13,3,5,21,11,13,13
21,True,True,18.0,False,400,29,2,0.06268159456141148,0.9095389754714883,3.0318,0.219611,10,0,2,16,9,10,10
21,False,True,18.0,True,200,29,2,0.0626817985022991,0.9095383868224031,0.873,0.646285,10,0,2,16,9,10,10
15,True,False,,False,400,15,2,0.061764244370240605,0.9094519931219905,11.6488,0.002955,11,1,3,18,10,11,11
21,True,False,,False,400,15,2,0.061664845870618025,0.9093623484056025,12.6014,0.001835,10,0,2,16,9,10,10
15,True,True,8.0,True,300,36,4,0.06221250127699032,0.9093300412946115,11343.9858,0.0,11,1,3,18,10,11,11
21,True,True,8.0,True,200,36,2,0.062094313470669855,0.9092764410467639,8.6787,0.013045,10,0,2,16,9,10,10
15,True,False,,False,200,15,4,0.061829926944680605,0.909259305957156,97193.3643,0.0,11,1,3,18,10,11,11
18,True,True,4.0,True,300,36,4,0.06193457311086912,0.9091490311777574,24913.2789,0.0,10,0,2,17,9,11,11
15,False,True,16.0,False,300,22,2,0.06284809023184734,0.909057769716109,41.24,0.0,11,1,3,18,10,11,11
18,True,True,12.0,True,200,36,12,0.06255532123718294,0.9089291698709686,1946793.4828,0.0,10,0,2,17,9,11,11
21,False,True,4.0,True,300,29,6,0.0619475246228468,0.9089138084533356,434594.7617,0.0,10,0,2,16,9,10,10
9,False,True,4.0,False,300,22,8,0.06230229985940723,0.9088679345360263,947095.2503,0.0,13,3,5,21,11,13,13
21,True,False,,True,200,22,4,0.06186927822497255,0.908760385244229,69250.234,0.0,10,0,2,16,9,10,10
6,True,True,4.0,False,300,29,14,0.062411921622896445,0.9087478298769613,1144320.7888,0.0,14,4,6,22,12,14,14
18,True,True,12.0,False,400,29,2,0.06265786001153419,0.9086303641215339,6.7023,0.035044,10,0,2,17,9,11,11
9,True,True,18.0,True,200,36,2,0.06340909841367305,0.9084174514740647,6.0047,0.049671,13,3,5,21,11,13,13
21,True,True,4.0,False,300,29,8,0.06212462274629415,0.9083922621299894,805018.6856,0.0,10,0,2,16,9,10,10
15,True,True,4.0,False,200,29,2,0.06232683868706576,0.9081949309105523,18.0531,0.00012,11,1,3,18,10,11,11
9,True,True,16.0,True,300,36,16,0.06338697415776023,0.9080848372901396,1889253.5067,0.0,13,3,5,21,11,13,13
12,True,True,12.0,False,200,29,2,0.06301192477969766,0.9079939940673849,150.1269,0.0,12,2,4,19,11,12,12
6,True,True,16.0,False,300,29,8,0.06354758083970173,0.9078177178391706,880737.4656,0.0,14,4,6,22,12,14,14
15,True,True,4.0,True,200,36,6,0.06255427697538593,0.9075236924831517,549306.2543,0.0,11,1,3,18,10,11,11
18,True,False,,True,200,22,4,0.06235768580761604,0.9075068605170371,128789.0556,0.0,10,0,2,17,9,11,11
21,True,True,4.0,True,300,36,18,0.06243701088004617,0.9074686631301565,2255714.2905,0.0,10,0,2,16,9,10,10
15,True,True,4.0,True,300,36,10,0.06266697183871148,0.9071901903509539,1587498.8863,0.0,11,1,3,18,10,11,11
15,True,True,16.0,False,400,29,2,0.06349275645112538,0.9071825156026145,3.6291,0.162915,11,1,3,18,10,11,11
9,False,True,8.0,False,200,22,8,0.06315479706625185,0.9071753188897285,1120248.6003,0.0,13,3,5,21,11,13,13
18,False,True,18.0,True,200,29,2,0.06362787889853914,0.9069858153899751,0.3849,0.824948,10,0,2,17,9,11,11
9,True,False,,False,400,15,2,0.06281712969923452,0.9069483794056086,17.6403,0.000148,13,3,5,21,11,13,13
9,True,True,18.0,False,200,29,4,0.06393091177270782,0.906903926323904,42673.5554,0.0,13,3,5,21,11,13,13
15,True,True,8.0,False,300,29,4,0.06304162347545963,0.9068971725890532,27580.7861,0.0,11,1,3,18,10,11,11
15,True,True,18.0,True,300,36,20,0.06377905345998656,0.9067435018427497,2447714.6995,0.0,11,1,3,18,10,11,11
12,True,False,,False,400,15,2,0.06277163828933108,0.9066766773339415,13.1418,0.001401,12,2,4,19,11,12,12
21,True,True,12.0,False,400,29,2,0.06327364969733423,0.9066216229219297,3.7739,0.151536,10,0,2,16,9,10,10
21,True,True,16.0,False,300,29,10,0.06355210722575146,0.90661033508458,1783533.8573,0.0,10,0,2,16,9,10,10
18,True,True,8.0,True,200,36,6,0.06313248418223488,0.9064230656684917,543566.3888,0.0,10,0,2,17,9,11,11
15,True,True,18.0,False,400,29,2,0.06389599911497608,0.9064011969552539,1.5049,0.471204,11,1,3,18,10,11,11
9,False,True,8.0,True,200,29,6,0.06344960656428908,0.9063066764159299,643179.2098,0.0,13,3,5,21,11,13,13
21,True,True,8.0,True,300,36,8,0.06310595614226697,0.9062962176288227,673227.2843,0.0,10,0,2,16,9,10,10
9,True,True,4.0,True,300,36,12,0.06318598149027357,0.9062644077227225,1614002.2988,0.0,13,3,5,21,11,13,13
18,True,True,8.0,False,300,29,10,0.0632091461547959,0.9061956661595296,1460264.6364,0.0,10,0,2,17,9,11,11
18,True,True,18.0,False,200,29,20,0.06390055184312753,0.9061868952758301,2791780.8456,0.0,10,0,2,17,9,11,11
18,True,True,8.0,True,200,36,2,0.06325129895579519,0.9060705123134636,7.6167,0.022185,10,0,2,17,9,11,11
21,True,True,12.0,False,300,29,6,0.063464282864523,0.9060581077262528,184387.4767,0.0,10,0,2,16,9,10,10
18,False,True,16.0,True,200,29,2,0.06384321072483691,0.905953961146192,4.6012,0.100197,10,0,2,17,9,11,11
21,True,True,4.0,False,200,29,8,0.06295380641676795,0.9059305470328005,988304.0106,0.0,10,0,2,16,9,10,10
18,True,True,4.0,False,300,29,4,0.06308689409098851,0.9057369345128985,59880.7498,0.0,10,0,2,17,9,11,11
9,False,True,4.0,True,300,29,8,0.06338561117976439,0.9056711759104356,1011318.1879,0.0,13,3,5,21,11,13,13
21,True,True,8.0,False,300,29,8,0.06332024469266084,0.9056587583113421,711446.8935,0.0,10,0,2,16,9,10,10
15,False,True,18.0,True,200,29,2,0.0641865619623672,0.9055479926271879,3.6029,0.16506,11,1,3,18,10,11,11
9,False,False,,False,400,8,2,0.06328206156167575,0.905359352962926,42.4008,0.0,13,3,5,21,11,13,13
18,False,True,12.0,False,200,22,2,0.06380025030769847,0.9052682537126766,15.7969,0.000371,10,0,2,17,9,11,11
21,True,True,12.0,True,300,36,10,0.06373578561120333,0.9052526140733242,1353318.8372,0.0,10,0,2,16,9,10,10
12,True,True,18.0,False,200,29,10,0.0643833257698694,0.9051725805379327,1289801.634,0.0,12,2,4,19,11,12,12
15,False,True,18.0,True,300,29,2,0.06437592065841832,0.9049898792028095,7.3249,0.02567,11,1,3,18,10,11,11
21,False,True,16.0,True,200,29,2,0.064104310357486,0.904980362031268,2.3753,0.304931,10,0,2,16,9,10,10
12,True,True,12.0,False,200,29,4,0.06404968465151988,0.9049384967161033,90068.7446,0.0,12,2,4,19,11,12,12
18,False,True,18.0,False,400,22,2,0.06432706103855168,0.9049303901983182,127.0712,0.0,10,0,2,17,9,11,11
9,True,True,8.0,False,300,29,18,0.06394227500326004,0.9048460226868803,1871414.3044,0.0,13,3,5,21,11,13,13
21,False,True,4.0,False,300,22,6,0.06333168710208427,0.9047978525370647,523948.9232,0.0,10,0,2,16,9,10,10
21,True,True,12.0,True,300,36,6,0.06393211743776869,0.9046679949973205,332369.3942,0.0,10,0,2,16,9,10,10
21,True,False,,False,300,15,6,0.06324717529002134,0.9046511165029363,1305516.7932,0.0,10,0,2,16,9,10,10
18,False,False,,False,400,8,2,0.06327265360879127,0.90457428086406,15.6019,0.000409,10,0,2,17,9,11,11
21,True,True,12.0,False,200,29,8,0.06396593157517023,0.9045671248203512,827609.7155,0.0,10,0,2,16,9,10,10
21,True,False,,False,300,15,8,0.06340856820235831,0.9041638767761485,2020315.1838,0.0,10,0,2,16,9,10,10
18,False,True,16.0,False,400,22,2,0.06445504762418415,0.9041427566211098,115.9327,0.0,10,0,2,17,9,11,11
6,False,True,18.0,False,300,22,2,0.0649468775174659,0.9041291153803028,14.2553,0.000803,14,4,6,22,12,14,14
15,False,True,16.0,True,200,29,2,0.06453330849899575,0.9041153047266992,11.5138,0.003161,11,1,3,18,10,11,11
6,True,True,4.0,False,300,29,16,0.06401798006379666,0.903990982283918,819501.53,0.0,14,4,6,22,12,14,14
18,False,True,18.0,True,300,29,2,0.06465381870091903,0.9039621002871311,2.4368,0.295703,10,0,2,17,9,11,11
21,False,True,4.0,False,200,22,4,0.063651418262843,0.9038341665635571,98208.9286,0.0,10,0,2,16,9,10,10
15,True,True,12.0,False,400,29,2,0.06443608540240348,0.9035796840193481,7.415,0.024539,11,1,3,18,10,11,11
9,True,True,16.0,False,200,29,2,0.06496569971588233,0.9034493149431957,548.6332,0.0,13,3,5,21,11,13,13
18,False,True,16.0,True,300,29,2,0.06469138091648653,0.9034385203748972,6.8563,0.032447,10,0,2,17,9,11,11
18,True,True,18.0,True,400,36,2,0.06483412122310334,0.9034257044297236,6.9986,0.030218,10,0,2,17,9,11,11
21,True,True,18.0,True,400,36,2,0.06479660665853218,0.9033312827324157,3.4024,0.182465,10,0,2,16,9,10,10
12,True,True,16.0,False,400,29,2,0.06495216773723425,0.9030737096089857,4.7917,0.091096,12,2,4,19,11,12,12
9,False,True,18.0,False,200,22,2,0.06530780624161707,0.9028506812356487,9.4399,0.008916,13,3,5,21,11,13,13
18,True,True,18.0,False,200,29,12,0.06504772282520974,0.9027883114975016,2032447.0992,0.0,10,0,2,17,9,11,11
18,True,True,16.0,True,400,36,2,0.06493074334644344,0.902722630553121,7.2173,0.027088,10,0,2,17,9,11,11
15,False,True,4.0,False,300,22,6,0.06420434557731754,0.9025806314286399,591416.2139,0.0,11,1,3,18,10,11,11
9,True,True,16.0,False,200,29,4,0.065303233049097,0.9024434384891258,84834.9553,0.0,13,3,5,21,11,13,13
21,False,True,4.0,True,200,29,6,0.06412343688601681,0.9024026078622291,473895.2405,0.0,10,0,2,16,9,10,10
12,True,True,12.0,True,200,36,2,0.06491192263244644,0.9023618298507261,33.9925,0.0,12,2,4,19,11,12,12
21,True,True,4.0,True,200,36,2,0.06420253695705219,0.9021616749821069,14.4736,0.00072,10,0,2,16,9,10,10
12,True,True,18.0,False,400,29,2,0.06540233513730538,0.902147116408879,1.9256,0.381827,12,2,4,19,11,12,12
21,True,True,16.0,True,400,36,2,0.06510626811710436,0.901986812898879,3.4162,0.181209,10,0,2,16,9,10,10
6,False,False,,False,400,8,2,0.06454871815902725,0.9017476358645147,47.9377,0.0,14,4,6,22,12,14,14
12,False,True,16.0,False,300,22,2,0.06540933246208573,0.9017044797734324,14.3362,0.000771,12,2,4,19,11,12,12
15,False,False,,False,400,8,2,0.06431160606462906,0.9016196750195473,28.7596,1e-06,11,1,3,18,10,11,11
18,True,True,4.0,False,200,29,8,0.06447458175087645,0.9015444204559506,1431543.1358,0.0,10,0,2,17,9,11,11
21,True,True,12.0,True,200,36,10,0.064972561704015,0.9015398415155622,1384418.3895,0.0,10,0,2,16,9,10,10
12,False,True,16.0,False,200,22,2,0.0655015971191106,0.9014269781232388,1.1317,0.567869,12,2,4,19,11,12,12
12,False,True,4.0,True,200,29,4,0.06468931043241767,0.9013191667294588,139717.3866,0.0,12,2,4,19,11,12,12
6,False,True,12.0,True,200,29,4,0.06547505541622248,0.9012963575988493,61623.7969,0.0,14,4,6,22,12,14,14
21,True,True,12.0,False,200,29,10,0.06508199270979846,0.901207896228962,1375322.1748,0.0,10,0,2,16,9,10,10
9,False,True,4.0,True,200,29,4,0.06492346702331489,0.901038455742232,383692.2733,0.0,13,3,5,21,11,13,13
21,False,True,18.0,True,300,29,2,0.06559657979729684,0.9009296215804402,11.1733,0.003748,10,0,2,16,9,10,10
15,True,True,8.0,True,200,36,2,0.06503256801838476,0.9009236724433809,1.1552,0.561241,11,1,3,18,10,11,11
18,True,True,4.0,False,300,29,6,0.06471296248041898,0.9008150384363273,637282.4278,0.0,10,0,2,17,9,11,11
9,True,True,16.0,True,200,36,2,0.06585111365943783,0.9007996128944902,209.9994,0.0,13,3,5,21,11,13,13
6,True,False,,False,400,15,2,0.0649370589390407,0.9007794456092921,29.2555,0.0,14,4,6,22,12,14,14
12,True,True,8.0,False,200,29,4,0.06515351715743525,0.900772991949515,83601.1137,0.0,12,2,4,19,11,12,12
9,True,True,12.0,False,300,29,4,0.06561280000710282,0.9006682215040152,37507.3707,0.0,13,3,5,21,11,13,13
15,True,True,18.0,False,300,29,8,0.06583085498837472,0.9006467780939428,1448733.325,0.0,11,1,3,18,10,11,11
21,True,True,4.0,True,200,36,8,0.06475987263827321,0.9004556530224841,1190124.6835,0.0,10,0,2,16,9,10,10
12,False,True,18.0,True,200,29,2,0.06597147847603367,0.9004366380528174,1.6068,0.447802,12,2,4,19,11,12,12
21,True,True,8.0,False,300,29,6,0.06505785503364969,0.9004099615778357,248082.008,0.0,10,0,2,16,9,10,10
12,True,True,4.0,False,200,29,2,0.06499639235244958,0.9003800618180505,11.4639,0.003241,12,2,4,19,11,12,12
15,False,True,18.0,False,400,22,2,0.06594343044747009,0.9003066853542168,107.2176,0.0,11,1,3,18,10,11,11
18,True,True,4.0,True,200,36,8,0.0648884543134542,0.9002763595850044,1529357.9934,0.0,10,0,2,17,9,11,11
12,True,False,,False,300,15,10,0.06488995416791894,0.9002717494374053,2115463.4884,0.0,12,2,4,19,11,12,12
9,False,True,18.0,True,200,29,2,0.06618579054568277,0.9002210132129022,13.2949,0.001297,13,3,5,21,11,13,13
18,False,False,,True,200,15,2,0.06473628519007558,0.9001084176899398,46.8046,0.0,10,0,2,17,9,11,11
18,True,True,4.0,True,200,36,2,0.06497402066939642,0.900013181344955,16.1988,0.000304,10,0,2,17,9,11,11
18,True,True,12.0,False,200,29,12,0.0655874356357252,0.8998866301752919,2050881.8058,0.0,10,0,2,17,9,11,11
21,False,True,4.0,True,200,29,14,0.06498700961848276,0.8997561503012821,1914918.2321,0.0,10,0,2,16,9,10,10
12,True,True,12.0,False,400,29,2,0.06577900229222738,0.8997359483943148,7.3677,0.025125,12,2,4,19,11,12,12
9,False,True,16.0,False,300,22,2,0.06626714694972145,0.8995421995944386,14.4354,0.000733,13,3,5,21,11,13,13
12,False,True,4.0,True,300,29,6,0.06533923693181894,0.8993263345831493,424385.2302,0.0,12,2,4,19,11,12,12
12,True,True,4.0,True,300,36,12,0.06542255529607893,0.8990694196406399,1694061.8757,0.0,12,2,4,19,11,12,12
21,True,True,12.0,True,200,36,8,0.06580527872886777,0.8989998506466551,923290.4388,0.0,10,0,2,16,9,10,10
18,True,True,8.0,False,400,29,2,0.06559112253300262,0.8989926021301031,7.1555,0.027939,10,0,2,17,9,11,11
15,True,True,18.0,True,400,36,2,0.06644235158606124,0.8987924401245835,5.7865,0.055396,11,1,3,18,10,11,11
15,False,False,,True,200,15,2,0.06527816973153235,0.8986402617582885,73.4241,0.0,11,1,3,18,10,11,11
9,False,True,18.0,False,400,22,2,0.06672467746978991,0.8985895908866912,54.2971,0.0,13,3,5,21,11,13,13
18,False,True,12.0,True,200,29,2,0.06601282587928711,0.8985837782613169,14.0253,0.0009,10,0,2,17,9,11,11
21,False,True,16.0,True,300,29,2,0.06626721794020413,0.8984601814124183,8.2428,0.016222,10,0,2,16,9,10,10
9,True,True,18.0,False,400,29,2,0.0667736656243747,0.8984406285337855,3.1088,0.211315,13,3,5,21,11,13,13
21,False,True,18.0,False,400,22,2,0.06643602646028642,0.8983777681096524,176.6909,0.0,10,0,2,16,9,10,10
6,True,True,12.0,False,200,29,20,0.06644415607122547,0.8983528960696175,1505110.6157,0.0,14,4,6,22,12,14,14
18,True,True,12.0,False,300,29,6,0.0661101027140524,0.8982846631181324,299984.9148,0.0,10,0,2,17,9,11,11
15,True,True,16.0,True,400,36,2,0.06647001056614232,0.8982737756174166,5.9946,0.049921,11,1,3,18,10,11,11
21,False,True,16.0,False,400,22,2,0.06632969265863856,0.8982686338544019,187.7701,0.0,10,0,2,16,9,10,10
12,False,True,16.0,True,200,29,2,0.06657322763551682,0.8981752112153314,6.1007,0.047342,12,2,4,19,11,12,12
9,False,False,,False,300,8,2,0.06564300191486874,0.8981658764136258,38.6435,0.0,13,3,5,21,11,13,13
12,False,False,,False,400,8,2,0.06550544502915441,0.8981503753166505,43.9396,0.0,12,2,4,19,11,12,12
9,True,True,16.0,False,400,29,2,0.0667298649217835,0.8981343853011503,6.0731,0.047999,13,3,5,21,11,13,13
15,True,True,4.0,False,300,29,10,0.06568703011720925,0.8980292258375355,1786161.1125,0.0,11,1,3,18,10,11,11
21,True,True,8.0,False,400,29,2,0.0658412636457522,0.8979970495789641,6.0765,0.047919,10,0,2,16,9,10,10
18,True,True,16.0,False,300,29,2,0.06650258455970168,0.8979558490613562,6975.5179,0.0,10,0,2,17,9,11,11
21,True,True,16.0,False,300,29,2,0.06644495288165897,0.8979147721924002,12148.0969,0.0,10,0,2,16,9,10,10
15,True,True,4.0,False,300,29,16,0.06572626382105742,0.8979073787721825,1973538.8011,0.0,11,1,3,18,10,11,11
18,False,True,4.0,False,200,22,6,0.06576934129190261,0.8975504039542225,823089.7768,0.0,10,0,2,17,9,11,11
21,True,True,12.0,False,300,29,2,0.06628765764789958,0.8975136807351599,809.9666,0.0,10,0,2,16,9,10,10
6,False,False,,False,300,8,2,0.0659648035391759,0.8973893801098594,47.6414,0.0,14,4,6,22,12,14,14
18,True,True,12.0,True,400,36,2,0.066432215374334,0.8972910595681752,8.5816,0.013694,10,0,2,17,9,11,11
12,False,True,18.0,False,400,22,2,0.06702842530969548,0.897220819120843,65.6491,0.0,12,2,4,19,11,12,12
12,True,True,8.0,False,200,29,2,0.06632558664885181,0.8971708214673155,408.9035,0.0,12,2,4,19,11,12,12
15,False,True,16.0,False,400,22,2,0.06684357402103103,0.8971271537513896,82.4725,0.0,11,1,3,18,10,11,11
18,True,True,12.0,True,300,36,6,0.06653431412515083,0.8969751130744461,466324.0104,0.0,10,0,2,17,9,11,11
12,True,True,8.0,True,300,36,4,0.06639058601178041,0.8969691766263208,26103.8854,0.0,12,2,4,19,11,12,12
6,True,True,8.0,True,300,36,20,0.06666914222491305,0.8967809189149358,1755131.2532,0.0,14,4,6,22,12,14,14
21,False,True,12.0,True,200,29,2,0.06667047844270536,0.8963265159960209,19.3985,6.1e-05,10,0,2,16,9,10,10
15,True,True,16.0,False,300,29,2,0.06710767217803534,0.8963126491183089,4171.1802,0.0,11,1,3,18,10,11,11
9,False,True,16.0,True,200,29,2,0.067361322048249,0.8961973781553048,15.0447,0.000541,13,3,5,21,11,13,13
9,False,True,8.0,False,200,22,6,0.06679764155278281,0.8961580019486002,842998.5329,0.0,13,3,5,21,11,13,13
21,False,False,,False,400,8,2,0.06596937022883775,0.89606214088918,14.3352,0.000771,10,0,2,16,9,10,10
15,True,True,4.0,True,200,36,2,0.06631807202599865,0.8960605900168744,13.5779,0.001126,11,1,3,18,10,11,11
18,True,False,,False,300,15,6,0.06613263024727457,0.89596939268041,1644116.3032,0.0,10,0,2,17,9,11,11
21,True,True,12.0,True,400,36,2,0.06680574212165247,0.8959054156034629,5.6282,0.059957,10,0,2,16,9,10,10
15,False,True,12.0,False,200,22,2,0.06697688207117117,0.8958258163093424,24.2007,6e-06,11,1,3,18,10,11,11
6,False,True,18.0,True,200,29,2,0.06773695552385706,0.8957150760587355,14.2706,0.000796,14,4,6,22,12,14,14
6,True,True,4.0,False,300,29,20,0.06672204627290967,0.8957090060134565,933843.8927,0.0,14,4,6,22,12,14,14
12,False,True,4.0,True,300,29,8,0.0665201986110031,0.8956542321915202,808305.2671,0.0,12,2,4,19,11,12,12
15,False,True,12.0,True,200,29,2,0.0670822979944721,0.8954976356152047,18.0148,0.000123,11,1,3,18,10,11,11
15,True,True,8.0,False,400,29,2,0.06686085792202741,0.8952746109436983,6.4829,0.039107,11,1,3,18,10,11,11
6,False,True,18.0,False,400,22,2,0.06788041833509743,0.8952728698360848,23.4994,8e-06,14,4,6,22,12,14,14
12,True,True,18.0,False,300,29,18,0.06766881566358357,0.895247530550188,2207519.467,0.0,12,2,4,19,11,12,12
21,True,True,8.0,True,300,36,6,0.06678203932237105,0.8950612774767669,390231.365,0.0,10,0,2,16,9,10,10
18,True,True,12.0,False,300,29,2,0.06715438977010575,0.8950458557199258,567.8372,0.0,10,0,2,17,9,11,11
18,True,False,,False,300,15,10,0.06645858685803627,0.894941366694663,2270490.1261,0.0,10,0,2,17,9,11,11
12,True,True,16.0,True,400,36,2,0.06770195173568339,0.8946931385421688,5.7753,0.055706,12,2,4,19,11,12,12
9,True,True,18.0,True,300,36,16,0.06804329423628513,0.8945418299569792,2002339.0791,0.0,13,3,5,21,11,13,13
12,True,True,18.0,True,400,36,2,0.06790583347027186,0.8945124302791477,5.6841,0.058307,12,2,4,19,11,12,12
21,False,True,8.0,False,200,22,2,0.06708427980409086,0.8941092699681477,41.5405,0.0,10,0,2,16,9,10,10
18,True,True,16.0,True,300,36,2,0.06777844789724012,0.8940028209926377,1269.4651,0.0,10,0,2,17,9,11,11
18,True,True,12.0,True,300,36,10,0.06751299576404587,0.893921947749754,1665207.4368,0.0,10,0,2,17,9,11,11
21,True,True,16.0,True,300,36,2,0.06776303319437707,0.8938244347337357,2043.5734,0.0,10,0,2,16,9,10,10
6,True,True,18.0,False,200,29,2,0.06835621079070636,0.8937996022859946,1829.2935,0.0,14,4,6,22,12,14,14
15,True,True,12.0,False,300,29,2,0.06764539570128889,0.8937358588111505,333.9305,0.0,11,1,3,18,10,11,11
18,False,False,,False,300,8,2,0.06677478297151819,0.8937183436211582,13.8668,0.000975,10,0,2,17,9,11,11
9,False,True,8.0,False,200,22,4,0.06760202136646823,0.8936420049383718,405982.7234,0.0,13,3,5,21,11,13,13
15,False,True,16.0,True,300,29,2,0.06803714445905189,0.8934205227427988,7.4736,0.02383,11,1,3,18,10,11,11
9,False,True,16.0,False,200,22,2,0.06825816451234751,0.8934149409114004,10.8094,0.004495,13,3,5,21,11,13,13
6,True,True,18.0,False,400,29,2,0.06848498105264444,0.8933991022036857,4.1671,0.124488,14,4,6,22,12,14,14
9,True,True,4.0,True,200,36,4,0.0673928598979133,0.8933671960835862,128458.8064,0.0,13,3,5,21,11,13,13
15,True,True,12.0,True,400,36,2,0.06779872959283136,0.8932535684478353,6.3742,0.041291,11,1,3,18,10,11,11
6,False,True,12.0,False,200,22,4,0.06810006047612213,0.8932233170346613,153127.2087,0.0,14,4,6,22,12,14,14
6,True,True,4.0,False,300,29,12,0.06752778534397212,0.8931749496770064,1482821.9979,0.0,14,4,6,22,12,14,14
18,True,True,4.0,True,300,36,18,0.06718970737272442,0.8930775835807911,2294069.4184,0.0,10,0,2,17,9,11,11
12,True,True,18.0,False,300,29,8,0.0683755427688001,0.8930480536566128,1421531.413,0.0,12,2,4,19,11,12,12
15,False,False,,False,300,8,2,0.06710162989986156,0.8928984686139618,20.1882,4.1e-05,11,1,3,18,10,11,11
15,True,True,4.0,True,300,36,4,0.06734048189190253,0.892831067976862,85520.5325,0.0,11,1,3,18,10,11,11
12,True,True,16.0,False,300,29,2,0.06830644969903549,0.8928042128668585,1854.0376,0.0,12,2,4,19,11,12,12
12,True,True,8.0,False,300,29,4,0.06774047043135645,0.8927368410375806,46964.4363,0.0,12,2,4,19,11,12,12
15,False,True,4.0,False,200,22,4,0.06743339374013256,0.8925351350566632,250791.3286,0.0,11,1,3,18,10,11,11
18,True,True,4.0,True,300,36,8,0.06743450891294513,0.8922970338111857,1365218.5932,0.0,10,0,2,17,9,11,11
18,True,True,4.0,True,300,36,10,0.06746406363759419,0.8922026065186549,1638258.9878,0.0,10,0,2,17,9,11,11
21,True,True,12.0,True,300,36,2,0.06804117864654209,0.8920197804404543,124.5551,0.0,10,0,2,16,9,10,10
6,True,True,16.0,False,400,29,2,0.06877989596574158,0.8920127602400492,6.2752,0.043387,14,4,6,22,12,14,14
18,True,False,,False,300,15,14,0.06742047690603963,0.8918782210984476,2234272.3148,0.0,10,0,2,17,9,11,11
6,False,True,18.0,False,200,22,2,0.06897895853577726,0.891855746178614,14.8483,0.000597,14,4,6,22,12,14,14
9,True,True,12.0,False,400,29,2,0.0684639861393785,0.8918477819196325,4.5152,0.1046,13,3,5,21,11,13,13
12,True,True,8.0,False,400,29,2,0.0680994682866683,0.8915969233369483,4.9396,0.084602,12,2,4,19,11,12,12
9,False,True,16.0,False,400,22,2,0.0688387554431193,0.8915940452366482,34.9294,0.0,13,3,5,21,11,13,13
9,True,True,16.0,False,300,29,16,0.06884774350393177,0.8915657349362339,2039225.4202,0.0,13,3,5,21,11,13,13
12,False,True,16.0,False,400,22,2,0.06870361248467857,0.891554024932523,46.2945,0.0,12,2,4,19,11,12,12
15,True,True,18.0,True,300,36,8,0.06879861405410999,0.8914868568965618,1413352.0083,0.0,11,1,3,18,10,11,11
18,True,True,18.0,True,200,36,20,0.06879930578076536,0.8912517182684883,2893858.9986,0.0,10,0,2,17,9,11,11
21,True,False,,True,300,22,8,0.06757100249887567,0.8911686369799301,1978873.3969,0.0,10,0,2,16,9,10,10
15,True,True,16.0,True,300,36,2,0.06877088533419794,0.8911093323047481,840.6373,0.0,11,1,3,18,10,11,11
21,False,True,4.0,False,200,22,14,0.06783902193967944,0.8907645037963243,1817338.7136,0.0,10,0,2,16,9,10,10
12,True,True,12.0,True,400,36,2,0.06866779277738026,0.8907360587297903,4.4921,0.105816,12,2,4,19,11,12,12
18,True,True,12.0,True,200,36,8,0.06853814977122137,0.8906759957414268,1294181.9024,0.0,10,0,2,17,9,11,11
21,False,True,12.0,False,300,22,2,0.06847509142697158,0.8906381642753746,74.0564,0.0,10,0,2,16,9,10,10
6,False,True,16.0,False,300,22,2,0.06924850252944004,0.8905362847985994,10.4045,0.005504,14,4,6,22,12,14,14
6,False,True,16.0,True,200,29,2,0.06929338935550267,0.8903943302141261,14.4723,0.00072,14,4,6,22,12,14,14
18,True,True,12.0,True,200,36,10,0.06864202079222517,0.890344378946872,1674343.4571,0.0,10,0,2,17,9,11,11
18,False,True,12.0,False,400,22,2,0.06864645665525061,0.8903302059074931,37.2502,0.0,10,0,2,17,9,11,11
21,False,False,,True,200,15,2,0.06776990470071187,0.8903110597401572,18.9377,7.7e-05,10,0,2,16,9,10,10
18,False,True,12.0,False,300,22,2,0.06867261201873325,0.8902466182052307,37.7915,0.0,10,0,2,17,9,11,11
12,True,True,12.0,False,300,29,2,0.06883670594347657,0.8901978495563919,143.5396,0.0,12,2,4,19,11,12,12
12,True,True,8.0,True,200,36,2,0.06856010865623328,0.8901254369988066,25.8572,2e-06,12,2,4,19,11,12,12
12,False,False,,False,300,8,2,0.06805127176635677,0.8900798982526525,26.9754,1e-06,12,2,4,19,11,12,12
21,True,True,18.0,False,300,29,2,0.06909695890511511,0.8900742854391658,42633.1324,0.0,10,0,2,16,9,10,10
21,True,True,18.0,True,200,36,20,0.06915223150833594,0.8898983497501016,3001674.4312,0.0,10,0,2,16,9,10,10
6,True,True,18.0,True,200,36,2,0.06961934546461863,0.8898384458596129,1891.6885,0.0,14,4,6,22,12,14,14
21,True,True,12.0,False,300,29,10,0.06873980303548873,0.8897909860340278,1749350.7928,0.0,10,0,2,16,9,10,10
21,False,False,,False,300,8,2,0.06793894528178036,0.8897631762193813,15.3292,0.000469,10,0,2,16,9,10,10
18,True,True,18.0,False,300,29,2,0.06926950785066546,0.8897601799284274,30781.3528,0.0,10,0,2,17,9,11,11
12,False,True,18.0,True,300,29,2,0.06942213252502161,0.8897488776185472,2.5605,0.277962,12,2,4,19,11,12,12
12,False,False,,True,200,15,2,0.06816600080137945,0.8897089527149665,72.3807,0.0,12,2,4,19,11,12,12
9,True,True,4.0,False,200,29,2,0.0686068813933694,0.8894908056363218,16.5258,0.000258,13,3,5,21,11,13,13
21,False,True,12.0,True,300,29,2,0.06886045498091035,0.8894037692913956,9.0779,0.010685,10,0,2,16,9,10,10
21,True,True,4.0,False,400,29,2,0.06829594506285779,0.8892880581720577,7.3095,0.025867,10,0,2,16,9,10,10
12,True,False,,False,300,15,12,0.06840024423149983,0.8891900980187241,2270576.8585,0.0,12,2,4,19,11,12,12
6,True,True,18.0,True,300,36,4,0.06984688307152682,0.889117184899876,118366.454,0.0,14,4,6,22,12,14,14
6,True,True,18.0,False,300,29,4,0.06988319791939895,0.889001854360688,124914.0906,0.0,14,4,6,22,12,14,14
12,False,True,12.0,False,200,22,2,0.06921335949742967,0.8889929540834304,21.8658,1.8e-05,12,2,4,19,11,12,12
15,False,True,12.0,False,300,22,2,0.06915129908205024,0.8889519491920659,27.6791,1e-06,11,1,3,18,10,11,11
6,False,True,4.0,True,300,29,6,0.06885090100342695,0.8889477534830682,852485.0925,0.0,14,4,6,22,12,14,14
18,True,True,4.0,False,400,29,2,0.06853524086274275,0.8887522713601209,8.5082,0.014206,10,0,2,17,9,11,11
18,True,True,8.0,True,300,36,8,0.06883707465003698,0.888747989550134,1175121.3295,0.0,10,0,2,17,9,11,11
18,True,True,4.0,False,300,29,12,0.06855998986870368,0.8886719107226941,1662463.0523,0.0,10,0,2,17,9,11,11
9,True,True,18.0,True,400,36,2,0.06992296695504488,0.8886348608180397,3.3032,0.191739,13,3,5,21,11,13,13
18,False,True,8.0,True,200,29,2,0.06888630002912081,0.8885888200761146,10.136,0.006295,10,0,2,17,9,11,11
18,False,True,8.0,False,200,22,2,0.0688992751930202,0.8885468461433887,36.1406,0.0,10,0,2,17,9,11,11
21,True,True,18.0,True,300,36,2,0.06961746930332098,0.8884118971302458,8188.7221,0.0,10,0,2,16,9,10,10
9,False,False,,True,200,15,2,0.0687186372453606,0.8883996542927041,71.8926,0.0,13,3,5,21,11,13,13
9,True,False,,True,300,22,10,0.06880411232729025,0.8883659818490239,1911284.2403,0.0,13,3,5,21,11,13,13
12,False,True,12.0,True,200,29,2,0.06942189179178244,0.8883230422000787,12.7195,0.00173,12,2,4,19,11,12,12
9,False,True,4.0,False,300,22,6,0.06900300984233139,0.8882109860831222,950843.7953,0.0,13,3,5,21,11,13,13
12,True,True,4.0,False,300,29,16,0.06888157534082086,0.8881144743429193,1931498.5542,0.0,12,2,4,19,11,12,12
18,True,True,18.0,True,300,36,2,0.06981290318104992,0.8880238094062538,5936.447,0.0,10,0,2,17,9,11,11
18,True,True,8.0,False,300,29,6,0.06908464342804037,0.8879463270155291,559274.8832,0.0,10,0,2,17,9,11,11
12,True,True,8.0,True,200,36,4,0.0692375622685333,0.8879433321900557,160070.2276,0.0,12,2,4,19,11,12,12
9,True,True,16.0,True,400,36,2,0.07000507699535714,0.887889524650517,2.5797,0.275307,13,3,5,21,11,13,13
12,True,True,4.0,True,200,36,2,0.06895590568394834,0.8878728719507548,9.0802,0.010672,12,2,4,19,11,12,12
15,False,True,8.0,False,200,22,2,0.06926766030781387,0.8875992705847621,41.5554,0.0,11,1,3,18,10,11,11
12,True,True,12.0,True,200,36,4,0.06971653714515369,0.8873730558218763,214067.5886,0.0,12,2,4,19,11,12,12
15,True,True,4.0,False,300,29,4,0.06903578584709007,0.8873671667598062,169395.7456,0.0,11,1,3,18,10,11,11
21,False,True,8.0,True,200,29,2,0.06919785110309468,0.887331727657038,13.04,0.001474,10,0,2,16,9,10,10
21,True,False,,True,400,22,2,0.06880044199826633,0.8871722830240982,28.2687,1e-06,10,0,2,16,9,10,10
12,True,True,4.0,False,300,29,12,0.06918367110793339,0.8871309235855029,1834204.6264,0.0,12,2,4,19,11,12,12
18,True,False,,True,400,22,2,0.06889542100637792,0.8870957581764857,30.7902,0.0,10,0,2,17,9,11,11
18,True,True,12.0,False,200,29,8,0.06965212700011925,0.887093344129918,1277893.988,0.0,10,0,2,17,9,11,11
12,False,True,12.0,False,300,22,2,0.06989145026684533,0.8868072031859857,18.0449,0.000121,12,2,4,19,11,12,12
9,True,True,16.0,True,200,36,6,0.07037215414071664,0.8867107219111942,680015.4317,0.0,13,3,5,21,11,13,13
18,True,True,8.0,True,400,36,2,0.06947369507383207,0.8866807080336945,11.628,0.002986,10,0,2,17,9,11,11
6,False,True,16.0,False,400,22,2,0.07046111720582983,0.8866690677999047,17.3612,0.00017,14,4,6,22,12,14,14
18,True,True,16.0,True,300,36,8,0.07011067030232207,0.8865826993360009,1504362.9084,0.0,10,0,2,17,9,11,11
9,True,True,12.0,True,200,36,10,0.07015502507489381,0.8864391494360386,1632654.7703,0.0,13,3,5,21,11,13,13
18,False,True,18.0,True,400,29,2,0.07035683184911355,0.8862721466620056,8.2578,0.0161,10,0,2,17,9,11,11
9,True,True,12.0,False,200,29,2,0.07020934137235751,0.8862632363707919,2908.3812,0.0,13,3,5,21,11,13,13
15,True,True,12.0,False,200,29,6,0.07000102237302576,0.8862060901951712,669104.2346,0.0,11,1,3,18,10,11,11
21,False,True,12.0,False,400,22,2,0.06986816244401407,0.8861431425719575,80.1147,0.0,10,0,2,16,9,10,10
18,True,True,12.0,True,300,36,2,0.06996337538942758,0.8860820172881405,86.5974,0.0,10,0,2,17,9,11,11
18,True,True,4.0,False,300,29,10,0.06937611357253658,0.8860056831756815,1766742.7774,0.0,10,0,2,17,9,11,11
12,True,True,18.0,True,300,36,18,0.07060657390812707,0.8859546990340207,2313098.5538,0.0,12,2,4,19,11,12,12
6,True,True,16.0,False,300,29,14,0.07068639989203375,0.8859432118016312,1610365.735,0.0,14,4,6,22,12,14,14
15,True,True,18.0,True,300,36,2,0.07053678992806249,0.8859344899162785,5243.864,0.0,11,1,3,18,10,11,11
18,True,False,,False,300,15,8,0.06928902862171082,0.8858020026812427,2194227.924,0.0,10,0,2,17,9,11,11
15,True,True,18.0,False,300,29,2,0.07060405168849412,0.8857168473206192,25747.9836,0.0,11,1,3,18,10,11,11
15,True,True,4.0,False,400,29,2,0.06957313631623609,0.8856069535259137,8.4051,0.014957,11,1,3,18,10,11,11
21,True,True,8.0,True,400,36,2,0.06974384323912916,0.8855467392606265,8.4071,0.014943,10,0,2,16,9,10,10
21,True,False,,False,300,15,2,0.06931234130882237,0.8854870818000242,699.3616,0.0,10,0,2,16,9,10,10
18,True,True,8.0,True,300,36,6,0.0698712588942369,0.8853800558999128,696184.1686,0.0,10,0,2,17,9,11,11
9,False,True,12.0,False,200,22,2,0.07056141991864807,0.8851196654852873,28.4033,1e-06,13,3,5,21,11,13,13
18,False,True,8.0,False,300,22,2,0.07001058661166615,0.8849224812757186,30.0603,0.0,10,0,2,17,9,11,11
9,False,True,18.0,True,300,29,2,0.0710902394632753,0.8848856348764517,10.2828,0.005849,13,3,5,21,11,13,13
9,True,True,18.0,True,200,36,10,0.071128307311791,0.8847623175395323,1634707.2344,0.0,13,3,5,21,11,13,13
9,False,True,12.0,True,200,29,2,0.07067713435838252,0.8847425695174078,14.2365,0.00081,13,3,5,21,11,13,13
15,False,True,8.0,True,200,29,2,0.0701547038073475,0.8847020240452969,15.001,0.000553,11,1,3,18,10,11,11
15,True,False,,True,400,22,2,0.06975813843888434,0.8844966993150893,27.7696,1e-06,11,1,3,18,10,11,11
21,True,True,8.0,False,300,29,2,0.07010297284532589,0.8843650039528859,398.5774,0.0,10,0,2,16,9,10,10
21,False,True,18.0,True,400,29,2,0.07097743218655102,0.8840096131184977,22.3036,1.4e-05,10,0,2,16,9,10,10
9,True,True,12.0,True,200,36,2,0.07091904828022813,0.8839522122051556,837.8145,0.0,13,3,5,21,11,13,13
6,True,True,18.0,True,200,36,6,0.07146166496252428,0.883930946376347,583651.2254,0.0,14,4,6,22,12,14,14
18,False,True,16.0,True,400,29,2,0.07094785677054205,0.8838579119945497,8.9077,0.011634,10,0,2,17,9,11,11
12,True,True,18.0,False,300,29,20,0.07126836466621234,0.8838068017777913,2333458.9237,0.0,12,2,4,19,11,12,12
6,False,True,16.0,False,200,22,2,0.07135007908611919,0.8837913840112801,17.4569,0.000162,14,4,6,22,12,14,14
15,True,True,12.0,True,200,36,10,0.07074094966538418,0.8837877191631605,1755667.893,0.0,11,1,3,18,10,11,11
15,True,True,8.0,True,400,36,2,0.07051926155846552,0.8835006225758998,12.4607,0.001969,11,1,3,18,10,11,11
6,True,True,18.0,True,400,36,2,0.07176768685534504,0.8829347276386512,3.6597,0.160437,14,4,6,22,12,14,14
6,True,True,12.0,False,400,29,2,0.07133625118363664,0.8828338941705884,2.0589,0.357199,14,4,6,22,12,14,14
12,True,True,16.0,True,300,36,2,0.0714784512136617,0.8826171745290032,407.9508,0.0,12,2,4,19,11,12,12
12,True,True,4.0,False,400,29,2,0.07069352692159084,0.8821506848222809,9.3942,0.009122,12,2,4,19,11,12,12
21,True,True,4.0,False,300,29,18,0.0704734284697155,0.8821158462756942,2286602.7415,0.0,10,0,2,16,9,10,10
9,True,True,12.0,True,200,36,18,0.07148599357473126,0.8820893634787347,2333473.6453,0.0,13,3,5,21,11,13,13
18,True,True,8.0,False,300,29,2,0.07086957249136099,0.8820813001938347,321.0885,0.0,10,0,2,17,9,11,11
15,False,True,12.0,False,400,22,2,0.07129055022284583,0.8819749517258302,23.5739,8e-06,11,1,3,18,10,11,11
18,True,True,12.0,False,200,29,10,0.07125862040156442,0.8818250035541253,1789947.948,0.0,10,0,2,17,9,11,11
9,True,True,12.0,True,400,36,2,0.07156977357361564,0.8818128242232964,1.8859,0.389479,13,3,5,21,11,13,13
9,False,True,12.0,False,300,22,2,0.07163570560951861,0.8815949693950038,16.8395,0.00022,13,3,5,21,11,13,13
21,True,False,,False,200,15,2,0.07048443495163496,0.88158143639589,45363.2522,0.0,10,0,2,16,9,10,10
6,True,True,16.0,True,400,36,2,0.0720440037976318,0.8815199872854773,2.5105,0.285001,14,4,6,22,12,14,14
9,True,True,8.0,False,400,29,2,0.07145179828037544,0.8811834042987495,6.9918,0.030322,13,3,5,21,11,13,13
12,True,False,,False,200,15,4,0.07087513377667952,0.8810262777900675,260244.9087,0.0,12,2,4,19,11,12,12
21,False,True,4.0,False,200,22,6,0.0708133448529829,0.8809759161424116,645992.1069,0.0,10,0,2,16,9,10,10
9,True,True,8.0,True,300,36,12,0.07153952455821143,0.8808914666103879,1941049.8947,0.0,13,3,5,21,11,13,13
21,False,True,16.0,True,400,29,2,0.07178036698924553,0.8808620136353641,22.136,1.6e-05,10,0,2,16,9,10,10
9,True,True,12.0,False,300,29,2,0.07186040258616772,0.88085101139225,101.7167,0.0,13,3,5,21,11,13,13
12,True,True,8.0,True,400,36,2,0.07150490779109998,0.8804840499035724,12.0592,0.002406,12,2,4,19,11,12,12
18,True,True,4.0,False,300,29,8,0.0710450486522229,0.8804551427201757,1484859.3598,0.0,10,0,2,17,9,11,11
15,True,True,12.0,True,300,36,10,0.0717559968140806,0.8804287808572442,1853584.6699,0.0,11,1,3,18,10,11,11
12,False,True,4.0,False,300,22,6,0.07121833039464476,0.8803944477147395,725557.2395,0.0,12,2,4,19,11,12,12
15,False,True,18.0,True,400,29,2,0.07226385538050713,0.8802804101522916,9.4282,0.008968,11,1,3,18,10,11,11
12,True,False,,True,400,22,2,0.07119568422587193,0.8799476675559135,29.1502,0.0,12,2,4,19,11,12,12
12,True,True,18.0,False,300,29,2,0.07252171714824407,0.8796840301845534,18920.2334,0.0,12,2,4,19,11,12,12
6,True,True,12.0,True,300,36,4,0.07229955884986132,0.8796481626353355,63447.129,0.0,14,4,6,22,12,14,14
15,True,True,8.0,False,300,29,2,0.07173471249265521,0.8794501104916044,210.2689,0.0,11,1,3,18,10,11,11
6,True,True,4.0,True,300,36,12,0.0718058034237977,0.8792110560605586,1753002.6888,0.0,14,4,6,22,12,14,14
12,True,True,4.0,False,300,29,18,0.0715829211477226,0.8791667104780164,2098876.9636,0.0,12,2,4,19,11,12,12
15,False,True,4.0,True,200,29,6,0.07155854615816817,0.8789849233971178,815410.5157,0.0,11,1,3,18,10,11,11
18,True,True,4.0,True,300,36,12,0.07152768400854058,0.8788254006621552,1825537.8375,0.0,10,0,2,17,9,11,11
15,True,False,,False,300,15,8,0.07149778641391971,0.8786639584948144,2430109.094,0.0,11,1,3,18,10,11,11
18,True,True,8.0,False,300,29,8,0.07190246215845902,0.8786190365328225,1196611.4151,0.0,10,0,2,17,9,11,11
15,True,False,,True,200,22,4,0.07153055015128006,0.878552728951612,235077.9583,0.0,11,1,3,18,10,11,11
12,True,True,18.0,True,300,36,2,0.07289498584460607,0.8784423121680319,3792.7944,0.0,12,2,4,19,11,12,12
15,True,True,12.0,True,200,36,6,0.07236617942008222,0.8783865685543154,834086.8351,0.0,11,1,3,18,10,11,11
12,False,True,16.0,True,300,29,2,0.07275659303648255,0.8783816799559073,6.3091,0.042658,12,2,4,19,11,12,12
18,False,True,4.0,True,200,29,14,0.07165857219344274,0.8783815212062339,2222260.6916,0.0,10,0,2,17,9,11,11
9,True,True,16.0,False,300,29,2,0.07298576586308937,0.878139359083857,7501.9724,0.0,13,3,5,21,11,13,13
15,True,False,,True,300,22,8,0.07168968062979385,0.8780117724212426,2245477.8924,0.0,11,1,3,18,10,11,11
6,False,False,,True,200,15,2,0.07192728554323811,0.8780013271598114,48.5311,0.0,14,4,6,22,12,14,14
18,True,False,,False,300,15,2,0.07163181739973164,0.8779489607046406,791.9657,0.0,10,0,2,17,9,11,11
12,False,True,8.0,False,200,22,2,0.07227412530946473,0.8778988216625698,78.6837,0.0,12,2,4,19,11,12,12
15,True,True,12.0,True,300,36,2,0.0725126811883326,0.8778936693218253,45.3212,0.0,11,1,3,18,10,11,11
15,True,True,8.0,False,300,29,10,0.07221855405875705,0.877818438750562,2005685.4203,0.0,11,1,3,18,10,11,11
18,False,True,4.0,False,200,22,2,0.07183549202082999,0.877780245427824,2940.328,0.0,10,0,2,17,9,11,11
18,False,True,8.0,False,400,22,2,0.07215078512417646,0.8777791840796983,7.0238,0.02984,10,0,2,17,9,11,11
15,True,False,,False,300,15,6,0.07176967723735704,0.8777393736885659,1936723.0371,0.0,11,1,3,18,10,11,11
21,False,True,8.0,False,300,22,2,0.07210456982573701,0.8776674582141385,42.6467,0.0,10,0,2,16,9,10,10
15,False,True,16.0,True,400,29,2,0.07291393956479338,0.8775940417728977,10.0425,0.006596,11,1,3,18,10,11,11
6,False,True,8.0,True,200,29,4,0.0726915554383768,0.8772905026070228,432228.2113,0.0,14,4,6,22,12,14,14
15,True,True,8.0,False,200,29,6,0.0724068965882306,0.8771803204255024,753109.5346,0.0,11,1,3,18,10,11,11
18,False,True,12.0,True,400,29,2,0.0726625074754277,0.8771227341512732,4.0136,0.134416,10,0,2,17,9,11,11
15,True,True,4.0,True,300,36,6,0.07213541278589876,0.8770259416535346,953673.6607,0.0,11,1,3,18,10,11,11
21,True,False,,True,200,22,2,0.07187062136297047,0.8768778635064687,2796.9096,0.0,10,0,2,16,9,10,10
9,False,True,12.0,False,400,22,2,0.07308161631735252,0.8767669049398438,9.4255,0.00898,13,3,5,21,11,13,13
9,False,True,16.0,True,300,29,2,0.07339898938342916,0.876755576045569,17.0549,0.000198,13,3,5,21,11,13,13
18,False,True,12.0,True,300,29,2,0.07283046637406011,0.876554017666314,9.3618,0.009271,10,0,2,17,9,11,11
6,False,True,18.0,True,300,29,2,0.07370059349551014,0.8765440138874698,14.4296,0.000736,14,4,6,22,12,14,14
12,True,True,4.0,False,300,29,20,0.07239832435873798,0.8763982004046194,2180826.8528,0.0,12,2,4,19,11,12,12
12,False,True,12.0,False,400,22,2,0.07305655402302047,0.876322968497616,15.0355,0.000543,12,2,4,19,11,12,12
21,True,True,4.0,True,400,36,2,0.07222820022547004,0.8761721830291225,12.2928,0.002141,10,0,2,16,9,10,10
18,False,True,4.0,True,200,29,2,0.07235505728415473,0.8760058918366305,694.4466,0.0,10,0,2,17,9,11,11
15,False,True,8.0,False,300,22,2,0.07277943306947958,0.8759132445358403,11.2494,0.003608,11,1,3,18,10,11,11
21,True,True,8.0,True,300,36,2,0.07264274972535427,0.8758344921579133,44.4495,0.0,10,0,2,16,9,10,10
18,True,True,4.0,True,400,36,2,0.07242619155260838,0.8757619678812153,18.1194,0.000116,10,0,2,17,9,11,11
21,False,True,4.0,False,200,22,2,0.07238838263403925,0.8756223414920223,1908.0437,0.0,10,0,2,16,9,10,10
12,False,True,8.0,True,200,29,2,0.07296067347621066,0.8755680707358688,24.125,6e-06,12,2,4,19,11,12,12
6,True,True,16.0,True,300,36,14,0.07384365626234331,0.8755268170314754,1813543.3745,0.0,14,4,6,22,12,14,14
12,False,True,18.0,True,400,29,2,0.07382909486063527,0.875306961795899,8.9532,0.011372,12,2,4,19,11,12,12
21,True,True,4.0,False,300,29,2,0.07248603417455665,0.8752865455607177,602.5272,0.0,10,0,2,16,9,10,10
18,True,False,,True,300,22,8,0.07244873626187678,0.8751492456381704,2177268.152,0.0,10,0,2,17,9,11,11
21,False,True,4.0,True,200,29,2,0.07256142847521249,0.8750269762863092,471.485,0.0,10,0,2,16,9,10,10
9,True,True,4.0,True,200,36,2,0.07296549851229127,0.8750034103778502,10.341,0.005682,13,3,5,21,11,13,13
9,False,True,18.0,True,400,29,2,0.07408538315326238,0.8749814000712888,11.6402,0.002967,13,3,5,21,11,13,13
21,True,True,16.0,True,300,36,8,0.0735628815150965,0.8748714615707364,1500231.0563,0.0,10,0,2,16,9,10,10
6,False,True,12.0,True,200,29,2,0.07373616170001933,0.8748178276341194,20.5516,3.4e-05,14,4,6,22,12,14,14
6,True,True,16.0,True,300,36,12,0.07409550538386858,0.8746763196029969,1801698.0625,0.0,14,4,6,22,12,14,14
12,True,True,18.0,True,300,36,8,0.07402234244554157,0.8746533396707983,1559845.1694,0.0,12,2,4,19,11,12,12
15,True,True,12.0,False,200,29,10,0.07347726706121019,0.8746234708959454,1895468.3006,0.0,11,1,3,18,10,11,11
18,True,True,16.0,False,200,29,20,0.07375177283959883,0.8744964539054042,3038521.1121,0.0,10,0,2,17,9,11,11
6,False,True,12.0,False,200,22,2,0.07394434964449924,0.8741099467334125,59.5586,0.0,14,4,6,22,12,14,14
6,True,True,16.0,True,200,36,2,0.07429562070274348,0.8739984632401151,9862.3335,0.0,14,4,6,22,12,14,14
18,True,False,,False,300,15,12,0.07279399176698668,0.8739564540942639,2526959.6267,0.0,10,0,2,17,9,11,11
9,True,True,4.0,False,400,29,2,0.073281459461428,0.8739185263708411,22.0485,1.6e-05,13,3,5,21,11,13,13
9,True,False,,True,400,22,2,0.07314835191600264,0.8738239708194236,35.9423,0.0,13,3,5,21,11,13,13
18,False,False,,True,400,15,2,0.07286380091352807,0.8734515038749266,16.3763,0.000278,10,0,2,17,9,11,11
6,True,True,4.0,True,300,36,20,0.07351916106825225,0.8733779973899242,1555349.7548,0.0,14,4,6,22,12,14,14
12,True,True,12.0,True,200,36,10,0.07396433016188364,0.8732303348300479,1706257.5512,0.0,12,2,4,19,11,12,12
15,True,True,4.0,True,300,36,8,0.07326264468374168,0.8731525774277396,1754498.6849,0.0,11,1,3,18,10,11,11
21,False,True,12.0,True,400,29,2,0.07376776689586674,0.8730789011858064,12.9479,0.001543,10,0,2,16,9,10,10
9,True,True,8.0,True,300,36,4,0.07386105215987078,0.8730356604531477,100653.6291,0.0,13,3,5,21,11,13,13
12,True,True,8.0,False,300,29,2,0.0737377260821233,0.8729034833756086,117.6809,0.0,12,2,4,19,11,12,12
9,True,False,,True,300,22,12,0.07343338116380979,0.872838742144322,2169968.6992,0.0,13,3,5,21,11,13,13
21,False,True,8.0,False,400,22,2,0.07351467060322361,0.8728359209609505,21.9459,1.7e-05,10,0,2,16,9,10,10
12,True,True,12.0,True,300,36,12,0.07408659559279603,0.8728108797134633,2119577.1544,0.0,12,2,4,19,11,12,12
6,True,True,12.0,True,400,36,2,0.07435483216946374,0.8727083765231273,0.4486,0.799086,14,4,6,22,12,14,14
6,True,True,12.0,True,300,36,14,0.07440824080998217,0.8725254451920392,1866088.7961,0.0,14,4,6,22,12,14,14
12,False,True,16.0,True,400,29,2,0.07452165240616,0.8724092342380246,9.3039,0.009543,12,2,4,19,11,12,12
9,True,True,16.0,True,200,36,4,0.07469962522687258,0.8723490754514842,295812.2957,0.0,13,3,5,21,11,13,13
15,True,True,4.0,True,400,36,2,0.07352626084337834,0.8722380816086035,20.2605,4e-05,11,1,3,18,10,11,11
12,True,True,4.0,True,300,36,10,0.07360889575728681,0.8722301543806071,2110019.4929,0.0,12,2,4,19,11,12,12
12,True,True,12.0,True,300,36,2,0.07435241211018412,0.8718965545076207,22.9448,1e-05,12,2,4,19,11,12,12
15,False,True,8.0,False,400,22,2,0.07395349810257515,0.8718774612297444,2.4416,0.294988,11,1,3,18,10,11,11
9,False,True,16.0,True,400,29,2,0.07483752241365656,0.8718773474923383,11.7384,0.002825,13,3,5,21,11,13,13
9,True,True,8.0,False,200,29,2,0.07425561845542464,0.8716755483546925,2998.3537,0.0,13,3,5,21,11,13,13
12,True,True,4.0,False,200,29,6,0.07383062543871868,0.8714592411317272,1169632.1298,0.0,12,2,4,19,11,12,12
18,True,True,4.0,False,300,29,14,0.07371574958090989,0.8712984320340329,1770400.0431,0.0,10,0,2,17,9,11,11
9,True,True,4.0,True,300,36,10,0.07406017943726516,0.8712246983400364,2079230.0808,0.0,13,3,5,21,11,13,13
6,False,True,18.0,True,400,29,2,0.07529819944464548,0.8711336982607838,12.1456,0.002305,14,4,6,22,12,14,14
15,False,True,12.0,True,400,29,2,0.07458160377877893,0.8708264219235103,3.0303,0.219777,11,1,3,18,10,11,11
6,True,True,8.0,False,400,29,2,0.07462433077662253,0.8706783752241339,8.7106,0.012839,14,4,6,22,12,14,14
15,False,False,,True,400,15,2,0.073755316371864,0.8706053850763357,27.6473,1e-06,11,1,3,18,10,11,11
12,False,True,4.0,False,200,22,16,0.07408892322594594,0.8705582634703244,2240632.7846,0.0,12,2,4,19,11,12,12
15,True,True,18.0,True,200,36,12,0.07516751002037621,0.870466144438403,2218069.2491,0.0,11,1,3,18,10,11,11
18,True,True,16.0,False,300,29,8,0.07494395503116916,0.8704061819014453,1764394.4503,0.0,10,0,2,17,9,11,11
9,True,False,,False,300,15,14,0.07416923616684004,0.8702774797669172,2157077.5908,0.0,13,3,5,21,11,13,13
6,True,True,12.0,False,300,29,2,0.07507407224719298,0.8702338624862209,39.4154,0.0,14,4,6,22,12,14,14
21,False,True,4.0,False,300,22,2,0.07394423398516113,0.8702183597907966,308.5314,0.0,10,0,2,16,9,10,10
9,False,True,8.0,False,200,22,2,0.074680189971812,0.8702039111457898,294.4818,0.0,13,3,5,21,11,13,13
18,True,True,16.0,True,200,36,14,0.07501518922192116,0.870159707104966,2629769.2191,0.0,10,0,2,17,9,11,11
15,False,True,4.0,False,200,22,2,0.07416978396165079,0.869991876132141,5831.8729,0.0,11,1,3,18,10,11,11
9,True,True,16.0,True,200,36,12,0.07544914773518949,0.8697745713648076,2048938.6942,0.0,13,3,5,21,11,13,13
9,True,True,8.0,True,400,36,2,0.07480524929123844,0.8697688345409079,19.6892,5.3e-05,13,3,5,21,11,13,13
6,False,True,12.0,False,400,22,2,0.07521641180485436,0.86974132586682,5.307,0.070404,14,4,6,22,12,14,14
15,False,True,12.0,True,300,29,2,0.0749519729672834,0.8695402950142194,11.7816,0.002765,11,1,3,18,10,11,11
18,False,True,4.0,False,400,22,2,0.07427573131972734,0.8693356419889007,3.8066,0.149077,10,0,2,17,9,11,11
15,False,True,4.0,True,200,29,2,0.07435913981076278,0.86932720591053,1345.4905,0.0,11,1,3,18,10,11,11
15,True,True,12.0,True,300,36,6,0.07501439580059518,0.8693229009878498,810104.9834,0.0,11,1,3,18,10,11,11
6,False,True,16.0,True,300,29,2,0.07567824277637072,0.8692651147879952,14.4137,0.000741,14,4,6,22,12,14,14
18,False,True,4.0,False,200,22,14,0.0743178051715977,0.8691875691310813,2254759.9567,0.0,10,0,2,17,9,11,11
6,True,True,4.0,False,200,29,2,0.07476754107344538,0.8690413201228215,340.0298,0.0,14,4,6,22,12,14,14
9,True,True,16.0,False,300,29,6,0.07569877404300286,0.8689114345271941,730636.4428,0.0,13,3,5,21,11,13,13
9,True,True,16.0,True,300,36,2,0.07569889160843328,0.8689110273476648,1774.3308,0.0,13,3,5,21,11,13,13
9,False,False,,True,400,15,2,0.0745607504572339,0.8686176565176574,54.1009,0.0,13,3,5,21,11,13,13
12,True,True,4.0,True,400,36,2,0.0747579088989274,0.8682101224376564,21.0915,2.6e-05,12,2,4,19,11,12,12
9,True,True,12.0,False,200,29,10,0.07559713219190194,0.8681373772328805,1840186.4439,0.0,13,3,5,21,11,13,13
15,True,False,,False,300,15,2,0.0745456322654086,0.868098712365499,3398.5007,0.0,11,1,3,18,10,11,11
18,False,True,8.0,True,400,29,2,0.07495612726980198,0.8680901167786986,1.5423,0.462484,10,0,2,17,9,11,11
6,False,True,16.0,True,400,29,2,0.0760811618039585,0.8678693160467779,11.8983,0.002608,14,4,6,22,12,14,14
9,True,True,8.0,True,200,36,2,0.0753556429107956,0.8678453840652385,646.4813,0.0,13,3,5,21,11,13,13
6,True,False,,True,300,22,16,0.07505847415986146,0.867438966269329,1812883.9885,0.0,14,4,6,22,12,14,14
6,True,True,16.0,False,300,29,6,0.07626633245218044,0.8672253590390826,617204.6671,0.0,14,4,6,22,12,14,14
18,True,True,4.0,False,300,29,2,0.07499158097382448,0.86680488876776,340.9867,0.0,10,0,2,17,9,11,11
9,False,True,8.0,True,200,29,2,0.07567359762454821,0.8667278080197656,83.827,0.0,13,3,5,21,11,13,13
18,True,False,,True,200,22,2,0.07485956089614994,0.8667018590124147,8127.5979,0.0,10,0,2,17,9,11,11
12,False,True,12.0,True,400,29,2,0.07589399075248537,0.8665294450298984,1.9014,0.38647,12,2,4,19,11,12,12
21,False,False,,True,400,15,2,0.07476940205771059,0.866482895387666,11.9254,0.002573,10,0,2,16,9,10,10
12,False,True,8.0,False,400,22,2,0.07563634886557691,0.8662741771111722,0.5574,0.756763,12,2,4,19,11,12,12
15,True,False,,True,200,22,18,0.07506301777592836,0.8662614313131174,2936232.8805,0.0,11,1,3,18,10,11,11
12,False,False,,True,400,15,2,0.07509348537512353,0.8661528420190977,43.2645,0.0,12,2,4,19,11,12,12
21,True,True,8.0,False,200,29,8,0.075526806887201,0.8657795572339511,1398726.0793,0.0,10,0,2,16,9,10,10
15,True,True,8.0,True,200,36,6,0.07569835783856711,0.8657602888224786,985772.4774,0.0,11,1,3,18,10,11,11
6,False,True,8.0,True,200,29,8,0.07606569167497318,0.8656344633825279,1383409.5817,0.0,14,4,6,22,12,14,14
21,True,False,,True,300,22,2,0.07510913603900986,0.8655320212925853,18.8816,7.9e-05,10,0,2,16,9,10,10
21,False,True,4.0,False,400,22,2,0.07531187364577713,0.8653731963873588,5.9143,0.051966,10,0,2,16,9,10,10
15,False,True,4.0,False,400,22,2,0.07550399800055946,0.8652724662053525,3.9031,0.142051,11,1,3,18,10,11,11
6,True,True,18.0,False,300,29,10,0.07703856721188111,0.8651078811373495,1724281.2007,0.0,14,4,6,22,12,14,14
21,True,True,12.0,True,300,36,8,0.07606188826126783,0.8650618488346906,1514718.0174,0.0,10,0,2,16,9,10,10
6,True,True,16.0,True,300,36,8,0.07690197508977355,0.8650029123819336,1468712.9911,0.0,14,4,6,22,12,14,14
15,True,True,8.0,True,300,36,6,0.07591260804511532,0.8649993321028314,995280.2525,0.0,11,1,3,18,10,11,11
21,True,True,12.0,False,300,29,8,0.07608191966796814,0.864990765747645,1506830.1668,0.0,10,0,2,16,9,10,10
9,False,True,8.0,False,400,22,2,0.07619131512209831,0.8648980187931583,1.6188,0.445115,13,3,5,21,11,13,13
9,False,True,12.0,True,400,29,2,0.07654404323323727,0.86481333130161,2.5582,0.278289,13,3,5,21,11,13,13
6,False,True,12.0,False,300,22,2,0.07665582844876477,0.8647081008158879,15.9414,0.000345,14,4,6,22,12,14,14
18,True,True,12.0,False,300,29,10,0.07627877885458643,0.864587660429971,2115743.189,0.0,10,0,2,17,9,11,11
6,True,True,4.0,False,400,29,2,0.0761518287406194,0.8641471458990126,30.8176,0.0,14,4,6,22,12,14,14
9,True,True,16.0,True,300,36,18,0.07709699909108517,0.8640240609451741,2339329.3166,0.0,13,3,5,21,11,13,13
21,True,True,8.0,True,200,36,8,0.076060854447454,0.8638747097560464,1463747.963,0.0,10,0,2,16,9,10,10
21,False,True,8.0,True,400,29,2,0.07614754633837566,0.8635642298359997,4.408,0.110359,10,0,2,16,9,10,10
18,True,True,8.0,True,300,36,2,0.07628733887196157,0.8633631040488347,24.0881,6e-06,10,0,2,17,9,11,11
15,True,True,18.0,False,200,29,12,0.07720227079954205,0.8633583449994899,2288489.8097,0.0,11,1,3,18,10,11,11
15,True,True,8.0,False,300,29,6,0.07641171101406365,0.8632183174551525,881569.4393,0.0,11,1,3,18,10,11,11
15,False,True,8.0,True,400,29,2,0.07643636387599263,0.8631300429261144,2.452,0.293462,11,1,3,18,10,11,11
18,True,True,12.0,True,300,36,8,0.07672374863323957,0.8630032054685316,1693423.0193,0.0,10,0,2,17,9,11,11
6,True,True,16.0,False,200,29,2,0.07748525342729981,0.8629473217505769,26877.959,0.0,14,4,6,22,12,14,14
12,False,True,12.0,True,300,29,2,0.07696403039986723,0.8627392741654133,8.9811,0.011215,12,2,4,19,11,12,12
21,False,True,8.0,True,300,29,2,0.07639382793391063,0.8626802628768967,11.3623,0.00341,10,0,2,16,9,10,10
9,True,True,8.0,False,300,29,12,0.07681897208507965,0.8626629352575168,2087881.1673,0.0,13,3,5,21,11,13,13
12,True,True,4.0,True,300,36,4,0.0763580859417948,0.8625078726901054,268952.2851,0.0,12,2,4,19,11,12,12
9,True,True,12.0,True,300,36,2,0.07722777024395687,0.8623874444445669,24.9029,4e-06,13,3,5,21,11,13,13
9,True,True,8.0,False,300,29,4,0.07690912899360786,0.8623403807970292,193594.0529,0.0,13,3,5,21,11,13,13
21,True,True,16.0,False,300,29,8,0.07734458707346137,0.8616756121041704,1769126.3692,0.0,10,0,2,16,9,10,10
9,True,True,18.0,True,300,36,2,0.07797646571872262,0.8615041812043374,12000.0041,0.0,13,3,5,21,11,13,13
9,True,False,,True,300,22,8,0.07665518676991809,0.8614358580137839,2133673.9514,0.0,13,3,5,21,11,13,13
18,True,True,16.0,True,200,36,20,0.0775584619236848,0.8612063988468709,3111962.4336,0.0,10,0,2,17,9,11,11
15,True,True,12.0,False,300,29,10,0.0773225066434758,0.8611576030643636,2139378.3577,0.0,11,1,3,18,10,11,11
6,True,True,16.0,False,300,29,2,0.0780122667556062,0.861076663397911,15467.2776,0.0,14,4,6,22,12,14,14
6,False,False,,True,400,15,2,0.0768399089873669,0.8607672348749057,64.3965,0.0,14,4,6,22,12,14,14
9,False,True,4.0,False,400,22,2,0.07701132946676645,0.8607573443513166,16.0115,0.000334,13,3,5,21,11,13,13
15,True,True,16.0,True,200,36,14,0.07779532009556848,0.860655967566169,2642134.4462,0.0,11,1,3,18,10,11,11
6,True,True,18.0,True,200,36,4,0.0783027236071391,0.8606445624401056,244477.8967,0.0,14,4,6,22,12,14,14
12,False,True,4.0,False,400,22,2,0.07689991818858116,0.8605496784071365,5.7236,0.057166,12,2,4,19,11,12,12
6,True,False,,True,400,22,2,0.07701229566762804,0.860447841554906,43.7308,0.0,14,4,6,22,12,14,14
9,True,True,8.0,False,300,29,2,0.07748043876480873,0.8602876103757994,87.9856,0.0,13,3,5,21,11,13,13
18,False,True,4.0,False,300,22,2,0.07686533425262872,0.8600656592840312,125.4189,0.0,10,0,2,17,9,11,11
9,True,True,4.0,True,400,36,2,0.07724469972803154,0.8599121614232106,36.7532,0.0,13,3,5,21,11,13,13
12,True,True,12.0,False,200,29,10,0.07777706500666728,0.8598239598527126,1888583.6033,0.0,12,2,4,19,11,12,12
6,True,True,18.0,False,200,29,4,0.07858715853348153,0.8596303053729991,236712.0893,0.0,14,4,6,22,12,14,14
18,True,False,,False,200,15,2,0.07686163487279077,0.859476558422941,105130.6187,0.0,10,0,2,17,9,11,11
9,True,True,18.0,False,200,29,10,0.07861488822237436,0.8592270632134807,1824245.0755,0.0,13,3,5,21,11,13,13
9,False,True,12.0,True,300,29,2,0.07812374901191546,0.8591758234268039,10.0468,0.006582,13,3,5,21,11,13,13
6,True,False,,True,300,22,20,0.07738690351009182,0.85908690359542,1759289.8536,0.0,14,4,6,22,12,14,14
12,False,True,8.0,False,300,22,2,0.07771123801208109,0.8588366936750514,9.7493,0.007638,12,2,4,19,11,12,12
12,False,True,4.0,False,200,22,4,0.07740505257700256,0.8587116398539997,507368.7946,0.0,12,2,4,19,11,12,12
6,True,True,8.0,True,400,36,2,0.078005216099609,0.85869499585327,24.118,6e-06,14,4,6,22,12,14,14
15,True,True,8.0,True,300,36,2,0.07773681634298808,0.8584331419253366,13.7549,0.001031,11,1,3,18,10,11,11
15,True,True,12.0,False,300,29,6,0.0780893745228972,0.8583899285261748,724797.9218,0.0,11,1,3,18,10,11,11
6,False,True,12.0,True,400,29,2,0.07845496432162276,0.8582828895722467,2.7875,0.248147,14,4,6,22,12,14,14
12,False,True,8.0,True,400,29,2,0.07788052255758598,0.8582210093834489,3.421,0.180777,12,2,4,19,11,12,12
15,True,True,12.0,False,200,29,8,0.07815806681257384,0.8581406808256451,1556571.88,0.0,11,1,3,18,10,11,11
9,False,True,8.0,False,300,22,2,0.07813254791007021,0.8579259529146328,11.0509,0.003984,13,3,5,21,11,13,13
18,True,False,,True,300,22,2,0.07729532025369396,0.8578863009379201,16.7888,0.000226,10,0,2,17,9,11,11
18,False,True,8.0,True,300,29,2,0.07780912993816835,0.8578574264932712,3.4399,0.179073,10,0,2,17,9,11,11
6,True,True,18.0,False,200,29,8,0.07908432005109187,0.8578486617906704,1262744.9547,0.0,14,4,6,22,12,14,14
18,True,True,8.0,True,200,36,8,0.0778167887562302,0.8578294426901294,1816747.0859,0.0,10,0,2,17,9,11,11
18,False,True,4.0,True,400,29,2,0.07749630214394658,0.8577588595152588,7.6002,0.022369,10,0,2,17,9,11,11
9,True,True,18.0,False,300,29,2,0.07916314837046812,0.8572567158605144,58437.1649,0.0,13,3,5,21,11,13,13
6,False,True,4.0,False,300,22,6,0.07816440723342313,0.8568714834569626,1228306.3423,0.0,14,4,6,22,12,14,14
18,True,True,16.0,False,200,29,14,0.0787807179615005,0.8567973887938504,2716972.7021,0.0,10,0,2,17,9,11,11
9,True,True,12.0,False,200,29,16,0.07878715975466788,0.8567739688672154,2304194.438,0.0,13,3,5,21,11,13,13
15,True,True,8.0,True,300,36,8,0.07825592130066196,0.856536140535276,1709004.3279,0.0,11,1,3,18,10,11,11
12,True,True,4.0,False,300,29,4,0.07809961295789201,0.8561646853060673,322798.9114,0.0,12,2,4,19,11,12,12
6,True,True,16.0,True,300,36,10,0.07938557664421654,0.8561424635450108,1858001.3929,0.0,14,4,6,22,12,14,14
15,True,True,4.0,False,300,29,2,0.07802068577369416,0.8561413469734096,158.9388,0.0,11,1,3,18,10,11,11
21,True,True,4.0,True,300,36,2,0.07785150983231813,0.8561404461301452,38.8089,0.0,10,0,2,16,9,10,10
15,True,True,12.0,True,200,36,8,0.07870775837522716,0.856138249351656,1634644.6541,0.0,11,1,3,18,10,11,11
15,True,True,16.0,False,200,29,20,0.07907416891136855,0.8560370616330957,2960099.4606,0.0,11,1,3,18,10,11,11
9,True,True,16.0,False,300,29,8,0.07942426034366475,0.8556909801741315,1857823.8021,0.0,13,3,5,21,11,13,13
15,True,True,18.0,False,200,29,20,0.0793405433751025,0.8556843914345975,2945978.834,0.0,11,1,3,18,10,11,11
15,True,True,16.0,True,300,36,8,0.07924965075354275,0.8553973859022622,1852290.5114,0.0,11,1,3,18,10,11,11
6,False,True,8.0,False,400,22,2,0.07897253654141762,0.8551687001635313,4.4414,0.108531,14,4,6,22,12,14,14
15,False,True,8.0,True,300,29,2,0.07864952169542569,0.8550893634309191,1.4311,0.48893,11,1,3,18,10,11,11
9,False,True,8.0,True,400,29,2,0.07896589250595552,0.8548791295660023,10.3054,0.005784,13,3,5,21,11,13,13
18,False,False,,True,300,15,2,0.07805112812868183,0.8547916090420818,5.2183,0.073599,10,0,2,17,9,11,11
21,False,True,4.0,True,400,29,2,0.07823559394213962,0.8547174687637356,4.5725,0.101645,10,0,2,16,9,10,10
21,False,False,,True,300,15,2,0.07811257566714683,0.8542760255719782,6.4963,0.038847,10,0,2,16,9,10,10
9,True,False,,False,300,15,12,0.07864568060522233,0.8541462784115337,2324494.4876,0.0,13,3,5,21,11,13,13
6,True,True,12.0,True,300,36,2,0.07965360321526284,0.8539194878394628,18.3942,0.000101,14,4,6,22,12,14,14
6,True,True,4.0,True,200,36,2,0.07901719734788018,0.8537313220777943,21.3416,2.3e-05,14,4,6,22,12,14,14
12,False,True,4.0,True,200,29,2,0.07876402530250481,0.853706991690683,3108.4085,0.0,12,2,4,19,11,12,12
6,False,True,4.0,False,400,22,2,0.07909482680655332,0.8534437812299924,24.1604,6e-06,14,4,6,22,12,14,14
15,False,True,4.0,True,400,29,2,0.0787574670240048,0.853411485737596,12.1542,0.002295,11,1,3,18,10,11,11
9,True,True,16.0,True,300,36,8,0.08006356952455201,0.8533584589257203,1874962.5595,0.0,13,3,5,21,11,13,13
6,True,True,12.0,False,300,29,4,0.0798345040126594,0.8532552093104478,192996.4547,0.0,14,4,6,22,12,14,14
9,False,False,,True,300,15,2,0.07880819652523297,0.8532225828319638,34.5212,0.0,13,3,5,21,11,13,13
9,True,True,16.0,False,200,29,12,0.08021832684520039,0.8527910152070011,2218021.3949,0.0,13,3,5,21,11,13,13
15,False,False,,True,300,15,2,0.0786764482262121,0.852762296942878,9.0708,0.010723,11,1,3,18,10,11,11
21,True,False,,True,300,22,6,0.07860594864979012,0.852719866051703,1805559.829,0.0,10,0,2,16,9,10,10
15,True,True,16.0,False,200,29,14,0.07999023933087011,0.8526821328624559,2675484.1631,0.0,11,1,3,18,10,11,11
15,True,True,4.0,False,300,29,8,0.07897992796352309,0.8525821986670739,1902379.6307,0.0,11,1,3,18,10,11,11
12,True,True,8.0,True,300,36,2,0.0796284374149897,0.8517855477695508,7.4043,0.024671,12,2,4,19,11,12,12
6,True,True,8.0,False,300,29,2,0.07989183164332432,0.8517772011153132,65.7669,0.0,14,4,6,22,12,14,14
15,False,True,4.0,False,300,22,2,0.07919591105605685,0.8517748216824204,76.3704,0.0,11,1,3,18,10,11,11
6,False,True,4.0,True,200,29,4,0.07956645689712386,0.8516907866948992,884774.2981,0.0,14,4,6,22,12,14,14
6,True,True,16.0,True,300,36,2,0.08061965265871586,0.8516350697841253,5436.063,0.0,14,4,6,22,12,14,14
6,False,True,8.0,False,200,22,2,0.07993556527641123,0.8516148792455095,1602.1998,0.0,14,4,6,22,12,14,14
12,False,True,4.0,False,200,22,2,0.07936008974788551,0.8514844030521758,14442.2136,0.0,12,2,4,19,11,12,12
6,False,True,12.0,True,300,29,2,0.08038954820928627,0.8512076489769483,7.4452,0.024171,14,4,6,22,12,14,14
9,True,False,,False,200,15,4,0.07952787030868903,0.8508557653912564,703749.8384,0.0,13,3,5,21,11,13,13
21,True,False,,False,300,15,4,0.07915165839411897,0.850667828223054,847694.8891,0.0,10,0,2,16,9,10,10
12,True,True,4.0,False,300,29,2,0.0797587886471418,0.8499883930054933,130.1457,0.0,12,2,4,19,11,12,12
18,True,True,8.0,False,200,29,8,0.0800216249982887,0.8496588774382803,1875027.5971,0.0,10,0,2,17,9,11,11
9,True,True,8.0,False,200,29,4,0.08042259392816746,0.8494755908341658,522525.9005,0.0,13,3,5,21,11,13,13
6,False,False,,True,300,15,2,0.08001339618493424,0.8490291244786385,54.2592,0.0,14,4,6,22,12,14,14
18,True,True,4.0,True,300,36,2,0.0798393842798729,0.8490275774582146,26.8478,1e-06,10,0,2,17,9,11,11
12,True,True,12.0,False,300,29,12,0.0807180366024572,0.849022626716185,2396226.2506,0.0,12,2,4,19,11,12,12
6,True,True,4.0,True,400,36,2,0.08032793968192498,0.8488384458139636,46.8136,0.0,14,4,6,22,12,14,14
12,False,True,4.0,True,400,29,2,0.08013200958308037,0.8485811884482544,15.5611,0.000418,12,2,4,19,11,12,12
12,True,True,8.0,True,300,36,10,0.0804955808143173,0.8485398986379424,2131344.2878,0.0,12,2,4,19,11,12,12
12,False,False,,True,300,15,2,0.07996322173669286,0.8482302575161691,16.5044,0.000261,12,2,4,19,11,12,12
15,True,True,4.0,False,300,29,6,0.08014301528304109,0.8482083718087391,1194521.4255,0.0,11,1,3,18,10,11,11
9,False,True,4.0,True,400,29,2,0.0804160852848251,0.8481730348676175,31.8019,0.0,13,3,5,21,11,13,13
15,True,False,,True,300,22,2,0.08003639432681253,0.8479523681048821,8.5925,0.01362,11,1,3,18,10,11,11
18,True,True,12.0,False,300,29,8,0.08085361367979974,0.8478578153388724,1756886.0229,0.0,10,0,2,17,9,11,11
12,False,True,8.0,True,300,29,2,0.08082080822681148,0.8473135334828186,0.7466,0.688447,12,2,4,19,11,12,12
6,False,True,8.0,True,200,29,2,0.08110059316010752,0.847258055659075,394.972,0.0,14,4,6,22,12,14,14
15,True,False,,True,200,22,2,0.08032786187811836,0.8468429316898379,27108.7401,0.0,11,1,3,18,10,11,11
21,True,False,,True,300,22,4,0.0801873187468783,0.8467343865045798,598012.4592,0.0,10,0,2,16,9,10,10
18,True,True,4.0,True,300,36,14,0.08059430447675994,0.8461590442665137,2215034.1944,0.0,10,0,2,17,9,11,11
6,False,True,8.0,True,400,29,2,0.08145534122793638,0.8459188936476982,16.777,0.000227,14,4,6,22,12,14,14
12,False,True,4.0,False,300,22,2,0.08090113201820141,0.8456605452118422,79.6653,0.0,12,2,4,19,11,12,12
6,False,True,8.0,False,300,22,2,0.08159186002040454,0.8454019823311512,19.9747,4.6e-05,14,4,6,22,12,14,14
21,False,True,4.0,True,300,29,2,0.08074647685550268,0.8452424682797015,30.3445,0.0,10,0,2,16,9,10,10
12,True,False,,False,300,15,2,0.08094588393250149,0.8448139047215641,18409.1415,0.0,12,2,4,19,11,12,12
18,False,True,4.0,True,300,29,2,0.08097316944792052,0.8447092657689343,16.3389,0.000283,10,0,2,17,9,11,11
12,True,False,,False,300,15,8,0.08101944304985699,0.8445317275815222,2594829.8731,0.0,12,2,4,19,11,12,12
18,True,True,4.0,True,200,36,10,0.08102628112093982,0.8445054833141945,2438585.5901,0.0,10,0,2,17,9,11,11
12,True,True,4.0,False,300,29,10,0.08128872322100401,0.8441781453629035,2414468.6188,0.0,12,2,4,19,11,12,12
9,True,True,8.0,True,300,36,10,0.08183101260181996,0.8441572408743997,2175602.4272,0.0,13,3,5,21,11,13,13
9,False,True,4.0,False,200,22,4,0.08156890581745926,0.843788742218341,1087350.1763,0.0,13,3,5,21,11,13,13
6,True,True,12.0,True,200,36,2,0.08237201667716999,0.843778491311364,24136.8726,0.0,14,4,6,22,12,14,14
18,True,False,,True,300,22,6,0.08114782596480521,0.8433669804766915,1951133.0516,0.0,10,0,2,17,9,11,11
15,True,True,8.0,False,300,29,8,0.08181449278602282,0.8431918694648608,1776045.7698,0.0,11,1,3,18,10,11,11
15,True,True,4.0,True,300,36,2,0.08156140630626038,0.8427879344192916,14.2072,0.000822,11,1,3,18,10,11,11
9,True,True,12.0,True,300,36,12,0.08255577136920186,0.8427444624161932,2325363.7944,0.0,13,3,5,21,11,13,13
6,True,True,16.0,True,200,36,10,0.08311849761580954,0.842295247730282,1741228.2176,0.0,14,4,6,22,12,14,14
9,True,True,4.0,False,300,29,2,0.08203246438835775,0.8420081904377513,115.0714,0.0,13,3,5,21,11,13,13
9,False,True,4.0,False,300,22,2,0.08204848227369504,0.8419464845805913,142.6527,0.0,13,3,5,21,11,13,13
21,True,True,18.0,False,200,29,14,0.0828843546141249,0.8418291128755645,2807051.7185,0.0,10,0,2,16,9,10,10
9,False,True,8.0,True,300,29,2,0.0825789768116901,0.8412953056712423,4.144,0.125931,13,3,5,21,11,13,13
15,False,True,4.0,True,300,29,2,0.08196253775581122,0.8412377458529288,11.5673,0.003077,11,1,3,18,10,11,11
9,True,True,4.0,False,300,29,10,0.08238632590406052,0.84064219943768,2431013.791,0.0,13,3,5,21,11,13,13
6,False,True,8.0,True,200,29,6,0.08287218274731462,0.840512074538857,1189758.3357,0.0,14,4,6,22,12,14,14
9,True,True,8.0,True,300,36,2,0.08285496891647079,0.8402327001586039,8.3372,0.015474,13,3,5,21,11,13,13
6,True,True,4.0,False,200,29,4,0.08266861867359429,0.8399006920779802,519916.015,0.0,14,4,6,22,12,14,14
6,False,True,4.0,False,300,22,8,0.08267870082894956,0.8398616386971399,1634969.0647,0.0,14,4,6,22,12,14,14
6,False,True,4.0,True,400,29,2,0.08269696324439213,0.8397908868289463,44.5704,0.0,14,4,6,22,12,14,14
9,True,True,16.0,True,300,36,20,0.08373374423312482,0.8396059912746479,2557187.2938,0.0,13,3,5,21,11,13,13
18,True,True,4.0,False,200,29,10,0.08234082891169614,0.8394191563798152,2479350.9457,0.0,10,0,2,17,9,11,11
6,True,True,4.0,False,300,29,2,0.08280702936311887,0.8393641400813167,33.2884,0.0,14,4,6,22,12,14,14
12,True,True,16.0,False,200,29,20,0.08368478284191849,0.8391032474565919,2784076.9542,0.0,12,2,4,19,11,12,12
18,True,False,,True,300,22,4,0.08227799409358044,0.8389736560941643,783042.9316,0.0,10,0,2,17,9,11,11
15,False,True,4.0,False,200,22,6,0.08261507503341646,0.8386997404146889,1222678.003,0.0,11,1,3,18,10,11,11
12,True,False,,True,200,22,4,0.08267391074519462,0.8381173783098526,524069.9704,0.0,12,2,4,19,11,12,12
12,True,True,4.0,True,300,36,6,0.08306244065964012,0.837303900710975,1396837.0213,0.0,12,2,4,19,11,12,12
9,True,False,,False,300,15,10,0.08314477255934201,0.8369812105165579,2525990.0576,0.0,13,3,5,21,11,13,13
15,True,True,4.0,False,200,29,8,0.0832128764987185,0.8363569622145348,2341458.7509,0.0,11,1,3,18,10,11,11
12,True,True,16.0,True,300,36,8,0.08450623264566089,0.8359290194837888,1873801.4876,0.0,12,2,4,19,11,12,12
12,True,False,,True,300,22,2,0.08327098441769724,0.8357706917572499,6.8725,0.032185,12,2,4,19,11,12,12
6,True,True,4.0,True,300,36,18,0.08382064489573697,0.8354074823610754,1908562.0175,0.0,14,4,6,22,12,14,14
6,True,True,18.0,True,300,36,2,0.08510844891229402,0.835367514935953,33831.2069,0.0,14,4,6,22,12,14,14
9,True,True,12.0,False,200,29,18,0.08455313020591212,0.8350431144171697,2488307.5929,0.0,13,3,5,21,11,13,13
18,True,False,,False,300,15,4,0.08334538248184198,0.8347685820215304,1114884.7736,0.0,10,0,2,17,9,11,11
12,True,True,4.0,True,200,36,6,0.08371314175405657,0.8347448330552808,1434382.4425,0.0,12,2,4,19,11,12,12
6,False,True,4.0,False,300,22,2,0.08405528676630254,0.8344846941435266,259.3012,0.0,14,4,6,22,12,14,14
12,True,True,4.0,True,300,36,2,0.08386452240564667,0.834146622230529,8.1859,0.01669,12,2,4,19,11,12,12
12,True,True,18.0,True,300,36,20,0.08523023593483116,0.8338216279601032,2672904.8895,0.0,12,2,4,19,11,12,12
12,True,True,12.0,False,200,29,6,0.08469798042668347,0.8337671709211303,1143081.4766,0.0,12,2,4,19,11,12,12
12,False,True,4.0,True,300,29,2,0.08405456632253372,0.8333940957165136,10.0988,0.006413,12,2,4,19,11,12,12
15,False,True,4.0,False,200,22,14,0.0840153418024289,0.833185552957161,2557572.5837,0.0,11,1,3,18,10,11,11
12,True,True,18.0,True,200,36,12,0.08544175848270637,0.8329957686835376,2358287.4147,0.0,12,2,4,19,11,12,12
15,True,True,16.0,False,300,29,8,0.0851793655798311,0.8329485566599577,2031347.7278,0.0,11,1,3,18,10,11,11
15,True,True,4.0,True,200,36,8,0.08407815618301293,0.8329360208353918,2326897.5818,0.0,11,1,3,18,10,11,11
6,True,True,8.0,True,300,36,2,0.08486067701795645,0.8327665158487395,5.8469,0.053749,14,4,6,22,12,14,14
15,False,True,4.0,True,200,29,14,0.08412283957997388,0.8327584011045601,2618883.2346,0.0,11,1,3,18,10,11,11
6,False,True,8.0,True,300,29,2,0.0849297878166165,0.8324940139939936,9.1032,0.01055,14,4,6,22,12,14,14
6,False,True,4.0,True,300,29,8,0.08458139898984861,0.8324062491124302,1719561.9766,0.0,14,4,6,22,12,14,14
6,True,True,12.0,False,200,29,2,0.08566204749353215,0.831049947328803,67998.8085,0.0,14,4,6,22,12,14,14
9,False,True,4.0,True,300,29,2,0.08520647251329365,0.8295455952526575,21.7335,1.9e-05,13,3,5,21,11,13,13
12,True,False,,False,300,15,6,0.08486658289237324,0.8294166269812379,2369987.9168,0.0,12,2,4,19,11,12,12
6,False,True,8.0,False,200,22,4,0.08585104181327069,0.8288403487206191,823635.6092,0.0,14,4,6,22,12,14,14
18,True,True,18.0,True,200,36,14,0.08639825703849659,0.8284999487275199,2862254.3366,0.0,10,0,2,17,9,11,11
9,False,True,4.0,True,200,29,2,0.08554950506691578,0.8281703685129623,14737.4149,0.0,13,3,5,21,11,13,13
6,False,True,8.0,False,200,22,8,0.08636579512277559,0.8267816869042832,1791516.0122,0.0,14,4,6,22,12,14,14
9,True,True,8.0,True,200,36,4,0.08640508198107599,0.8262481844896684,793784.2363,0.0,13,3,5,21,11,13,13
9,True,False,,True,300,22,2,0.08585073405654768,0.8261975915275679,38.7802,0.0,13,3,5,21,11,13,13
9,True,True,4.0,True,300,36,2,0.0860414011772559,0.8261887013530191,7.181,0.027585,13,3,5,21,11,13,13
18,True,True,4.0,True,300,36,16,0.08572576285566458,0.825945208691207,2781603.2672,0.0,10,0,2,17,9,11,11
6,True,True,8.0,True,200,36,2,0.08670502047325501,0.8254182897172608,14194.1143,0.0,14,4,6,22,12,14,14
6,True,True,18.0,False,300,29,2,0.08798423594870931,0.8240537899296344,130028.9013,0.0,14,4,6,22,12,14,14
6,False,True,4.0,True,300,29,2,0.08672346847094145,0.8238099533468294,33.5869,0.0,14,4,6,22,12,14,14
15,True,False,,False,200,15,2,0.08630527745524498,0.8232011905714828,287392.9325,0.0,11,1,3,18,10,11,11
18,False,True,4.0,True,200,29,12,0.08641854366030748,0.8231206423783155,2601343.9277,0.0,10,0,2,17,9,11,11
6,True,True,8.0,True,300,36,4,0.0873599052935166,0.8227710915917253,328765.4362,0.0,14,4,6,22,12,14,14
12,True,True,16.0,True,200,36,14,0.08787991543406994,0.8225673445258588,2653359.2706,0.0,12,2,4,19,11,12,12
12,True,True,12.0,False,200,29,8,0.087574294299566,0.822285043808134,1864137.3928,0.0,12,2,4,19,11,12,12
15,True,True,12.0,True,300,36,8,0.08748105589583982,0.8222791891067663,2109111.9715,0.0,11,1,3,18,10,11,11
6,True,True,4.0,True,300,36,2,0.08713174984652207,0.8221470944720798,7.4118,0.024579,14,4,6,22,12,14,14
6,False,True,8.0,False,200,22,6,0.08754218590191314,0.8220307268554483,1401192.9425,0.0,14,4,6,22,12,14,14
21,True,True,4.0,True,200,36,10,0.08678841193388763,0.8212162208039774,2488950.1077,0.0,10,0,2,16,9,10,10
12,True,True,4.0,True,300,36,8,0.08707466569080702,0.8212066358535415,2249395.4868,0.0,12,2,4,19,11,12,12
9,False,True,4.0,False,200,22,2,0.08732897919023151,0.8209477333295533,65195.9584,0.0,13,3,5,21,11,13,13
6,True,True,18.0,False,300,29,12,0.08884024845157602,0.8206135186418513,2206576.9735,0.0,14,4,6,22,12,14,14
9,True,True,4.0,True,300,36,6,0.08745353875399534,0.82043659538036,1674425.2797,0.0,13,3,5,21,11,13,13
6,True,True,12.0,False,200,29,18,0.08832656383480204,0.8203761085187831,2204063.1418,0.0,14,4,6,22,12,14,14
6,True,True,16.0,False,200,29,4,0.08871772691840767,0.8203322110617434,573630.4173,0.0,14,4,6,22,12,14,14
6,True,True,4.0,False,300,29,10,0.08773737739800161,0.8196660939298757,2306522.7117,0.0,14,4,6,22,12,14,14
6,True,True,18.0,False,300,29,14,0.08911089350051224,0.819518879310977,2198390.8169,0.0,14,4,6,22,12,14,14
15,True,False,,True,300,22,6,0.08724383395894435,0.819334962695211,2184865.9905,0.0,11,1,3,18,10,11,11
6,True,True,16.0,True,300,36,16,0.08897279199226536,0.8192976296732051,2316827.7619,0.0,14,4,6,22,12,14,14
21,True,True,16.0,False,200,29,16,0.08849059288164524,0.8189355805848563,3079617.916,0.0,10,0,2,16,9,10,10
21,False,True,4.0,True,200,29,12,0.08735422863549508,0.8188774615540786,2417248.5769,0.0,10,0,2,16,9,10,10
6,True,True,16.0,False,200,29,6,0.08918323484964735,0.8184418063459606,1103635.9788,0.0,14,4,6,22,12,14,14
9,True,True,12.0,True,200,36,20,0.0887109578959659,0.8184210059205246,2785531.5112,0.0,13,3,5,21,11,13,13
12,True,True,12.0,True,300,36,6,0.08864444346515266,0.8179151881743134,1244034.6226,0.0,12,2,4,19,11,12,12
18,True,True,18.0,False,200,29,14,0.08902557187305077,0.8179109475752289,2894355.9418,0.0,10,0,2,17,9,11,11
9,True,True,12.0,False,200,29,4,0.08893302706086353,0.8175107786675107,838031.1579,0.0,13,3,5,21,11,13,13
6,True,True,8.0,False,200,29,2,0.08871315141192643,0.8172378459912392,49309.5867,0.0,14,4,6,22,12,14,14
12,True,True,12.0,True,200,36,6,0.08884418468473719,0.8170936856238139,1405685.207,0.0,12,2,4,19,11,12,12
12,True,True,12.0,True,200,36,8,0.0889648327363713,0.8165965844587202,1911443.6779,0.0,12,2,4,19,11,12,12
12,True,True,8.0,True,300,36,6,0.08878805167103694,0.8157263583186382,1427072.4904,0.0,12,2,4,19,11,12,12
21,True,True,16.0,True,200,36,16,0.08934502480206731,0.8154221197313467,3070062.5209,0.0,10,0,2,16,9,10,10
12,False,True,4.0,True,200,29,6,0.08852372815925784,0.8152063020399039,1309457.676,0.0,12,2,4,19,11,12,12
21,True,True,16.0,False,200,29,20,0.08964587496642988,0.8141769742094906,3282873.9235,0.0,10,0,2,16,9,10,10
21,True,True,18.0,True,200,36,14,0.08989269457458023,0.813949762939096,2904123.0171,0.0,10,0,2,16,9,10,10
6,True,True,4.0,True,300,36,10,0.08926178902337173,0.8133451554166695,2288798.7769,0.0,14,4,6,22,12,14,14
6,True,False,,True,300,22,14,0.08918383554290152,0.8128504826504344,2228282.3304,0.0,14,4,6,22,12,14,14
9,False,True,4.0,False,200,22,20,0.08952717233097375,0.8118202914818,2374570.6694,0.0,13,3,5,21,11,13,13
18,False,True,4.0,True,200,29,10,0.08928345112432694,0.8111986028636601,2418694.52,0.0,10,0,2,17,9,11,11
21,True,True,4.0,False,200,29,10,0.08920645166473032,0.8111151351079945,2620002.5868,0.0,10,0,2,16,9,10,10
6,True,True,12.0,True,200,36,16,0.09058811358249864,0.8110600213109065,2369976.8908,0.0,14,4,6,22,12,14,14
9,True,False,,False,300,15,8,0.08959061121513533,0.8107252141008237,2658242.8718,0.0,13,3,5,21,11,13,13
9,True,True,18.0,True,300,36,18,0.09119608230002557,0.8105642542249076,2636605.6892,0.0,13,3,5,21,11,13,13
12,True,True,16.0,False,300,29,8,0.0909456361759864,0.8099718142199475,2123119.0086,0.0,12,2,4,19,11,12,12
12,True,True,8.0,False,300,29,10,0.09017900021189706,0.8099074928875395,2517817.7894,0.0,12,2,4,19,11,12,12
12,True,False,,True,200,22,2,0.0897646057517523,0.8091581923862258,92168.5117,0.0,12,2,4,19,11,12,12
21,False,True,4.0,True,200,29,10,0.08974543023887283,0.8088257840138702,2227452.4313,0.0,10,0,2,16,9,10,10
6,True,True,16.0,False,200,29,10,0.09157405274226471,0.8085769282158113,1956877.3378,0.0,14,4,6,22,12,14,14
12,True,True,8.0,False,300,29,6,0.09062866038250554,0.8080070474106935,1464187.2369,0.0,12,2,4,19,11,12,12
6,True,True,12.0,True,200,36,10,0.09134514940057327,0.8078889210977627,2094103.6043,0.0,14,4,6,22,12,14,14
15,True,False,,True,300,22,4,0.09001529280306622,0.8076743419816438,884097.5447,0.0,11,1,3,18,10,11,11
9,True,True,4.0,False,200,29,6,0.09072871315620208,0.8067352904983994,2042601.0551,0.0,13,3,5,21,11,13,13
15,True,True,18.0,True,200,36,20,0.092037950417249,0.8057965942675676,3134285.1032,0.0,11,1,3,18,10,11,11
18,True,True,4.0,False,300,29,16,0.09057423074380808,0.80570010124723,2517163.6996,0.0,10,0,2,17,9,11,11
21,True,True,18.0,False,200,29,18,0.09198963971684686,0.805168458810926,3250048.0101,0.0,10,0,2,16,9,10,10
15,True,True,8.0,True,200,36,8,0.09137858809244782,0.8043873307079992,2286746.1662,0.0,11,1,3,18,10,11,11
9,True,False,,False,300,15,2,0.09146300049649676,0.8027310859940396,114988.4485,0.0,13,3,5,21,11,13,13
12,True,True,8.0,False,200,29,6,0.09219404903723954,0.8013173497685443,1499966.384,0.0,12,2,4,19,11,12,12
6,True,False,,True,300,22,2,0.09192529652312885,0.8011679006720425,2090.1748,0.0,14,4,6,22,12,14,14
21,True,True,8.0,True,200,36,10,0.09203624066663399,0.8006876722823584,2285602.9135,0.0,10,0,2,16,9,10,10
9,True,True,4.0,True,300,36,4,0.0922038371710778,0.8003997659443101,637402.2175,0.0,13,3,5,21,11,13,13
9,True,False,,True,200,22,4,0.09207634073384904,0.8000764902724303,1067188.0593,0.0,13,3,5,21,11,13,13
15,True,True,12.0,False,300,29,8,0.09281174962329854,0.7999603099201935,2197308.1841,0.0,11,1,3,18,10,11,11
9,True,True,16.0,False,300,29,18,0.09352167285345439,0.7999163266810265,2706906.5883,0.0,13,3,5,21,11,13,13
18,True,True,4.0,True,200,36,12,0.09200028856729879,0.7995335752423202,2661276.427,0.0,10,0,2,17,9,11,11
12,True,True,4.0,False,300,29,6,0.09223628407089564,0.7993813235065423,1676915.9769,0.0,12,2,4,19,11,12,12
15,True,True,16.0,True,200,36,20,0.09346634630423159,0.7988630028312709,3174596.4288,0.0,11,1,3,18,10,11,11
9,True,True,4.0,False,300,29,6,0.09258610765122274,0.7987412786305389,1948160.035,0.0,13,3,5,21,11,13,13
21,False,True,4.0,False,200,22,12,0.09222625277118972,0.7981104888276098,2439699.0989,0.0,10,0,2,16,9,10,10
9,True,True,4.0,True,300,36,8,0.0927382440533121,0.7980793232952684,2509185.7975,0.0,13,3,5,21,11,13,13
6,True,True,12.0,False,200,29,10,0.09379395274141095,0.7974505317353493,2103413.1767,0.0,14,4,6,22,12,14,14
6,True,False,,True,300,22,10,0.09284789532445925,0.7971567565546657,2399660.3512,0.0,14,4,6,22,12,14,14
6,True,True,8.0,False,300,29,4,0.09352592340876961,0.7968699089879927,572932.5412,0.0,14,4,6,22,12,14,14
21,True,True,18.0,False,200,29,16,0.09405437773213339,0.7963241867572273,3151166.3322,0.0,10,0,2,16,9,10,10
6,True,True,4.0,True,200,36,4,0.0933357363970577,0.7959183254093956,972174.9452,0.0,14,4,6,22,12,14,14
15,True,False,,False,300,15,4,0.09292603156879697,0.7950351392867132,1381370.4239,0.0,11,1,3,18,10,11,11
12,True,True,18.0,False,200,29,12,0.0947514499698739,0.7946196696500682,2588730.3843,0.0,12,2,4,19,11,12,12
15,True,True,4.0,True,200,36,10,0.09326174480726514,0.7944471344093709,2850800.2379,0.0,11,1,3,18,10,11,11
21,True,True,8.0,False,200,29,10,0.09355441174323659,0.7940579821423235,2338960.2662,0.0,10,0,2,16,9,10,10
21,True,True,4.0,True,200,36,12,0.09315281564002512,0.7940334934636245,2675559.5121,0.0,10,0,2,16,9,10,10
15,True,True,4.0,True,200,36,12,0.09348408808546817,0.7934658579344636,2857646.6669,0.0,11,1,3,18,10,11,11
9,False,True,4.0,False,200,22,18,0.09382151482366786,0.7933345217484296,2735105.6158,0.0,13,3,5,21,11,13,13
18,False,True,4.0,False,200,22,12,0.09349341556200179,0.7929737965638042,2573837.2092,0.0,10,0,2,17,9,11,11
9,False,True,4.0,True,200,29,18,0.09398058096667493,0.7926331613487311,2885055.0684,0.0,13,3,5,21,11,13,13
12,True,True,4.0,False,300,29,8,0.09386444503136837,0.7922361434663143,2432245.0027,0.0,12,2,4,19,11,12,12
6,True,True,8.0,False,300,29,14,0.09471629572895,0.7916662346757255,2385325.8714,0.0,14,4,6,22,12,14,14
9,True,True,4.0,False,300,29,4,0.09421344345923491,0.791604272578051,737197.9255,0.0,13,3,5,21,11,13,13
12,True,True,18.0,False,200,29,20,0.09551697074909987,0.7912876249735443,2959636.2497,0.0,12,2,4,19,11,12,12
9,False,True,4.0,True,200,29,6,0.09468064591147352,0.7895322879056079,1990480.34,0.0,13,3,5,21,11,13,13
15,True,True,4.0,False,200,29,10,0.0945461493039786,0.7887463827363329,2887762.2641,0.0,11,1,3,18,10,11,11
18,True,True,4.0,False,300,29,18,0.09448472134233558,0.7885603462132067,2747235.6196,0.0,10,0,2,17,9,11,11
12,True,True,12.0,False,300,29,6,0.09579414993559138,0.7873581891758992,1357479.3782,0.0,12,2,4,19,11,12,12
9,True,True,8.0,False,300,29,10,0.09576715901345925,0.7865559828386343,2517550.2437,0.0,13,3,5,21,11,13,13
12,True,True,16.0,False,200,29,14,0.09655694627998813,0.7857990778571077,2796534.194,0.0,12,2,4,19,11,12,12
9,True,True,18.0,False,300,29,18,0.09700241369992811,0.7856741029221891,2722712.7448,0.0,13,3,5,21,11,13,13
9,True,True,12.0,False,300,29,12,0.0964583303996613,0.7853205128169273,2611718.9279,0.0,13,3,5,21,11,13,13
12,True,True,12.0,True,300,36,10,0.09637725757894323,0.7847615704102411,2488641.1366,0.0,12,2,4,19,11,12,12
21,True,True,18.0,True,200,36,18,0.09678541883134288,0.7843242595686556,3285515.3644,0.0,10,0,2,16,9,10,10
21,True,True,16.0,True,200,36,20,0.09672128024853521,0.78368682117343,3341110.3596,0.0,10,0,2,16,9,10,10
9,False,True,4.0,True,200,29,16,0.0962332135954598,0.7825732202982744,2865925.1492,0.0,13,3,5,21,11,13,13
21,True,True,16.0,False,200,29,18,0.0969725308988143,0.7825615379461099,3314340.6748,0.0,10,0,2,16,9,10,10
12,True,False,,True,300,22,6,0.0959059286700361,0.7821516996561946,2339731.6499,0.0,12,2,4,19,11,12,12
6,True,True,8.0,True,300,36,16,0.09691831420390631,0.7818667066583399,2570640.6092,0.0,14,4,6,22,12,14,14
21,True,True,4.0,False,200,29,12,0.09594434748213483,0.7815040370530216,2725711.4335,0.0,10,0,2,16,9,10,10
18,True,True,4.0,False,200,29,12,0.09648185005853933,0.7795274572215517,2774856.1982,0.0,10,0,2,17,9,11,11
18,True,True,8.0,True,200,36,10,0.09712368040727765,0.7785308094113738,2560551.3875,0.0,10,0,2,17,9,11,11
15,True,True,4.0,False,200,29,12,0.09685297655004893,0.7783118865359099,2917043.972,0.0,11,1,3,18,10,11,11
12,True,True,8.0,True,300,36,8,0.09745132617836036,0.7780119104283603,2356557.224,0.0,12,2,4,19,11,12,12
15,True,True,8.0,False,200,29,8,0.09752214936204386,0.7772002898536381,2414763.3629,0.0,11,1,3,18,10,11,11
12,True,True,12.0,False,300,29,10,0.09821674384656344,0.7764669467778794,2567404.9792,0.0,12,2,4,19,11,12,12
12,True,True,8.0,True,200,36,6,0.09795475209335054,0.7757124401359383,1734053.9116,0.0,12,2,4,19,11,12,12
9,True,False,,False,300,15,6,0.0976653974609767,0.7750690547934851,2668563.1789,0.0,13,3,5,21,11,13,13
21,True,True,18.0,True,200,36,16,0.0988641929452566,0.7749601233926775,3194757.5005,0.0,10,0,2,16,9,10,10
9,True,True,18.0,True,200,36,12,0.09955815927484091,0.7742315324629495,2590344.4355,0.0,13,3,5,21,11,13,13
21,True,True,8.0,True,200,36,12,0.09802078492847044,0.7739248795485251,2636377.8089,0.0,10,0,2,16,9,10,10
6,True,True,12.0,True,200,36,18,0.09916811531118767,0.7735743885365571,2661140.4549,0.0,14,4,6,22,12,14,14
18,False,True,4.0,True,200,29,8,0.09786572525988688,0.7731574588755564,2334183.43,0.0,10,0,2,17,9,11,11
6,False,True,4.0,True,200,29,2,0.09861237122163324,0.7721909901452737,76680.5974,0.0,14,4,6,22,12,14,14
18,True,True,8.0,True,200,36,12,0.09953827503926706,0.7673820218550875,2680978.1076,0.0,10,0,2,17,9,11,11
12,True,True,4.0,False,200,29,8,0.09934279167892185,0.7672763686446711,2796087.8138,0.0,12,2,4,19,11,12,12
9,True,True,12.0,True,200,36,4,0.10047131816285486,0.7670861744467957,1201660.6945,0.0,13,3,5,21,11,13,13
18,True,True,18.0,False,200,29,18,0.1006993011212791,0.767026135049921,3248575.8484,0.0,10,0,2,17,9,11,11
12,True,True,4.0,True,200,36,14,0.09954633546528523,0.7663217351777787,2865185.3459,0.0,12,2,4,19,11,12,12
21,True,True,8.0,False,200,29,12,0.09980334435273151,0.7656275240349505,2678502.9364,0.0,10,0,2,16,9,10,10
18,True,True,8.0,False,200,29,10,0.09993356518435277,0.7655307907560832,2675201.49,0.0,10,0,2,17,9,11,11
12,True,True,16.0,True,200,36,20,0.10113385479853522,0.765011064610966,3068671.6185,0.0,12,2,4,19,11,12,12
6,True,True,8.0,True,300,36,14,0.10088429000524413,0.7636490581482414,2591184.1831,0.0,14,4,6,22,12,14,14
21,False,True,4.0,False,200,22,10,0.09978854916184039,0.7636443182235967,2444323.2965,0.0,10,0,2,16,9,10,10
18,False,True,4.0,False,200,22,10,0.09997741626530987,0.763262485375231,2671571.9283,0.0,10,0,2,17,9,11,11
6,True,True,8.0,True,300,36,18,0.10148853728746389,0.7608093274367659,2710219.8896,0.0,14,4,6,22,12,14,14
12,True,False,,False,200,15,2,0.10050408780770095,0.7607616941863031,584465.8849,0.0,12,2,4,19,11,12,12
9,True,True,4.0,False,300,29,8,0.10108666429233708,0.7600886539299522,2703152.4738,0.0,13,3,5,21,11,13,13
6,False,True,4.0,False,200,22,4,0.10134550890879752,0.7593880968126653,1626551.104,0.0,14,4,6,22,12,14,14
9,True,True,12.0,True,200,36,8,0.10238301403294699,0.7581384179391468,2447147.9799,0.0,13,3,5,21,11,13,13
18,True,True,18.0,False,200,29,16,0.10279086267265437,0.7572477223524465,3202229.3689,0.0,10,0,2,17,9,11,11
6,True,False,,False,300,15,14,0.10166277860540153,0.7568129917094768,2609154.7304,0.0,14,4,6,22,12,14,14
6,True,True,18.0,True,300,36,14,0.10343980722094638,0.7568100701617784,2514260.8052,0.0,14,4,6,22,12,14,14
6,True,True,16.0,False,300,29,16,0.10327196245329069,0.7565474818531104,2583474.786,0.0,14,4,6,22,12,14,14
15,True,True,8.0,True,200,36,10,0.10217476883686158,0.7554343718116151,2781720.6551,0.0,11,1,3,18,10,11,11
9,True,True,18.0,True,300,36,20,0.10374044090677362,0.7548647608427596,2840599.1035,0.0,13,3,5,21,11,13,13
9,True,True,18.0,False,200,29,12,0.10387173663471021,0.754243873241541,2671665.6471,0.0,13,3,5,21,11,13,13
15,True,True,18.0,True,200,36,14,0.10357322773088898,0.7540663329146869,3008644.2247,0.0,11,1,3,18,10,11,11
6,True,True,16.0,True,300,36,18,0.10392299859942984,0.7534683116027648,2594873.5489,0.0,14,4,6,22,12,14,14
12,True,True,8.0,False,300,29,8,0.10271480355822629,0.7533845696851224,2421698.7795,0.0,12,2,4,19,11,12,12
15,True,True,18.0,False,200,29,14,0.10375904525958929,0.7531830973405043,3001967.1848,0.0,11,1,3,18,10,11,11
9,True,True,12.0,False,200,29,8,0.10345012928926352,0.753070405133263,2460482.9894,0.0,13,3,5,21,11,13,13
6,True,True,18.0,True,300,36,16,0.10428940095946465,0.7527988264327964,2579317.9905,0.0,14,4,6,22,12,14,14
21,False,True,4.0,True,200,29,8,0.10212172321771582,0.7524625577939407,2065290.4866,0.0,10,0,2,16,9,10,10
12,True,True,4.0,True,200,36,12,0.10260514562746371,0.7517404025693915,2977817.7239,0.0,12,2,4,19,11,12,12
18,True,True,18.0,True,200,36,18,0.10408716653639881,0.7510863780624708,3267114.948,0.0,10,0,2,17,9,11,11
6,True,True,16.0,True,200,36,6,0.10444983697981829,0.7509623874676512,1684150.7471,0.0,14,4,6,22,12,14,14
15,True,True,4.0,False,200,29,14,0.10266125622730794,0.7509253024937654,2934016.9045,0.0,11,1,3,18,10,11,11
6,True,True,16.0,True,300,36,20,0.10453005949413237,0.7505796947567657,2656712.1477,0.0,14,4,6,22,12,14,14
6,True,True,16.0,True,200,36,4,0.10495090711118124,0.7485672737001139,1062662.1529,0.0,14,4,6,22,12,14,14
21,True,True,16.0,True,200,36,18,0.10433385003407829,0.7482964308137431,3362618.6451,0.0,10,0,2,16,9,10,10
9,False,True,4.0,False,200,22,16,0.10358460822142718,0.7480852994611953,2908149.8971,0.0,13,3,5,21,11,13,13
12,True,False,,True,200,22,20,0.10323434615855467,0.7475870172745767,3136882.6214,0.0,12,2,4,19,11,12,12
9,True,True,12.0,True,300,36,10,0.10472795548702836,0.7469325326043341,2641553.39,0.0,13,3,5,21,11,13,13
12,True,True,12.0,True,300,36,8,0.10451710116050293,0.7468689632741614,2518372.4124,0.0,12,2,4,19,11,12,12
9,True,True,16.0,False,300,29,20,0.10523437877591026,0.7466607957368437,2884380.6938,0.0,13,3,5,21,11,13,13
18,True,True,18.0,True,200,36,16,0.10501191172665093,0.7466438672736895,3205103.5004,0.0,10,0,2,17,9,11,11
6,False,True,4.0,False,200,22,2,0.10428218212366076,0.7452417170187444,276044.3673,0.0,14,4,6,22,12,14,14
9,True,True,18.0,False,300,29,20,0.10577125866805852,0.7451733099096566,2853787.8525,0.0,13,3,5,21,11,13,13
12,True,False,,True,300,22,4,0.10373981950825291,0.7451091521137404,1247250.9123,0.0,12,2,4,19,11,12,12
6,True,True,8.0,True,300,36,12,0.10499506386334487,0.7439952534502234,2600538.5176,0.0,14,4,6,22,12,14,14
18,True,True,8.0,False,200,29,12,0.10461133158008758,0.743066628137497,2798068.9697,0.0,10,0,2,17,9,11,11
6,True,True,18.0,True,300,36,10,0.10644523632589205,0.7424730742274301,2493552.0036,0.0,14,4,6,22,12,14,14
6,True,False,,True,300,22,12,0.10464192168329359,0.7423513731241856,2672824.567,0.0,14,4,6,22,12,14,14
9,True,False,,True,200,22,2,0.10465195377761426,0.7417368486331988,305066.7629,0.0,13,3,5,21,11,13,13
12,True,True,4.0,True,200,36,8,0.10469947495161121,0.7415022470951969,2803074.4245,0.0,12,2,4,19,11,12,12
21,True,False,,False,200,15,10,0.10417573758386021,0.7413178201996373,3226423.4193,0.0,10,0,2,16,9,10,10
9,True,True,4.0,True,200,36,14,0.10506420729391686,0.7408372185963604,2931774.3479,0.0,13,3,5,21,11,13,13
18,True,True,16.0,False,200,29,16,0.10602899818110928,0.7406057264389612,3246166.817,0.0,10,0,2,17,9,11,11
21,False,True,4.0,False,200,22,8,0.10467726669033338,0.7399185499668968,2155475.1721,0.0,10,0,2,16,9,10,10
21,True,True,8.0,False,200,29,14,0.1056428443301953,0.7373988701350889,2919111.4896,0.0,10,0,2,16,9,10,10
15,True,True,8.0,True,200,36,12,0.10628314129353977,0.7353713529680233,2858208.0303,0.0,11,1,3,18,10,11,11
15,True,True,4.0,True,200,36,14,0.10600203573607456,0.7344508750126859,3004141.1208,0.0,11,1,3,18,10,11,11
12,True,True,4.0,False,200,29,14,0.1061254974400575,0.7344127375568786,2903494.9232,0.0,12,2,4,19,11,12,12
9,True,True,4.0,True,200,36,6,0.10639136549785516,0.734248440407697,2308393.2391,0.0,13,3,5,21,11,13,13
12,True,True,4.0,True,200,36,10,0.10646775658059524,0.7326969152901868,3010315.5652,0.0,12,2,4,19,11,12,12
6,True,True,8.0,False,300,29,16,0.10735000461407691,0.7323825745457192,2676507.7767,0.0,14,4,6,22,12,14,14
15,False,True,4.0,True,200,29,12,0.10641406444973672,0.7323824900265317,2976179.9551,0.0,11,1,3,18,10,11,11
6,True,True,12.0,False,200,29,16,0.10789801293315834,0.7319546216070646,2518808.4432,0.0,14,4,6,22,12,14,14
9,True,False,,True,300,22,6,0.10668841441893276,0.7315877786965008,2629060.7276,0.0,13,3,5,21,11,13,13
15,True,True,8.0,False,200,29,10,0.10709791625940547,0.7312984727991865,2914696.0088,0.0,11,1,3,18,10,11,11
9,True,True,16.0,True,200,36,14,0.10839008423277645,0.7312390135974864,2860150.4419,0.0,13,3,5,21,11,13,13
12,True,True,4.0,False,200,29,12,0.10690730123832502,0.7304852753597649,3045427.6181,0.0,12,2,4,19,11,12,12
21,True,True,8.0,True,200,36,14,0.10703564041648722,0.7304289546136082,2932758.5176,0.0,10,0,2,16,9,10,10
12,True,True,18.0,True,200,36,20,0.10865823148688458,0.7299075880286968,3138005.4814,0.0,12,2,4,19,11,12,12
12,False,True,4.0,False,200,22,14,0.10742938665063555,0.7278464792288699,2907675.6537,0.0,12,2,4,19,11,12,12
18,False,True,4.0,False,200,22,8,0.10743104427562772,0.7266476194308361,2615130.5315,0.0,10,0,2,17,9,11,11
15,False,True,4.0,False,200,22,12,0.10764022594803578,0.7261796857854526,2826939.4009,0.0,11,1,3,18,10,11,11
9,True,True,4.0,True,200,36,12,0.10806730796120116,0.725809930276412,3004421.2393,0.0,13,3,5,21,11,13,13
6,True,True,8.0,False,300,29,20,0.10876632028962835,0.7252744031850455,2750503.0589,0.0,14,4,6,22,12,14,14
12,True,True,4.0,True,200,36,16,0.10813938320321738,0.7242372883759847,3041354.11,0.0,12,2,4,19,11,12,12
12,True,True,4.0,False,200,29,10,0.1082040496528355,0.7239073821597454,3084266.1015,0.0,12,2,4,19,11,12,12
18,True,True,16.0,False,200,29,18,0.1094267702444373,0.7237144124283807,3346464.537,0.0,10,0,2,17,9,11,11
12,False,True,4.0,False,200,22,6,0.10831538718285422,0.7233389138805537,1935327.7323,0.0,12,2,4,19,11,12,12
15,True,True,16.0,False,200,29,18,0.10966206641495513,0.7231182822512588,3253053.9918,0.0,11,1,3,18,10,11,11
12,False,True,4.0,True,200,29,14,0.10839089432126374,0.7229530560872666,3015419.5476,0.0,12,2,4,19,11,12,12
15,True,True,16.0,False,200,29,16,0.10971848829990147,0.7228332938720512,3190483.9426,0.0,11,1,3,18,10,11,11
12,True,False,,False,300,15,4,0.10822274853446905,0.7226038782790117,1841120.7004,0.0,12,2,4,19,11,12,12
6,True,True,8.0,False,300,29,12,0.10956982771723651,0.7212003584522906,2614429.6753,0.0,14,4,6,22,12,14,14
21,True,True,4.0,False,200,29,14,0.1086454348747625,0.7198261518053519,2918903.7971,0.0,10,0,2,16,9,10,10
21,True,False,,True,200,22,12,0.108772217461011,0.7179868832040791,3353970.9372,0.0,10,0,2,16,9,10,10
21,True,False,,False,200,15,12,0.10912555784814869,0.7161517000221425,3286488.5987,0.0,10,0,2,16,9,10,10
6,True,True,12.0,True,200,36,20,0.11108949833643247,0.7158632286501867,2844617.2138,0.0,14,4,6,22,12,14,14
15,True,False,,True,200,22,14,0.10953978982515018,0.7151944575589453,3389593.9801,0.0,11,1,3,18,10,11,11
15,True,True,16.0,True,200,36,16,0.1113825460532054,0.7143621784461329,3208517.0391,0.0,11,1,3,18,10,11,11
12,True,True,12.0,False,300,29,8,0.11115279337820626,0.7137065256473649,2596453.3835,0.0,12,2,4,19,11,12,12
9,True,True,8.0,True,300,36,6,0.11097237387646458,0.7133971328264204,2194324.9239,0.0,13,3,5,21,11,13,13
18,True,True,16.0,True,200,36,16,0.11179158056033939,0.711643821558336,3267109.1979,0.0,10,0,2,17,9,11,11
12,True,True,4.0,False,200,29,16,0.11058533539292333,0.7116215232527121,2899573.3781,0.0,12,2,4,19,11,12,12
6,True,True,8.0,True,300,36,10,0.1116568889860168,0.710478180124877,2679788.9177,0.0,14,4,6,22,12,14,14
18,True,True,8.0,True,200,36,14,0.1112649485811885,0.7093436609351107,2978863.0952,0.0,10,0,2,17,9,11,11
9,True,True,12.0,False,300,29,10,0.11239958941316958,0.7084986852334503,2744064.5242,0.0,13,3,5,21,11,13,13
9,True,True,16.0,False,200,29,20,0.11291158337198315,0.7083485674278129,3064623.3509,0.0,13,3,5,21,11,13,13
15,True,True,18.0,False,200,29,18,0.11289435978751995,0.7078085831908326,3252348.2233,0.0,11,1,3,18,10,11,11
9,True,True,12.0,False,200,29,6,0.1126454648488554,0.7072219651683892,2061651.5521,0.0,13,3,5,21,11,13,13
9,True,True,8.0,True,300,36,8,0.11223726790489501,0.7068263385412239,2813698.903,0.0,13,3,5,21,11,13,13
6,True,False,,False,200,15,4,0.11178436643006003,0.7059788591444365,1755871.1303,0.0,14,4,6,22,12,14,14
12,True,True,18.0,True,200,36,14,0.11339343246782997,0.7058540166595753,2995669.5669,0.0,12,2,4,19,11,12,12
15,True,True,8.0,False,200,29,12,0.1121500761557042,0.7053494621012295,2935854.1344,0.0,11,1,3,18,10,11,11
6,True,True,12.0,True,300,36,12,0.11321077322488143,0.7049083346328873,2676322.2033,0.0,14,4,6,22,12,14,14
18,True,False,,False,200,15,6,0.11175292656015046,0.7029378278775428,2876672.1169,0.0,10,0,2,17,9,11,11
9,True,True,8.0,False,300,29,6,0.11305195253253525,0.7025548355789802,2272870.0199,0.0,13,3,5,21,11,13,13
6,True,True,4.0,True,300,36,6,0.11292391989367329,0.7012692129151827,2316700.9589,0.0,14,4,6,22,12,14,14
18,True,True,8.0,False,200,29,14,0.11315589262283154,0.6993803216682086,3009071.7761,0.0,10,0,2,17,9,11,11
12,True,True,8.0,False,200,29,8,0.11362031031612008,0.698236916699494,2737111.6347,0.0,12,2,4,19,11,12,12
6,True,False,,True,300,22,18,0.11333069193223491,0.6977881428343573,2742574.9781,0.0,14,4,6,22,12,14,14
18,True,True,16.0,True,200,36,18,0.11448087706036171,0.6976033579280931,3372126.8502,0.0,10,0,2,17,9,11,11
15,True,False,,True,200,22,12,0.11307291844655865,0.6965257595195901,3393722.1934,0.0,11,1,3,18,10,11,11
9,True,True,12.0,True,200,36,6,0.11475008276508344,0.6961794936323983,2120262.7527,0.0,13,3,5,21,11,13,13
9,True,True,12.0,True,300,36,6,0.11486801812602433,0.6955546645583892,2005408.4459,0.0,13,3,5,21,11,13,13
15,True,True,18.0,True,200,36,18,0.11540747169364644,0.6946549966246702,3274465.169,0.0,11,1,3,18,10,11,11
15,True,True,4.0,False,200,29,16,0.11373757616165758,0.6942796129457007,2965397.6405,0.0,11,1,3,18,10,11,11
12,True,True,8.0,True,200,36,8,0.11443915836110087,0.6938717021802516,2755557.3871,0.0,12,2,4,19,11,12,12
21,True,False,,False,200,15,6,0.11334447469001432,0.693779647648331,2871330.4229,0.0,10,0,2,16,9,10,10
21,True,False,,True,200,22,10,0.11338112450039252,0.693581583607938,3279786.5407,0.0,10,0,2,16,9,10,10
6,True,True,18.0,True,300,36,12,0.11636832222696107,0.6922204728713243,2708704.6606,0.0,14,4,6,22,12,14,14
15,True,True,4.0,True,200,36,16,0.11424084887685317,0.6915680880391817,3165322.2401,0.0,11,1,3,18,10,11,11
21,True,False,,False,200,15,8,0.11376023949453846,0.6915290015206113,3301791.8432,0.0,10,0,2,16,9,10,10
15,True,True,8.0,True,200,36,14,0.11517055051441139,0.689264424128063,3014763.5416,0.0,11,1,3,18,10,11,11
15,True,True,18.0,True,200,36,16,0.1167503316645937,0.6875077794581445,3203781.4334,0.0,11,1,3,18,10,11,11
9,True,True,8.0,False,200,29,6,0.11594109597173843,0.687157620341237,2394082.9703,0.0,13,3,5,21,11,13,13
6,True,False,,False,300,15,2,0.1156362606451962,0.6853668359116023,606155.5052,0.0,14,4,6,22,12,14,14
15,True,True,16.0,True,200,36,18,0.11705890331573598,0.684506560907638,3315938.904,0.0,11,1,3,18,10,11,11
12,True,True,16.0,False,200,29,18,0.11745421504554608,0.6830494532989011,3143536.1693,0.0,12,2,4,19,11,12,12
6,True,True,4.0,False,300,29,6,0.11631666866315793,0.6830490897227521,2491307.4996,0.0,14,4,6,22,12,14,14
12,True,False,,True,200,22,16,0.11571970481020018,0.6828403717502654,3382925.0281,0.0,12,2,4,19,11,12,12
15,True,True,18.0,False,200,29,16,0.11774019813770062,0.6821863919363091,3219001.0606,0.0,11,1,3,18,10,11,11
6,True,True,4.0,True,300,36,8,0.11654791140544168,0.6817876118453856,2802913.7229,0.0,14,4,6,22,12,14,14
6,True,True,18.0,True,200,36,10,0.11851048328936221,0.6807846838872231,2499058.2674,0.0,14,4,6,22,12,14,14
6,True,True,8.0,False,300,29,10,0.11729260729000746,0.6805142191329316,2744276.1155,0.0,14,4,6,22,12,14,14
15,False,True,4.0,True,200,29,10,0.11668079072740212,0.678252493214345,2944414.2519,0.0,11,1,3,18,10,11,11
9,True,True,4.0,False,200,29,8,0.11735818849222861,0.6766373535751095,3024436.5543,0.0,13,3,5,21,11,13,13
12,True,True,16.0,True,200,36,16,0.11866930318061755,0.6764576943519363,3123204.0606,0.0,12,2,4,19,11,12,12
9,True,True,4.0,False,200,29,12,0.11755184057597841,0.6755693153679287,3102103.4469,0.0,13,3,5,21,11,13,13
6,True,True,12.0,False,300,29,12,0.11891450285354815,0.6744249775064466,2711886.8244,0.0,14,4,6,22,12,14,14
6,True,True,4.0,False,300,29,4,0.11789566714007606,0.6743854662550346,1346239.6567,0.0,14,4,6,22,12,14,14
6,True,False,,True,300,22,8,0.11796721717195127,0.6725544533691241,2865957.4484,0.0,14,4,6,22,12,14,14
12,True,True,8.0,True,200,36,10,0.11972592773461933,0.6649338246506764,3024985.8059,0.0,12,2,4,19,11,12,12
9,True,True,4.0,True,200,36,10,0.11953214812041961,0.6645463631914119,3159619.1112,0.0,13,3,5,21,11,13,13
6,True,True,4.0,True,300,36,4,0.11990937910586913,0.663167180210714,1332142.7641,0.0,14,4,6,22,12,14,14
15,True,True,8.0,False,200,29,14,0.12003647965204998,0.6624527352649254,3034729.3741,0.0,11,1,3,18,10,11,11
12,True,True,4.0,False,200,29,20,0.11981711951545658,0.6614634890726239,2399376.1468,0.0,12,2,4,19,11,12,12
6,True,False,,False,300,15,10,0.12010085936320532,0.6606024922195943,2953953.7464,0.0,14,4,6,22,12,14,14
6,True,False,,False,300,15,12,0.12022332478981906,0.6599099800727698,2958747.4969,0.0,14,4,6,22,12,14,14
9,True,False,,True,300,22,4,0.12015261830377938,0.6595649689805316,1805846.9528,0.0,13,3,5,21,11,13,13
12,True,True,18.0,False,200,29,14,0.12201592331185766,0.6594192166416442,3066712.3138,0.0,12,2,4,19,11,12,12
9,True,True,18.0,False,200,29,20,0.12251515604315943,0.6581077916835765,3098659.8996,0.0,13,3,5,21,11,13,13
9,True,True,8.0,False,300,29,8,0.1212323135160259,0.6579515993913165,2885744.1803,0.0,13,3,5,21,11,13,13
18,True,False,,False,200,15,8,0.120307004901241,0.6557203348380749,3301830.6691,0.0,10,0,2,17,9,11,11
9,True,True,4.0,False,200,29,14,0.12164741553874282,0.6525687897879383,3008387.3959,0.0,13,3,5,21,11,13,13
9,True,True,4.0,False,200,29,10,0.12193747363592188,0.6509099731110337,3203401.8356,0.0,13,3,5,21,11,13,13
6,True,True,16.0,True,200,36,12,0.12391048761119988,0.649518141384535,2740209.1757,0.0,14,4,6,22,12,14,14
12,True,True,16.0,True,200,36,18,0.12364475620686229,0.6487586021945254,3223312.2105,0.0,12,2,4,19,11,12,12
6,True,True,4.0,False,300,29,8,0.12251898466713095,0.6483465595286368,2926737.9892,0.0,14,4,6,22,12,14,14
18,True,False,,True,200,22,6,0.12206959575199366,0.6455585090871206,2988834.3994,0.0,10,0,2,17,9,11,11
12,True,True,8.0,True,200,36,12,0.12325630169379664,0.6448822081488151,3028975.6492,0.0,12,2,4,19,11,12,12
9,True,True,4.0,True,200,36,8,0.12321390978424518,0.643563202176319,3106679.8494,0.0,13,3,5,21,11,13,13
12,True,True,16.0,False,200,29,16,0.12458464246329082,0.6433983798355345,3154087.3307,0.0,12,2,4,19,11,12,12
9,True,False,,False,200,15,2,0.1229989916025187,0.6432443445581711,1219706.927,0.0,13,3,5,21,11,13,13
9,True,False,,False,300,15,4,0.12304858010272411,0.6429566260358279,2280908.902,0.0,13,3,5,21,11,13,13
6,True,False,,False,300,15,8,0.12383694852374451,0.6391581480986502,3014451.3304,0.0,14,4,6,22,12,14,14
9,True,True,8.0,True,200,36,6,0.12478225787301511,0.6376264776834427,2596569.1808,0.0,13,3,5,21,11,13,13
15,False,True,4.0,False,200,22,10,0.12405012354832032,0.6363271622872801,2999651.8968,0.0,11,1,3,18,10,11,11
9,True,True,18.0,True,200,36,14,0.12660056846225876,0.6349260205017442,2997509.3009,0.0,13,3,5,21,11,13,13
9,True,True,4.0,True,200,36,16,0.1252540875390589,0.6316617070403769,3198227.9699,0.0,13,3,5,21,11,13,13
6,True,True,8.0,False,200,29,4,0.12656157762235978,0.6280247767948441,1825468.4871,0.0,14,4,6,22,12,14,14
6,True,True,18.0,False,200,29,10,0.1279913035079955,0.6276673625979678,2614037.1335,0.0,14,4,6,22,12,14,14
6,True,False,,False,300,15,6,0.1258582999557469,0.6272821936360456,2964032.3521,0.0,14,4,6,22,12,14,14
12,True,True,18.0,True,200,36,16,0.12787769784989955,0.6259094503235879,3146451.5401,0.0,12,2,4,19,11,12,12
12,True,True,18.0,True,200,36,18,0.1279153788908688,0.6256889552977916,3219820.7515,0.0,12,2,4,19,11,12,12
6,True,True,18.0,True,300,36,18,0.1283568708327348,0.6255374205763065,2874608.4922,0.0,14,4,6,22,12,14,14
9,True,True,16.0,True,200,36,20,0.12820560728774108,0.6239884727186208,3187359.6233,0.0,13,3,5,21,11,13,13
6,True,False,,True,200,22,4,0.12655082406514728,0.6231692158291078,2107092.6175,0.0,14,4,6,22,12,14,14
12,True,True,8.0,False,200,29,10,0.12728833040464052,0.621268571040687,3120771.676,0.0,12,2,4,19,11,12,12
21,True,True,4.0,True,200,36,14,0.12644309053481198,0.6205148072218207,3276650.3673,0.0,10,0,2,16,9,10,10
15,True,False,,False,200,15,14,0.12651581378095525,0.6200781628590173,3465484.0069,0.0,11,1,3,18,10,11,11
6,True,True,8.0,False,300,29,18,0.12805920390785416,0.6191693896175449,3009538.2313,0.0,14,4,6,22,12,14,14
15,True,False,,False,200,15,12,0.12667381775234668,0.6191286113031516,3461961.8669,0.0,11,1,3,18,10,11,11
12,False,True,4.0,True,200,29,12,0.1270919670198052,0.6191061439615274,3159473.4447,0.0,12,2,4,19,11,12,12
18,True,True,4.0,False,200,29,14,0.12686170991776893,0.6188250189086826,3116538.473,0.0,10,0,2,17,9,11,11
18,True,False,,False,200,15,10,0.12736488335280363,0.6141407228741019,3409945.8127,0.0,10,0,2,17,9,11,11
12,True,True,18.0,False,200,29,18,0.1302071802361803,0.6121560809001488,3215000.5769,0.0,12,2,4,19,11,12,12
18,True,False,,True,200,22,12,0.12783383178410815,0.6112940791689435,3459730.3806,0.0,10,0,2,17,9,11,11
15,False,True,4.0,True,200,29,8,0.12876859798093623,0.6081350705452813,2796485.3883,0.0,11,1,3,18,10,11,11
15,True,True,4.0,False,200,29,18,0.1288157647507486,0.6078479448284033,3026166.8882,0.0,11,1,3,18,10,11,11
9,True,False,,True,200,22,16,0.1296746598207307,0.60346822016935,3378590.8917,0.0,13,3,5,21,11,13,13
9,True,True,12.0,True,300,36,8,0.13112164751474048,0.6033021349906329,2911398.3331,0.0,13,3,5,21,11,13,13
6,True,True,18.0,True,300,36,20,0.13275932834583457,0.5994098414671237,2918137.7737,0.0,14,4,6,22,12,14,14
21,True,False,,True,200,22,8,0.1299251159381052,0.5976355803156916,3418191.6602,0.0,10,0,2,16,9,10,10
9,True,True,18.0,False,200,29,14,0.13302996904366288,0.5969039444673757,3039490.7063,0.0,13,3,5,21,11,13,13
21,True,False,,False,200,15,14,0.1303430371273722,0.5950429012252467,3511532.2999,0.0,10,0,2,16,9,10,10
21,True,False,,True,200,22,6,0.1306125793897845,0.5933663112629564,3065572.8883,0.0,10,0,2,16,9,10,10
12,True,True,18.0,False,200,29,16,0.1333733461956324,0.5930648418727955,3183535.7013,0.0,12,2,4,19,11,12,12
12,True,True,8.0,False,200,29,12,0.13199499613733626,0.5927424899682914,3086033.5273,0.0,12,2,4,19,11,12,12
9,True,True,4.0,False,200,29,16,0.13191418665692792,0.5914492010177039,3037329.0512,0.0,13,3,5,21,11,13,13
9,True,True,12.0,False,300,29,6,0.13311417320758834,0.5911540816489886,2382159.7504,0.0,13,3,5,21,11,13,13
12,True,True,8.0,True,200,36,14,0.13282588528708567,0.5875990996759369,3119246.1381,0.0,12,2,4,19,11,12,12
18,True,True,4.0,True,200,36,14,0.132192618629983,0.5861169152979577,3277479.5299,0.0,10,0,2,17,9,11,11
9,True,True,18.0,True,200,36,20,0.13494853373820448,0.5851931604040054,3183708.0785,0.0,13,3,5,21,11,13,13
12,True,False,,True,200,22,18,0.13305218378626296,0.5807169750933501,3532197.6068,0.0,12,2,4,19,11,12,12
15,True,False,,False,200,15,10,0.13316072419339656,0.5791213199322518,3511962.3201,0.0,11,1,3,18,10,11,11
6,True,True,8.0,True,200,36,4,0.1348398507132338,0.5777722436176467,2015314.5226,0.0,14,4,6,22,12,14,14
9,True,True,8.0,True,200,36,10,0.13564685159408274,0.5717767786299625,3169353.4056,0.0,13,3,5,21,11,13,13
9,True,True,16.0,False,200,29,14,0.13696318438634683,0.5708641388064284,3096509.9518,0.0,13,3,5,21,11,13,13
6,True,True,12.0,False,200,29,4,0.13688008399037768,0.568618063024958,1997873.6685,0.0,14,4,6,22,12,14,14
15,True,False,,True,200,22,10,0.13481507892677283,0.5685985796968516,3512032.0783,0.0,11,1,3,18,10,11,11
9,True,True,12.0,False,300,29,8,0.1368668114483953,0.5677775032062045,2988884.2004,0.0,13,3,5,21,11,13,13
12,False,True,4.0,False,200,22,12,0.1358396088316869,0.5648684144763831,3138500.7182,0.0,12,2,4,19,11,12,12
21,True,True,4.0,False,200,29,16,0.13567526630205243,0.5630759050027481,3144612.6779,0.0,10,0,2,16,9,10,10
9,True,True,8.0,True,200,36,12,0.1371228465357981,0.5624069473613177,3143999.7565,0.0,13,3,5,21,11,13,13
9,False,True,4.0,True,200,29,14,0.13714754324531173,0.5583897746473083,3321734.7366,0.0,13,3,5,21,11,13,13
18,True,False,,True,200,22,10,0.13673600050162232,0.5552711664214651,3481022.6847,0.0,10,0,2,17,9,11,11
15,True,True,8.0,True,200,36,16,0.13797683161415003,0.5540148189089796,3317828.1963,0.0,11,1,3,18,10,11,11
15,False,True,4.0,False,200,22,8,0.13759786445064798,0.5525548033658481,2981365.2081,0.0,11,1,3,18,10,11,11
6,True,True,12.0,True,300,36,10,0.13950715410191664,0.5519005727351562,2867627.4545,0.0,14,4,6,22,12,14,14
6,True,False,,True,200,22,2,0.13853626315946216,0.5484109976755182,961553.1112,0.0,14,4,6,22,12,14,14
6,True,False,,True,300,22,6,0.1386426900156129,0.5477168883127936,3006247.3526,0.0,14,4,6,22,12,14,14
6,True,True,18.0,False,300,29,16,0.1418576010769893,0.5426218588815401,2951699.6898,0.0,14,4,6,22,12,14,14
9,True,True,8.0,True,200,36,8,0.14030959839456894,0.5418311689117261,3152419.4475,0.0,13,3,5,21,11,13,13
6,False,True,4.0,True,200,29,6,0.1400909474773978,0.5402431191557686,2775603.1795,0.0,14,4,6,22,12,14,14
6,True,True,16.0,False,200,29,12,0.14209127731515536,0.5391238355875784,2910950.9396,0.0,14,4,6,22,12,14,14
18,True,False,,True,200,22,8,0.13985789487457723,0.5347316441747882,3472416.0456,0.0,10,0,2,17,9,11,11
18,True,False,,False,200,15,12,0.14081597466890083,0.5283352796609198,3497064.3387,0.0,10,0,2,17,9,11,11
15,True,False,,False,200,15,8,0.1412410732006608,0.5264927340197485,3544880.5047,0.0,11,1,3,18,10,11,11
15,True,False,,False,200,15,6,0.1426547789800265,0.5169664678718331,3301679.9324,0.0,11,1,3,18,10,11,11
9,True,True,16.0,True,200,36,16,0.1455771391665109,0.5151878672374942,3195950.1506,0.0,13,3,5,21,11,13,13
18,True,True,8.0,False,200,29,16,0.14395421481741522,0.5134675336094445,3412652.4725,0.0,10,0,2,17,9,11,11
9,False,True,4.0,False,200,22,14,0.14427639874666223,0.5112872798904824,3330253.2325,0.0,13,3,5,21,11,13,13
6,False,True,4.0,True,200,29,20,0.14463495806921126,0.5099339235522035,3247969.4195,0.0,14,4,6,22,12,14,14
9,True,True,8.0,False,200,29,8,0.14512405177877047,0.5098493665313296,3159347.0846,0.0,13,3,5,21,11,13,13
9,True,True,18.0,True,200,36,16,0.1467005933762146,0.5097999972557716,3150291.8911,0.0,13,3,5,21,11,13,13
9,False,True,4.0,True,200,29,12,0.14450100956340534,0.5097644305572893,3342686.6384,0.0,13,3,5,21,11,13,13
12,True,True,8.0,False,200,29,14,0.1449961233349039,0.5085640216609477,3147310.6737,0.0,12,2,4,19,11,12,12
21,True,True,8.0,False,200,29,16,0.1449603181196664,0.5055587611912336,3443610.1282,0.0,10,0,2,16,9,10,10
12,False,True,4.0,True,200,29,10,0.1448468126165567,0.5052501736755197,3205293.9811,0.0,12,2,4,19,11,12,12
12,True,False,,False,200,15,14,0.14455302787792007,0.5050997742053651,3511328.1197,0.0,12,2,4,19,11,12,12
6,True,True,12.0,True,200,36,8,0.146983706639361,0.5025839200348847,2889513.3691,0.0,14,4,6,22,12,14,14
9,True,True,18.0,False,200,29,18,0.14819219361538538,0.49978095605254114,3213211.8109,0.0,13,3,5,21,11,13,13
9,True,True,18.0,True,200,36,18,0.14874224195973737,0.4960607157273217,3205339.2263,0.0,13,3,5,21,11,13,13
9,True,True,8.0,True,200,36,14,0.14724148666492673,0.4954419198027795,3218107.1491,0.0,13,3,5,21,11,13,13
21,True,True,8.0,True,200,36,16,0.14687261281657155,0.4924275273116523,3487218.3061,0.0,10,0,2,16,9,10,10
9,True,True,16.0,False,200,29,18,0.1493044157774912,0.49004433139736114,3251853.7907,0.0,13,3,5,21,11,13,13
9,True,True,16.0,True,200,36,18,0.1501931773206618,0.4839550546887741,3263499.2131,0.0,13,3,5,21,11,13,13
9,True,False,,True,200,22,20,0.14807438445994317,0.4829558407097282,3481228.673,0.0,13,3,5,21,11,13,13
9,True,True,18.0,False,200,29,16,0.15126032551350746,0.478853734835459,3186780.0977,0.0,13,3,5,21,11,13,13
9,True,False,,True,200,22,18,0.14910318119127328,0.4757462043349888,3517386.9445,0.0,13,3,5,21,11,13,13
15,True,True,8.0,False,200,29,16,0.1500431369227754,0.47259971132488876,3357387.9236,0.0,11,1,3,18,10,11,11
6,True,True,12.0,False,300,29,10,0.15142202775140554,0.47209041722550216,3008807.9249,0.0,14,4,6,22,12,14,14
12,True,False,,True,200,22,12,0.14942211017782536,0.47119811263414046,3586208.6444,0.0,12,2,4,19,11,12,12
18,True,True,8.0,True,200,36,16,0.1508770795005791,0.465546908149134,3496261.5295,0.0,10,0,2,17,9,11,11
18,True,False,,True,200,22,14,0.14999601037069724,0.46483345375097906,3655068.3348,0.0,10,0,2,17,9,11,11
18,True,False,,False,200,15,14,0.1502505070394949,0.46301589012529043,3572383.2753,0.0,10,0,2,17,9,11,11
6,True,True,12.0,False,200,29,8,0.15306808055385782,0.46055061458684676,2908090.6313,0.0,14,4,6,22,12,14,14
6,True,True,12.0,True,200,36,4,0.15342619095965487,0.458023524450349,2253406.548,0.0,14,4,6,22,12,14,14
15,True,True,4.0,False,200,29,20,0.15157503049134868,0.4570350548909843,3049179.6366,0.0,11,1,3,18,10,11,11
6,True,True,4.0,False,200,29,6,0.15224961140106913,0.4569741822942376,3017421.3355,0.0,14,4,6,22,12,14,14
9,True,True,8.0,False,200,29,10,0.15315515081978165,0.4540988708431605,3261876.0255,0.0,13,3,5,21,11,13,13
6,True,True,8.0,True,300,36,8,0.15423268253588424,0.4475880333000366,3131140.5855,0.0,14,4,6,22,12,14,14
12,True,True,8.0,True,200,36,16,0.15374979582949738,0.4474351411910348,3282113.2911,0.0,12,2,4,19,11,12,12
12,False,True,4.0,False,200,22,10,0.15352701495319515,0.444175896058321,3240448.9323,0.0,12,2,4,19,11,12,12
6,True,False,,True,300,22,4,0.15375143185427348,0.44376955384914507,2402712.6061,0.0,14,4,6,22,12,14,14
6,True,True,4.0,True,200,36,12,0.15434611683057692,0.4419160820614796,3304000.62,0.0,14,4,6,22,12,14,14
9,True,True,16.0,False,200,29,16,0.15651628614588675,0.43958959850739765,3237430.6609,0.0,13,3,5,21,11,13,13
6,True,True,8.0,False,300,29,8,0.15617658327506595,0.43357542394092285,3123920.748,0.0,14,4,6,22,12,14,14
21,True,False,,True,200,22,14,0.1543930149538269,0.43181647076023366,3713916.627,0.0,10,0,2,16,9,10,10
15,True,False,,True,200,22,6,0.15560061622804328,0.425318449013095,3341613.944,0.0,11,1,3,18,10,11,11
9,False,True,4.0,False,200,22,12,0.156666059146975,0.4237474048708919,3363243.7127,0.0,13,3,5,21,11,13,13
6,True,True,16.0,True,200,36,14,0.1592107970571424,0.4213786631537396,3093425.2723,0.0,14,4,6,22,12,14,14
6,True,True,18.0,True,200,36,12,0.16006534813328063,0.4176758123395097,3002998.8139,0.0,14,4,6,22,12,14,14
6,True,True,4.0,True,200,36,14,0.15935114331284192,0.4051349410291577,3339539.2939,0.0,14,4,6,22,12,14,14
6,True,True,16.0,False,200,29,20,0.16144370829260826,0.4050346683122694,3186142.8943,0.0,14,4,6,22,12,14,14
6,True,True,8.0,True,300,36,6,0.16006697474129178,0.4050044368502419,2863653.4158,0.0,14,4,6,22,12,14,14
12,True,True,4.0,False,200,29,18,0.1595005119525511,0.4000819522265898,3143983.5507,0.0,12,2,4,19,11,12,12
9,True,True,8.0,False,200,29,12,0.1613246519674884,0.3943074223621589,3262623.3922,0.0,13,3,5,21,11,13,13
6,True,True,12.0,True,300,36,6,0.16222383641327237,0.3940863091376534,2650347.0533,0.0,14,4,6,22,12,14,14
6,True,True,8.0,False,300,29,6,0.1622723073341681,0.38849631811877616,2858916.1948,0.0,14,4,6,22,12,14,14
15,True,False,,True,200,22,8,0.16072594481621438,0.38683606195518405,3634253.6625,0.0,11,1,3,18,10,11,11
12,False,True,4.0,True,200,29,8,0.16299483446638502,0.37350811911906223,3135460.442,0.0,12,2,4,19,11,12,12
12,True,False,,True,200,22,14,0.16357140777954737,0.3663082563102984,3651860.061,0.0,12,2,4,19,11,12,12
6,True,True,16.0,False,300,29,18,0.16791986287752056,0.35634439852879163,3156149.9462,0.0,14,4,6,22,12,14,14
6,True,True,4.0,False,200,29,12,0.16582387805270055,0.3558274301122185,3329681.0524,0.0,14,4,6,22,12,14,14
6,True,True,18.0,False,300,29,20,0.1692179195158204,0.3491770112897358,3126491.4768,0.0,14,4,6,22,12,14,14
6,True,True,4.0,True,200,36,6,0.16714217374678605,0.34554440532708053,3087276.1923,0.0,14,4,6,22,12,14,14
18,True,True,4.0,False,200,29,16,0.1663475788860653,0.3446153967088116,3315044.1345,0.0,10,0,2,17,9,11,11
6,True,False,,False,300,15,4,0.16696945699422727,0.3440201659318878,2810881.3223,0.0,14,4,6,22,12,14,14
6,True,True,18.0,False,300,29,18,0.17022315100825378,0.3414216746027674,3116669.2533,0.0,14,4,6,22,12,14,14
6,True,True,16.0,False,300,29,20,0.17012994702760686,0.3392899014391595,3176446.1521,0.0,14,4,6,22,12,14,14
9,False,True,4.0,True,200,29,10,0.16843128320427359,0.33394733439696866,3389074.612,0.0,13,3,5,21,11,13,13
9,True,True,8.0,True,200,36,16,0.16939951941134343,0.3321558505046772,3317850.6456,0.0,13,3,5,21,11,13,13
6,True,True,12.0,False,200,29,6,0.17145343832614074,0.32317899592878097,2830471.4926,0.0,14,4,6,22,12,14,14
6,True,True,16.0,False,200,29,14,0.1723994181311079,0.3215450700014847,3142933.9028,0.0,14,4,6,22,12,14,14
6,False,True,4.0,False,200,22,20,0.17090946381026506,0.31570980689125794,3095335.71,0.0,14,4,6,22,12,14,14
6,True,True,4.0,True,200,36,10,0.17141111089920513,0.3116869054607687,3421320.1016,0.0,14,4,6,22,12,14,14
9,True,False,,False,200,15,14,0.17113077686232575,0.3094040798146842,3537246.5808,0.0,13,3,5,21,11,13,13
12,True,False,,True,200,22,10,0.17171734397608673,0.30162032631716695,3645330.7516,0.0,12,2,4,19,11,12,12
9,True,True,8.0,False,200,29,14,0.17372333450925848,0.29762815944380716,3321782.4118,0.0,13,3,5,21,11,13,13
12,True,True,8.0,False,200,29,16,0.17420349527837978,0.2906380397755277,3339291.5623,0.0,12,2,4,19,11,12,12
12,False,True,4.0,False,200,22,8,0.1734845817247164,0.2902759350836578,3272212.1418,0.0,12,2,4,19,11,12,12
6,True,True,12.0,True,200,36,6,0.17638142316409045,0.2837129242998546,2863786.8148,0.0,14,4,6,22,12,14,14
6,True,False,,False,200,15,2,0.1745941540251856,0.28274131586539275,2234768.8801,0.0,14,4,6,22,12,14,14
6,True,True,4.0,False,200,29,10,0.17560382815057918,0.27760280476650145,3435044.3261,0.0,14,4,6,22,12,14,14
6,False,True,4.0,True,200,29,14,0.17584788649642033,0.27559340002598687,3441588.2089,0.0,14,4,6,22,12,14,14
15,True,True,4.0,True,200,36,20,0.17545580754936854,0.2724682370392072,3451908.094,0.0,11,1,3,18,10,11,11
6,True,True,16.0,True,200,36,20,0.17897896612537328,0.26877100934022946,3268493.4803,0.0,14,4,6,22,12,14,14
18,True,True,8.0,False,200,29,18,0.1766237106648256,0.2675785324867397,3548872.1111,0.0,10,0,2,17,9,11,11
9,False,True,4.0,False,200,22,10,0.17685495444053817,0.26565943819304605,3405448.6266,0.0,13,3,5,21,11,13,13
9,False,True,4.0,False,200,22,6,0.1769366487625741,0.264980856013568,3205720.8662,0.0,13,3,5,21,11,13,13
12,True,False,,False,200,15,12,0.17660676294485889,0.26128328395582345,3668791.9915,0.0,12,2,4,19,11,12,12
12,True,False,,False,200,15,10,0.17680333773943155,0.2596378894071858,3659567.2408,0.0,12,2,4,19,11,12,12
12,True,False,,False,200,15,8,0.17769211442144098,0.2521756945441388,3658664.7508,0.0,12,2,4,19,11,12,12
9,True,True,4.0,False,200,29,20,0.17859844225166446,0.2511093830177413,3034854.9438,0.0,13,3,5,21,11,13,13
12,True,False,,False,200,15,6,0.17839257524862998,0.24626823957863997,3517758.3307,0.0,12,2,4,19,11,12,12
6,True,True,4.0,False,200,29,8,0.17949420142138817,0.24523989012746883,3408788.6902,0.0,14,4,6,22,12,14,14
9,True,True,4.0,False,200,29,18,0.18001414610202407,0.23918980172963256,3195782.6406,0.0,13,3,5,21,11,13,13
9,False,True,4.0,True,200,29,8,0.18026833823000957,0.23703965399139593,3394769.756,0.0,13,3,5,21,11,13,13
18,True,True,8.0,True,200,36,18,0.18115639712101533,0.22950396971691167,3608419.5353,0.0,10,0,2,17,9,11,11
6,False,True,4.0,False,200,22,18,0.18306204614162866,0.21493662464505858,3434870.4442,0.0,14,4,6,22,12,14,14
12,True,False,,True,200,22,6,0.18226637503004195,0.21317821037175544,3478406.972,0.0,12,2,4,19,11,12,12
6,True,True,18.0,False,200,29,12,0.1860833538175001,0.2129809727828077,3130806.7136,0.0,14,4,6,22,12,14,14
18,True,True,8.0,False,200,29,20,0.1836349523380008,0.20827611114250522,3626604.8021,0.0,10,0,2,17,9,11,11
6,True,True,12.0,False,300,29,8,0.18571549861945572,0.2058953712664925,3136801.3545,0.0,14,4,6,22,12,14,14
21,True,True,4.0,False,200,29,18,0.18306264165644612,0.2045661288413031,3440500.2015,0.0,10,0,2,16,9,10,10
6,True,True,8.0,False,200,29,6,0.18674935276624008,0.19010547306762648,3168014.7154,0.0,14,4,6,22,12,14,14
6,False,True,4.0,True,200,29,16,0.1860355256200324,0.18922590538822126,3495711.4602,0.0,14,4,6,22,12,14,14
6,False,True,4.0,True,200,29,18,0.18631352136814208,0.18680099054028165,3504539.017,0.0,14,4,6,22,12,14,14
6,True,True,12.0,True,300,36,8,0.18809365152061713,0.18542757281612465,3159187.6768,0.0,14,4,6,22,12,14,14
6,True,True,4.0,False,200,29,14,0.18669849015469261,0.1834369871278032,3378791.6492,0.0,14,4,6,22,12,14,14
6,True,True,16.0,True,200,36,16,0.19098166047907775,0.16740702699595633,3257317.1472,0.0,14,4,6,22,12,14,14
6,True,True,12.0,False,300,29,6,0.1918250412205069,0.15278813267833447,2938804.1997,0.0,14,4,6,22,12,14,14
6,True,True,4.0,True,200,36,8,0.19041846217073127,0.15057272991841375,3443722.2866,0.0,14,4,6,22,12,14,14
6,False,True,4.0,False,200,22,16,0.19174164356457224,0.13872669996689835,3473140.1121,0.0,14,4,6,22,12,14,14
6,True,True,16.0,False,200,29,18,0.1942508406431492,0.138658791967194,3275865.7551,0.0,14,4,6,22,12,14,14
9,True,True,4.0,True,200,36,18,0.19371246004615936,0.11899541431589367,3519381.3287,0.0,13,3,5,21,11,13,13
12,True,True,4.0,True,200,36,18,0.19340303674535256,0.1179476883526307,3567086.7187,0.0,12,2,4,19,11,12,12
6,True,True,18.0,True,200,36,14,0.1973380395463636,0.11490109951576133,3204472.056,0.0,14,4,6,22,12,14,14
21,True,True,8.0,True,200,36,18,0.19446606053578241,0.11017612971383339,3670466.1747,0.0,10,0,2,16,9,10,10
9,True,False,,True,200,22,14,0.19443966125578774,0.10846689114509267,3659286.7171,0.0,13,3,5,21,11,13,13
21,True,True,4.0,True,200,36,16,0.1942309845948953,0.10454935549047528,3642776.2594,0.0,10,0,2,16,9,10,10
9,True,False,,True,200,22,12,0.19517765936131554,0.101686398222672,3637272.9753,0.0,13,3,5,21,11,13,13
6,True,True,8.0,True,200,36,12,0.196988279880897,0.09886256953082095,3388192.0133,0.0,14,4,6,22,12,14,14
6,True,True,16.0,True,200,36,18,0.20101193636828232,0.07765562054763142,3305886.3709,0.0,14,4,6,22,12,14,14
18,True,True,4.0,False,200,29,18,0.198205689724125,0.06954472925250244,3415242.4302,0.0,10,0,2,17,9,11,11
18,True,True,8.0,True,200,36,20,0.1991804400464951,0.06855668299968465,3707960.884,0.0,10,0,2,17,9,11,11
6,True,True,8.0,True,200,36,10,0.20043006288845,0.06709809702886782,3405242.1657,0.0,14,4,6,22,12,14,14
21,True,True,8.0,False,200,29,18,0.2002677527387138,0.05629019338867591,3636516.4994,0.0,10,0,2,16,9,10,10
6,True,True,8.0,True,200,36,6,0.20210527037831807,0.05143841761438894,3167603.89,0.0,14,4,6,22,12,14,14
12,True,False,,True,200,22,8,0.2005271501890566,0.04762139710173163,3714341.0433,0.0,12,2,4,19,11,12,12
6,True,True,16.0,False,200,29,16,0.20471355047240034,0.04337309229833175,3283590.3938,0.0,14,4,6,22,12,14,14
9,False,True,4.0,False,200,22,8,0.20320062222286886,0.030577438386219735,3478287.0334,0.0,13,3,5,21,11,13,13
18,True,True,4.0,False,200,29,20,0.2025326904515629,0.028476008763051563,3307227.4752,0.0,10,0,2,17,9,11,11
9,True,False,,True,200,22,6,0.20312343951460193,0.027055990569691102,3538501.2116,0.0,13,3,5,21,11,13,13
6,True,True,18.0,False,200,29,14,0.20765927379943316,0.01989445939234269,3236114.3116,0.0,14,4,6,22,12,14,14
9,True,False,,False,200,15,6,0.20417921232084638,0.016915581526940726,3558786.0738,0.0,13,3,5,21,11,13,13
9,True,True,8.0,False,200,29,16,0.20688947064751362,0.0038435419653195524,3388923.8895,0.0,13,3,5,21,11,13,13
6,True,True,18.0,False,200,29,20,0.20961869367110653,0.0013111462579736832,3296243.909,0.0,14,4,6,22,12,14,14
15,True,True,8.0,False,200,29,18,0.20654828547776122,0.0005725321314590248,3574140.5452,0.0,11,1,3,18,10,11,11
9,True,True,8.0,True,200,36,20,0.20807176122434307,-0.007574260636986185,3485315.7423,0.0,13,3,5,21,11,13,13
15,True,True,8.0,True,200,36,18,0.20773949090972815,-0.010988507163928185,3643776.4712,0.0,11,1,3,18,10,11,11
6,True,True,18.0,True,200,36,20,0.21483866652321962,-0.04904732011677315,3312439.7545,0.0,14,4,6,22,12,14,14
9,True,False,,False,200,15,8,0.21121553164558718,-0.052009026063636554,3671165.0325,0.0,13,3,5,21,11,13,13
9,True,False,,True,200,22,10,0.21159656061792456,-0.05580805991623983,3673940.5598,0.0,13,3,5,21,11,13,13
6,True,True,4.0,True,200,36,16,0.21283385628545728,-0.061181134504930235,3541169.1536,0.0,14,4,6,22,12,14,14
12,True,True,4.0,True,200,36,20,0.2142442744158072,-0.08239608672736387,3515630.5533,0.0,12,2,4,19,11,12,12
9,True,True,4.0,True,200,36,20,0.21492438701557165,-0.08451221909513174,3468207.8594,0.0,13,3,5,21,11,13,13
6,True,True,8.0,True,200,36,8,0.21741035811278847,-0.0976672739896951,3424282.4329,0.0,14,4,6,22,12,14,14
6,True,True,18.0,False,200,29,18,0.22070555284382096,-0.10712511381982037,3302963.5111,0.0,14,4,6,22,12,14,14
15,True,True,8.0,False,200,29,20,0.21754024920843365,-0.10863181094882535,3637330.1069,0.0,11,1,3,18,10,11,11
6,True,True,18.0,True,200,36,16,0.22223570161340536,-0.12252969769341115,3291085.9653,0.0,14,4,6,22,12,14,14
6,True,True,18.0,False,200,29,16,0.22329799447892132,-0.133286792663466,3289784.9188,0.0,14,4,6,22,12,14,14
6,True,True,8.0,False,200,29,8,0.2210175255292962,-0.13439336617043396,3427260.4659,0.0,14,4,6,22,12,14,14
6,True,True,8.0,False,200,29,10,0.22159902736155992,-0.14037044512263108,3448905.8564,0.0,14,4,6,22,12,14,14
9,True,True,8.0,True,200,36,18,0.22200310212779686,-0.1470143837873894,3507079.6547,0.0,13,3,5,21,11,13,13
21,True,True,4.0,False,200,29,20,0.221962543737545,-0.1694024961973053,3451086.3395,0.0,10,0,2,16,9,10,10
6,True,True,18.0,True,200,36,18,0.22726200285154724,-0.17388037473238116,3310415.1642,0.0,14,4,6,22,12,14,14
6,True,True,8.0,True,200,36,14,0.22528394175035735,-0.1786116405302356,3454423.0429,0.0,14,4,6,22,12,14,14
21,True,True,8.0,True,200,36,20,0.22492491806215878,-0.19039627975624374,3765020.408,0.0,10,0,2,16,9,10,10
6,False,True,4.0,False,200,22,14,0.22677368905537798,-0.20474025675986285,3580662.3255,0.0,14,4,6,22,12,14,14
12,True,True,8.0,True,200,36,18,0.22784539859993413,-0.2134857786291653,3585238.8074,0.0,12,2,4,19,11,12,12
15,True,True,4.0,True,200,36,18,0.22800562596198928,-0.2285917351265434,3715054.4732,0.0,11,1,3,18,10,11,11
6,True,True,8.0,False,200,29,12,0.23275951400021302,-0.25812889549878104,3454106.9827,0.0,14,4,6,22,12,14,14
9,True,False,,False,200,15,10,0.23227392753674792,-0.2722389621002108,3703289.8084,0.0,13,3,5,21,11,13,13
21,True,True,8.0,False,200,29,20,0.23446530818850864,-0.2935213611792633,3738717.7597,0.0,10,0,2,16,9,10,10
9,True,False,,True,200,22,8,0.23610988537672908,-0.314607499068593,3710451.8112,0.0,13,3,5,21,11,13,13
15,True,True,8.0,True,200,36,20,0.23781006081034567,-0.3248555839718299,3714315.3341,0.0,11,1,3,18,10,11,11
9,True,True,8.0,False,200,29,20,0.23961250332389436,-0.3361946570017844,3512106.9757,0.0,13,3,5,21,11,13,13
6,False,True,4.0,True,200,29,12,0.24201645258276888,-0.3721382606092447,3624279.0982,0.0,14,4,6,22,12,14,14
21,True,True,4.0,True,200,36,18,0.24081532938722208,-0.37648945273806067,3727236.9872,0.0,10,0,2,16,9,10,10
12,True,True,8.0,False,200,29,18,0.2436683023550336,-0.38788103571915356,3561970.5717,0.0,12,2,4,19,11,12,12
6,True,True,4.0,False,200,29,16,0.24512827459706696,-0.40765072797146873,3504323.9823,0.0,14,4,6,22,12,14,14
18,True,True,4.0,True,200,36,16,0.24421446824656828,-0.412557207050132,3733505.5082,0.0,10,0,2,17,9,11,11
6,True,True,8.0,True,200,36,20,0.24959149905958836,-0.44667118889277235,3422837.0018,0.0,14,4,6,22,12,14,14
9,True,False,,False,200,15,12,0.24911279736166114,-0.463389187228729,3743029.4154,0.0,13,3,5,21,11,13,13
18,True,True,4.0,True,200,36,20,0.24904360325085229,-0.46897379455888033,3601454.85,0.0,10,0,2,17,9,11,11
6,False,True,4.0,False,200,22,12,0.2505360991385584,-0.47044476282717884,3612159.5654,0.0,14,4,6,22,12,14,14
12,True,True,8.0,False,200,29,20,0.253346957709585,-0.5003257162940047,3606871.083,0.0,12,2,4,19,11,12,12
6,True,True,4.0,False,200,29,20,0.2594787127535977,-0.5772900444769837,3324149.041,0.0,14,4,6,22,12,14,14
6,True,True,8.0,True,200,36,16,0.2626338618484436,-0.6018125534747587,3512774.6846,0.0,14,4,6,22,12,14,14
6,False,True,4.0,False,200,22,10,0.26175700257216133,-0.6051096666930564,3613117.5774,0.0,14,4,6,22,12,14,14
9,True,True,8.0,False,200,29,18,0.26386080898755904,-0.6203191218235051,3524103.9355,0.0,13,3,5,21,11,13,13
6,True,True,8.0,False,200,29,14,0.2641653051172697,-0.6205476634326277,3497200.0524,0.0,14,4,6,22,12,14,14
12,True,True,8.0,True,200,36,20,0.2694393366285734,-0.6969778259698842,3671132.0636,0.0,12,2,4,19,11,12,12
21,True,True,4.0,True,200,36,20,0.26812482357865125,-0.7063914938067832,3671605.7603,0.0,10,0,2,16,9,10,10
6,True,False,,True,200,22,16,0.26982480877060266,-0.7130899802706843,3734558.1851,0.0,14,4,6,22,12,14,14
18,True,True,4.0,True,200,36,18,0.2703845770810922,-0.7315183440648123,3720118.341,0.0,10,0,2,17,9,11,11
6,False,True,4.0,True,200,29,10,0.27201263421111815,-0.7333499213117078,3627096.9998,0.0,14,4,6,22,12,14,14
6,False,True,4.0,True,200,29,8,0.2724877617086961,-0.7394105329856677,3596716.1494,0.0,14,4,6,22,12,14,14
6,True,True,4.0,False,200,29,18,0.27715939294592784,-0.7995639954253335,3504591.42,0.0,14,4,6,22,12,14,14
6,True,True,4.0,True,200,36,18,0.2797288076049399,-0.8330844813899969,3635307.4239,0.0,14,4,6,22,12,14,14
6,False,True,4.0,False,200,22,6,0.28005340204678025,-0.837341134541836,3537279.8114,0.0,14,4,6,22,12,14,14
6,True,False,,True,200,22,18,0.27978277899808435,-0.8418674721674888,3741957.8695,0.0,14,4,6,22,12,14,14
6,True,True,8.0,False,200,29,20,0.2852627539294394,-0.889732771595424,3431242.589,0.0,14,4,6,22,12,14,14
6,True,False,,False,200,15,6,0.28833744372060327,-0.9562236577742043,3689293.6845,0.0,14,4,6,22,12,14,14
6,True,True,8.0,True,200,36,18,0.29232782138156777,-0.9844974873201269,3546853.0529,0.0,14,4,6,22,12,14,14
6,True,False,,True,200,22,6,0.2923040547487735,-1.0104167716365136,3699140.9834,0.0,14,4,6,22,12,14,14
6,True,False,,True,200,22,20,0.2939099366278001,-1.0325674074234925,3739064.938,0.0,14,4,6,22,12,14,14
6,True,True,4.0,True,200,36,20,0.30471409619162326,-1.1751698919035927,3597023.145,0.0,14,4,6,22,12,14,14
6,False,True,4.0,False,200,22,8,0.30941550080117297,-1.242808669377573,3648368.2861,0.0,14,4,6,22,12,14,14
6,True,False,,False,200,15,14,0.31309933498387316,-1.3066447294751184,3746806.6212,0.0,14,4,6,22,12,14,14
6,True,False,,True,200,22,12,0.3149386621178034,-1.333825471998158,3756108.2064,0.0,14,4,6,22,12,14,14
6,True,False,,False,200,15,8,0.3189074878032405,-1.39301737470386,3756650.1799,0.0,14,4,6,22,12,14,14
6,True,False,,True,200,22,10,0.33411394697051927,-1.6266706944996354,3770541.5228,0.0,14,4,6,22,12,14,14
6,True,False,,True,200,22,8,0.33663840545608975,-1.666513219764398,3766884.3554,0.0,14,4,6,22,12,14,14
6,True,True,8.0,False,200,29,16,0.3415860406623934,-1.7096330588817712,3526189.8061,0.0,14,4,6,22,12,14,14
6,True,False,,True,200,22,14,0.3456246079844421,-1.8107727287151465,3788897.0446,0.0,14,4,6,22,12,14,14
6,True,True,8.0,False,200,29,18,0.3664196809284829,-2.1179406051893697,3550936.0242,0.0,14,4,6,22,12,14,14
6,True,False,,False,200,15,10,0.3715503879718801,-2.248268026803926,3790419.8794,0.0,14,4,6,22,12,14,14
6,True,False,,False,200,15,12,0.3829080496975371,-2.4498913035747165,3800704.956,0.0,14,4,6,22,12,14,14
